Tanggal,Ticker,Teks_Berita,Nilai_Sentimen,Harga_Penutupan_Saham,Volume,Target_Label
2026-04-30,BBCA.JK,"Saham BBCA Makin Anjlok, Ini Gara-garanya - investor.id",-0.6,5850.0,303405400,0
2026-04-30,BBCA.JK,"BBCA Mulai Aksi Buyback Rp5 Triliun, Begini Strategi BBCA Jaga Stabilitas Saham - Ajaib",0.6,5850.0,303405400,0
2026-04-30,BBCA.JK,BCA Mulai Lakukan Pembelian Kembali Saham Sejak 28 April - Babel Insight,0.0,5850.0,303405400,0
2026-04-30,BBCA.JK,"Mulai Lakukan Buyback, BCA: Ini Sinyal Optimisme di Pasar Modal - TopBusiness.id",0.6,5850.0,303405400,0
2026-04-30,BBCA.JK,"BCA Mulai Buyback Rp 5 Triliun, Intip Gerak Saham BBCA - Liputan6.com",0.6,5850.0,303405400,0
2026-04-30,BBCA.JK,"Buyback Saham BCA, Langkah Strategis Untuk Meningkatkan Nilai Pemegang Saham - RRI.co.id",0.6,5850.0,303405400,0
2026-04-30,BBCA.JK,Transaksi Saham BBCA Tembus Rp 2 Triliun di Pasar Negosiasi - Liputan6.com,0.0,5850.0,303405400,0
2026-04-30,BBCA.JK,BCA (BBCA) Realisasikan Buyback Saham Mulai 28 April 2026 - Bisnis.com,0.6,5850.0,303405400,0
2026-04-30,BBCA.JK,Bos BCA Agak Khawatir dengan AI - investor.id,0.0,5850.0,303405400,0
2026-04-30,BBCA.JK,Perbanas Institute Gandeng BCA Bedah Strategi Transformasi Digital di Perbankan - investor.id,0.0,5850.0,303405400,0
2026-04-29,BBCA.JK,"BCA (BBCA) Buyback Saham Rp 5 Triliun, Apa Dampaknya untuk Investor? - Kompas.com",0.6,5975.0,176050900,0
2026-04-29,BBCA.JK,BCA mulai realisasikan aksi buyback saham - ANTARA News,0.6,5975.0,176050900,0
2026-04-29,BBCA.JK,BCA Mulai Realisasikan Pembelian Kembali (Buyback) Saham - BCA.co.id,0.6,5975.0,176050900,0
2026-04-29,BBCA.JK,BCA Mulai Realisasikan Buyback Saham Rp5 Triliun - Infobanknews,0.6,5975.0,176050900,0
2026-04-29,BBCA.JK,BCA Mulai Lakukan Buyback Saham hingga Maret 2027 - kumparan.com - Kumparan.com,0.6,5975.0,176050900,0
2026-04-29,BBCA.JK,BCA (BBCA) Mulai Realisasikan Buyback Saham - Validnews,0.6,5975.0,176050900,0
2026-04-29,BBCA.JK,"Mulai Buyback Saham, BCA: Sinyal Optimisme Pasar - kontan.co.id",0.6,5975.0,176050900,0
2026-04-29,BBCA.JK,BCA Mulai Buyback Saham - detikFinance,0.6,5975.0,176050900,0
2026-04-29,BBCA.JK,BCA Mulai Buyback Saham - republika.co.id,0.6,5975.0,176050900,0
2026-04-29,BBCA.JK,BCA mulai buyback saham - MSN,0.6,5975.0,176050900,0
2026-04-29,BBCA.JK,BBCA Mulai Realisasikan Buyback Saham - investor.id,0.6,5975.0,176050900,0
2026-04-29,BBCA.JK,BCA Mulai Buyback Saham Maksimal Rp 5 Triliun Selama Setahun - Babel Insight,0.6,5975.0,176050900,0
2026-04-29,BBCA.JK,BCA Gelar Buyback Saham untuk Jaga Optimisme Pasar Modal - Babel Insight,0.6,5975.0,176050900,0
2026-04-29,BBCA.JK,"BCA Resmi Mulai Buyback Saham, Sinyal Optimisme di Pasar Modal - indoposco.id",0.6,5975.0,176050900,0
2026-04-29,BBCA.JK,BCA (BBCA) Mulai Realisasikan Pembelian Kembali (Buyback) Saham - Media Asuransi News,0.6,5975.0,176050900,0
2026-04-29,BBCA.JK,"Jaga Fundamental Bisnis, BCA Mulai Buyback Saham - RM.ID",0.6,5975.0,176050900,0
2026-04-29,BBCA.JK,Aksi Jual Bayangi Gerak Saham BBCA - investor.id,-0.6,5975.0,176050900,0
2026-04-29,BBCA.JK,BCA Mulai Buyback Saham Maksimal Rp 5 Triliun - AsatuNews.co.id,0.6,5975.0,176050900,0
2026-04-29,BBCA.JK,"BBCA Mulai Eksekusi Buyback Saham, Segini Nilai Maksimumnya - Emitennews.com",0.6,5975.0,176050900,0
2026-04-29,BBCA.JK,BCA Begins Implementing Stock Buybacks - BCA.co.id,0.6,5975.0,176050900,0
2026-04-29,BBCA.JK,BCA Realisasikan Buyback Saham - SWA.co.id,0.6,5975.0,176050900,0
2026-04-28,BBCA.JK,"Saham BBCA Ditekan Asing, Analis Kompak Pertahankan Buy dengan Potensi Cuan hingga 82% - InvestorTrust",0.0,6000.0,174091200,0
2026-04-28,BBCA.JK,"Siapkan Rp5 Triliun, BBCA Mulai Aksi Buyback Saham - Market - Bloomberg Technoz",0.6,6000.0,174091200,0
2026-04-28,BBCA.JK,"Saham Sentuh 5.900-an, Bos BBCA Buka Suara - investor.id",0.0,6000.0,174091200,0
2026-04-28,BBCA.JK,"Net Sell Hari Ini Rp 2,34 Triliun, Investor Asing Lanjut Lepas Saham BBCA, BBRI, dan BMRI - InvestorTrust",-0.6,6000.0,174091200,0
2026-04-28,BBCA.JK,Mencari Tanda-tanda Bottom Saham BBCA yang Terus Turun Perlahan - Mikir Duit,-0.6,6000.0,174091200,0
2026-04-28,BBCA.JK,"Perubahan Berarti di Saham BBCA, Mau ke Atas? - investor.id",0.0,6000.0,174091200,0
2026-04-28,BBCA.JK,BCA (BBCA) realisasikan buyback saham mulai 28 April 2026 - MSN,0.6,6000.0,174091200,0
2026-04-28,BBCA.JK,BCA mulai lakukan buyback saham hingga Maret 2027 - Shoesmart.co.id,0.6,6000.0,174091200,0
2026-04-28,BBCA.JK,Tekanan Jual di Saham BBCA - investor.id,-0.6,6000.0,174091200,0
2026-04-27,BBCA.JK,"Saham BBCA Sentuh Level Terendah, Saatnya Beli atau Wait and See? - Ajaib",0.0,5975.0,273263100,1
2026-04-27,BBCA.JK,"Saham BBCA Turun Tajam, Saatnya Beli? - detikFinance",-0.6,5975.0,273263100,1
2026-04-27,BBCA.JK,"IHSG gagal rebound, saham BBCA dan BBRI di level terendah - IDNFinancials",0.0,5975.0,273263100,1
2026-04-27,BBCA.JK,"Net Sell Capai Rp 2,03 Triliun, Investor Asing Lanjut Buang Saham BBCA, BMRI, dan BBRI - InvestorTrust",-0.6,5975.0,273263100,1
2026-04-27,BBCA.JK,"Fundamental Solid, Sentimen Makro Bikin Valuasi BBCA Makin Murah - InvestorTrust",0.0,5975.0,273263100,1
2026-04-27,BBCA.JK,Pemicu Jatuhnya Saham BBCA - investor.id,0.0,5975.0,273263100,1
2026-04-27,BBCA.JK,Fase Penting Saham BBCA - investor.id,0.0,5975.0,273263100,1
2026-04-27,BBCA.JK,"Investor Asing Buang Saham BBRI, BBCA, dan BMRI hingga Rp 16,1 Triliun per April, Bakal Berlanjut di Mei? - InvestorTrust",0.0,5975.0,273263100,1
2026-04-27,BBCA.JK,"Koreksi BBCA Diproyeksikan Makin Mereda, ini Analisisnya! - KabarBursa.com",0.0,5975.0,273263100,1
2026-04-27,BBCA.JK,Harga Wajar BBCA setelah Menyentuh Titik Nadir - investor.id,0.0,5975.0,273263100,1
2026-04-27,BBCA.JK,Prospek dan Fundamental Bank BCA Serta Ramalan Nasib Saham BBCA - Bisnis Indonesia Premium,0.6,5975.0,273263100,1
2026-04-27,BBCA.JK,Penerawangan Nasib Saham BBCA - investor.id,0.0,5975.0,273263100,1
2026-04-27,BBCA.JK,"Saham BBCA Diskon Gede, Bisa Raup Cuan 56% - investor.id",0.0,5975.0,273263100,1
2026-04-27,BBCA.JK,Target Harga Saham BCA Berubah Jadi Segini - Suara.com,0.0,5975.0,273263100,1
2026-04-27,BBCA.JK,"Saham BBCA Dihitung Ulang, Target Harga Berubah Drastis - investor.id",0.0,5975.0,273263100,1
2026-04-27,BBCA.JK,"Asing Banyak Lego, Saham BBCA Kena Pukulan Keras - investor.id",0.0,5975.0,273263100,1
2026-04-24,BBCA.JK,Kejadian Langka Saham BBCA dalam 10 Tahun - investor.id,0.0,6050.0,435004800,0
2026-04-24,BBCA.JK,Biang Kerok Saham BBCA Anjlok - investor.id,-0.6,6050.0,435004800,0
2026-04-24,BBCA.JK,"Net Sell Memuncak Rp 2 Triliun, Investor Asing Lego Jumbo Saham BBCA - InvestorTrust",-0.6,6050.0,435004800,0
2026-04-24,BBCA.JK,"Rekomendasi Saham Hari Ini: BBCA, ICBP, MIKA & PTRO, IHSG Berpotensi Melemah Lagi - Bareksa.com",-0.6,6050.0,435004800,0
2026-04-24,BBCA.JK,Saham BBCA Babak Belur Dihajar Asing - investor.id,0.0,6050.0,435004800,0
2026-04-24,BBCA.JK,"Laba Q1 2026 Sesuai Ekspektasi, Rekomendasi BBCA Buy Target Harga Rp9.200 - Bareksa.com",0.6,6050.0,435004800,0
2026-04-24,BBCA.JK,Potensi Saham BBCA ke Batas Atas - investor.id,0.0,6050.0,435004800,0
2026-04-24,BBCA.JK,Saham BCA Merosot ke Level Terendah dalam Tiga Tahun Terakhir - AsatuNews.co.id,-0.6,6050.0,435004800,0
2026-04-24,BBCA.JK,BCA Ubah Kebijakan Pembagian Dividen Jadi Tiga Kali Setahun - Babel Insight,0.6,6050.0,435004800,0
2026-04-24,BBCA.JK,Saham BCA Anjlok ke Level Terendah Akibat Pelemahan Rupiah - AsatuNews.co.id,-0.6,6050.0,435004800,0
2026-04-24,BBCA.JK,BCA Hadirkan Australia Travel Fair - investor.id,0.0,6050.0,435004800,0
2026-04-24,BBCA.JK,BCA: Dampak Pelemahan Rupiah ke Portofolio Kredit Tak Signifikan - Bloomberg Technoz,0.0,6050.0,435004800,0
2026-04-24,BBCA.JK,BCA Sebut Pelemahaan Rupiah Tidak Berdampak Signifikan pada Kredit - AsatuNews.co.id,0.0,6050.0,435004800,0
2026-04-23,BBCA.JK,"BCA (BBCA) Siap Bagikan Dividen Interim di Kuartal II, III dan IV 2026 - InvestorTrust",0.6,6425.0,95913400,0
2026-04-23,BBCA.JK,"Bukan BBCA, Saham Bank Ini Diramal Ngacir 54%, Laba Rp53 Triliun - investor.id",0.6,6425.0,95913400,0
2026-04-23,BBCA.JK,"Saham BBCA Murah, Asing Keluar Rp 22 T tapi Bakal Balik Lagi - investor.id",0.0,6425.0,95913400,0
2026-04-23,BBCA.JK,🏦 BBCA: Laba Bersih 1Q26 +4% YoY; Pembagian Dividen Kuartalan - Stockbit Snips,0.6,6425.0,95913400,0
2026-04-23,BBCA.JK,Kabar Gembira! BCA Siap Tebar Dividen Interim 3 Kali Setahun Mulai 2026 - Infobanknews,0.6,6425.0,95913400,0
2026-04-23,BBCA.JK,Direktur BCA Bocorkan Rencana Bagi-bagi Dividen Interim 2026 - Bloomberg Technoz,0.6,6425.0,95913400,0
2026-04-23,BBCA.JK,"BCA Cetak Laba Rp 14,7 T dalam 3 Bulan, Naik 3,8% - detikFinance",0.6,6425.0,95913400,0
2026-04-23,BBCA.JK,"BBCA Raup Laba Rp14,7 Triliun - investor.id",0.6,6425.0,95913400,0
2026-04-23,BBCA.JK,"Naik 3,8%, BBCA Cetak Laba Rp14,7 T di Kuartal I-2026 - Bloomberg Technoz",0.6,6425.0,95913400,0
2026-04-23,BBCA.JK,Ramadan dan Idulfitri Bikin Laba BCA (BBCA) Melambung pada Kuartal I 2026 - Katadata.co.id,0.6,6425.0,95913400,0
2026-04-23,BBCA.JK,"Portofolio Kredit Valas Kecil, Pelemahan Rupiah Tak Ganggu Kinerja BCA - Liputan6.com",0.0,6425.0,95913400,0
2026-04-22,BBCA.JK,Saham BBCA Bisa Mentok ke Batas Atas - investor.id,0.0,6450.0,95673700,0
2026-04-22,BBCA.JK,Cheng Yu Pilihan Vice President of Digital Services PT Bank Central Asia Tbk Jayanti Zainal: Le Zai Qi Zhong - harian.disway.id - HARIAN DISWAY,0.0,6450.0,95673700,0
2026-04-21,BBCA.JK,Saham BBCA Bisa Mentok Segini - investor.id,0.0,6500.0,112151900,0
2026-04-21,BBCA.JK,"Net Buy Berlanjut Rp 473,92 Miliar, Investor Asing Borong Saham Berikut - InvestorTrust",0.0,6500.0,112151900,0
2026-04-21,BBCA.JK,"Ada yang Ramal BBCA Naik 54%, Waktunya Serok? - investor.id",0.6,6500.0,112151900,0
2026-04-21,BBCA.JK,Direksi BCA Borong Saham Perusahaan Saat Harga Terkoreksi - Babel Insight,-0.6,6500.0,112151900,0
2026-04-21,BBCA.JK,"Direksi Borong BBCA Saat Turun, Sinyal Kuat Harga Bisa Tembus Rp10.000? - Medcom.id",-0.6,6500.0,112151900,0
2026-04-21,BBCA.JK,"Saham BBCA Dibanting, Asing Banyak Lepas - investor.id",0.0,6500.0,112151900,0
2026-04-20,BBCA.JK,"Manajemen BCA Tambah Kepemilikan Saham BBCA, Pasar Cermati Sinyal Positif - InvestorTrust",0.6,6475.0,137435700,1
2026-04-20,BBCA.JK,"Kinerja Tergolong Solid, Tapi Kenapa Saham BBCA Masih Terus Tertekan? - kontan.co.id",0.0,6475.0,137435700,1
2026-04-20,BBCA.JK,Rebound saham bank menanti rupiah pulih dan rebalancing MSCI - IDNFinancials,0.0,6475.0,137435700,1
2026-04-20,BBCA.JK,"Saham BCA diborong direksi saat turun, Pengamat: Kesempatan langka - Antara News jatim",-0.6,6475.0,137435700,1
2026-04-20,BBCA.JK,"Direksi BCA Kompak Borong Saham, Pengamat Proyeksi Saham BBCA Tembus Segini - Infobanknews",0.0,6475.0,137435700,1
2026-04-20,BBCA.JK,"Direksi BCA Borong Saham Saat Turun, Sinyal Kuat ke Investor - Kompas.com",-0.6,6475.0,137435700,1
2026-04-20,BBCA.JK,Potensi Naik Saham BBCA - investor.id,0.6,6475.0,137435700,1
2026-04-20,BBCA.JK,"Direksi BCA Borong Saham, BBCA Siap Menuju Level Rp10.000 - beritajatim.com",0.0,6475.0,137435700,1
2026-04-20,BBCA.JK,Direksi BCA Borong Saham Perusahaan Saat Harga Berfluktuasi - AsatuNews.co.id,0.0,6475.0,137435700,1
2026-04-20,BBCA.JK,"Saat Orang Dalam Borong BBCA, Sinyal Emas di Balik Diskon Saham Bank Raksasa - TIMES Indonesia",0.0,6475.0,137435700,1
2026-04-17,BBCA.JK,"Saham BBCA Babak Belur Diamuk Asing, Harga Bisa ke Sini - investor.id",0.0,6425.0,156827000,1
2026-04-17,BBCA.JK,"Asing Lepas Saham BBCA, BBRI, dan BMRI, IHSG Gagal Bertahan di Level 7.700 - Kompas.com",0.0,6425.0,156827000,1
2026-04-17,BBCA.JK,Saham BBCA Bisa Jadi Segini - investor.id,0.0,6425.0,156827000,1
2026-04-16,BBCA.JK,Saham BBCA Jangan-jangan Jadi Segini - investor.id,0.0,6525.0,122416100,0
2026-04-16,BBCA.JK,"Asing Net Sell Rp1,01 Triliun, Saham BBCA, BBRI, hingga BMRI Paling Banyak Dilego - Infobanknews",-0.6,6525.0,122416100,0
2026-04-16,BBCA.JK,"Menggempur Saham Termasyhur, dari BBCA hingga BUMI - investor.id",0.0,6525.0,122416100,0
2026-04-16,BBCA.JK,"Asing Buang Saham BBCA, Harga Bisa Mentok ke Sini - investor.id",0.0,6525.0,122416100,0
2026-04-15,BBCA.JK,Investor Asing Diam-diam Borong Saham BBCA dan BBRI - Bloomberg Technoz,0.0,6550.0,104880600,0
2026-04-15,BBCA.JK,"IHSG Melonjak 2,34 Persen, Asing Borong Saham BBCA, BBRI, dan EMAS - Kompas.com",0.0,6550.0,104880600,0
2026-04-14,BBCA.JK,Investor Asing Diam-diam Borong Saham BBCA dan BBRI - Market - Bloomberg Technoz,0.0,6750.0,105010900,0
2026-04-14,BBCA.JK,"Saham BBCA Jadi Rebutan Asing, Harga Bisa Bergerak ke Sini - investor.id",0.0,6750.0,105010900,0
2026-04-13,BBCA.JK,Pergeseran di Saham BBCA - investor.id,0.0,6575.0,81955300,1
2026-04-13,BBCA.JK,Nasabah BCA Wajib Tahu! Rekening Saldo Rp 0 selama 6 Bulan Bakal Ditutup Otomatis - Liputan6.com,0.0,6575.0,81955300,1
2026-04-13,BBCA.JK,BCA Bakal Tutup Rekening yang Saldonya Rp 0 Selama 6 Bulan - detikFinance,0.0,6575.0,81955300,1
2026-04-13,BBCA.JK,"Nasabah BCA Jangan Lupa, jika Saldo Rekening Rp0 selama 6 Bulan, Ditutup Otomatis - netralnews.com",0.0,6575.0,81955300,1
2026-04-10,BBCA.JK,"Kinerja 2025 Ciamik, Saham BBCA Diproyeksi Kembali Menguat - Infobanknews",0.6,6700.0,167336100,0
2026-04-10,BBCA.JK,Situasi di Saham BBCA Mulai Berbeda - investor.id,0.0,6700.0,167336100,0
2026-04-10,BBCA.JK,Analis Proyeksikan Saham BCA Bangkit Usai Koreksi 19% di Awal 2026 - kabarbisnis.com,0.0,6700.0,167336100,0
2026-04-10,BBCA.JK,"Saham BBCA Melonjak 2,32% pada Perdagangan 10 April 2026 - AsatuNews.co.id",0.0,6700.0,167336100,0
2026-04-10,BBCA.JK,Anomali Pasar: Saham BCA Diprediksi Melejit Seiring Koreksi Valuasi yang Dinanti - Obor Keadilan,0.0,6700.0,167336100,0
2026-04-10,BBCA.JK,"IHSG ke level tertinggi 1 bulan, didukung saham bank hingga Barito - IDNFinancials",0.0,6700.0,167336100,0
2026-04-10,BBCA.JK,"Jarang Terjadi! Saham BCA Undervalued, Analis Prediksi Harganya Bakal Lari - VIVA.co.id",0.6,6700.0,167336100,0
2026-04-09,BBCA.JK,"Saham BBCA Terkoreksi 19% di 2026, Ini Sinyal yang Perlu Kamu Cermati! - Ajaib",-0.6,6475.0,182409800,1
2026-04-09,BBCA.JK,Analis Soal Saham BBCA: Fenomena Undervalued Langka untuk Saham Kelas Kasta Tertinggi - kontan.co.id,0.6,6475.0,182409800,1
2026-04-09,BBCA.JK,"Saham Big Banks Melemah Lagi, BBCA Paling Banyak Dijual Asing Pada Kamis (9/4/2026) - TradingView",-0.6,6475.0,182409800,1
2026-04-09,BBCA.JK,"Fundamental Kuat, Saham BBCA Diproyeksi Bangkit Usai Koreksi Dalam - Kompas.com",0.0,6475.0,182409800,1
2026-04-09,BBCA.JK,"Asing Tiba-tiba Net Sell Gede, BBCA hingga BUMI Dilibas - investor.id",-0.6,6475.0,182409800,1
2026-04-09,BBCA.JK,Saham BBCA Bisa Naik ke Pucuk - investor.id,0.6,6475.0,182409800,1
2026-04-09,BBCA.JK,Berapa Gaji Magang Bakti BCA 2026? Intip Besarannya - Bloomberg Technoz,0.0,6475.0,182409800,1
2026-04-08,BBCA.JK,"Kinerja 2025 Solid, Saham BBCA Diproyeksi Menguat - MetroTVNews.com",0.6,6750.0,163594000,0
2026-04-08,BBCA.JK,"Dividen Rp 281 per Saham Cair, Situasi Mulai Berubah - investor.id",0.6,6750.0,163594000,0
2026-04-08,BBCA.JK,"Sudah Turun 19%, Saham BBCA Diproyeksi Bangkit Oleh Warta Ekonomi - Investing.com Indonesia",-0.6,6750.0,163594000,0
2026-04-08,BBCA.JK,"Cek Rekening! Hari Ini Pembayaran Dividen Saham BBCA, Total Dana Rp 41,3 Triliun - TradingView",0.6,6750.0,163594000,0
2026-04-08,BBCA.JK,"Cek Rekening! Hari Ini Pembayaran Dividen Saham BBCA, Total Dana Rp 41,3 Triliun - kontan.co.id",0.6,6750.0,163594000,0
2026-04-08,BBCA.JK,"BCA Salurkan Dividen Hari Ini Rp 281 per Saham, Total Rp 41,3 T untuk Tahun 2025 - kumparan.com - Kumparan.com",0.6,6750.0,163594000,0
2026-04-08,BBCA.JK,"Dividen Saham BCA (BBCA) Cair Rp 41,3 Triliun pada 8 April 2026 di Tengah Pelemahan Harga - AsatuNews.co.id",0.6,6750.0,163594000,0
2026-04-08,BBCA.JK,BCA Salurkan Dividen Tunai Rp 336 per Saham untuk Tahun Buku 2025 - AsatuNews.co.id,0.6,6750.0,163594000,0
2026-04-08,BBCA.JK,Torehan Kinerja Cemerlang di 2025 Diproyeksi Dongkrak Saham BBCA - RM.ID,0.6,6750.0,163594000,0
2026-04-08,BBCA.JK,"Resmi Cair Hari Ini, Dividen BBCA Rp 336 Per Saham - Kompas.com",0.6,6750.0,163594000,0
2026-04-08,BBCA.JK,"Dividen BCA (BBCA) cair besok Rabu (8/4), segini estimasi jatah Anthoni Salim - MSN",0.6,6750.0,163594000,0
2026-04-08,BBCA.JK,Yang Bikin Saham BBRI BBCA Cs Loncat - investor.id,0.0,6750.0,163594000,0
2026-04-08,BBCA.JK,Dividen BBCA Tanpa ‘ Trap - investor.id,0.6,6750.0,163594000,0
2026-04-08,BBCA.JK,"Bank BCA Tertekan di Awal 2026, Analis Soroti Kinerja Keuangan Kuat di Tengah Koreksi Pasar - MediaKompeten",0.0,6750.0,163594000,0
2026-04-08,BBCA.JK,"Saham BBCA Hari Ini 8 April 2026 Naik 4,62%, Sentuh Level Segini - Liputan6.com",0.6,6750.0,163594000,0
2026-04-08,BBCA.JK,"Saham BBCA Diproyeksikan Bakal Melejit Kembali, Punya Fundamental Kuat “Anti Badai” - Suara Merdeka Jakarta - Suara Merdeka Jakarta",0.0,6750.0,163594000,0
2026-04-07,BBCA.JK,"Saham BBCA Disorot, Fenomena Langka - investor.id",0.0,6500.0,65168700,1
2026-04-07,BBCA.JK,"Dividen BCA (BBCA) Cair Besok Rabu (8/4), Segini Estimasi Jatah Anthoni Salim - Bisnis.com",0.6,6500.0,65168700,1
2026-04-06,BBCA.JK,"Saham BBCA Melemah Lagi, Simak Penyebab Tekanannya - Ajaib",-0.6,6500.0,57914600,0
2026-04-06,BBCA.JK,"Saham BBCA Mendadak Anjlok Lagi, Ini Biang Keroknya - investor.id",-0.6,6500.0,57914600,0
2026-04-06,BBCA.JK,"IHSG Dibuka Turun: Saham BBCA, BMRI, dan ANTM Masih Menguat - TopBusiness.id",0.0,6500.0,57914600,0
2026-04-06,BBCA.JK,"Deretan Portofolio Saham Jumbo Anthoni Salim, dari DCII, DNET, EMTK Hingga BBCA - Bisnis Indonesia Premium",0.0,6500.0,57914600,0
2026-04-06,BBCA.JK,Saham BBCA Siap Melonjak ke Batas Atas - investor.id,0.0,6500.0,57914600,0
2026-04-06,BBCA.JK,"BBRI BBCA Cs Diterawang, Nasibnya Bisa Begini - investor.id",0.0,6500.0,57914600,0
2026-04-06,BBCA.JK,Green SM Tandatangani Pinjaman Investasi Rp 600 dengan BCA - Marketeers,0.0,6500.0,57914600,0
2026-04-02,BBCA.JK,Kisi-Kisi Target Harga Saham BCA (BBCA) Terbaru Jelang Guyuran Dividen 2026 - Bisnis Indonesia Premium,0.6,6575.0,72725400,0
2026-04-02,BBCA.JK,"Terdampak Gempa Bitung, BCA (BBCA) Hentikan Sementara Operasional 2 Kantor Cabang - Bisnis.com",0.0,6575.0,72725400,0
2026-04-02,BBCA.JK,"BCA Buka Lowongan Relationship Officer Program 2026, Ini Benefit, Syarat, dan Tahapan Seleksinya - Kompas.tv",0.0,6575.0,72725400,0
2026-04-01,BBCA.JK,Valuasi BBCA plus Target Harga Saham - investor.id,0.0,6500.0,132798100,1
2026-04-01,BBCA.JK,"IHSG rebound didukung de-eskalasi perang Iran, saham bank menguat - IDNFinancials",0.6,6500.0,132798100,1
2026-03-31,BBCA.JK,Saham BBCA Jadi Sorotan: Peluang Rebound di Tengah Tekanan Asing - Ajaib,-0.6,6450.0,150657800,1
2026-03-31,BBCA.JK,"Cek Rekomendasi Teknikal Saham BBCA, PWON, dan BUMI untuk Rabu (1/4) - kontan.co.id",0.0,6450.0,150657800,1
2026-03-31,BBCA.JK,"Genera-Z Berbakti 2026 Dimulai, BCA Tawarkan Pendanaan dan Ajak Mahasiswa Kembangkan Desa Wisata - BCA.co.id",0.0,6450.0,150657800,1
2026-03-30,BBCA.JK,Aksi Borong Direksi BBCA: Sinyal Kuat Saham Bank BCA? - Ajaib,0.0,6450.0,242278100,0
2026-03-30,BBCA.JK,"IHSG melemah tertekan saham bank, dolar AS tembus Rp17.002 - IDNFinancials",-0.6,6450.0,242278100,0
2026-03-30,BBCA.JK,"BBCA Jadi Target Jual Asing, Net Sell Tembus Rp 2 Triliun - CNBC Indonesia",-0.6,6450.0,242278100,0
2026-03-30,BBCA.JK,Saham BBCA Siap-siap Jadi Segini - investor.id,0.0,6450.0,242278100,0
2026-03-30,BBCA.JK,Saham BCA Melorot 10 persen jelang Pembayaran Deviden - RRI.co.id,0.0,6450.0,242278100,0
2026-03-27,BBCA.JK,Direktur BCA (BBCA) Nilai Sentimen Global Jadi Faktor Utama di Balik Tekanan Saham Bank - InvestorTrust,-0.6,6700.0,283556500,0
2026-03-27,BBCA.JK,Bursa Efek Jakarta & Indonesia | Pasar Keuangan Indonesia - IDNFinancials,0.0,6700.0,283556500,0
2026-03-27,BBCA.JK,"Breaking News! IHSG Turun 1%, Saham BBCA Rontok - CNBC Indonesia",-0.6,6700.0,283556500,0
2026-03-27,BBCA.JK,Jahja Setiaatmadja Borong 802.056 Saham BCA (BBCA) - Media Asuransi News,0.0,6700.0,283556500,0
2026-03-27,BBCA.JK,Saham BBCA Malah Anjlok - investor.id,-0.6,6700.0,283556500,0
2026-03-27,BBCA.JK,Saham BBCA Babak Belur - investor.id,0.0,6700.0,283556500,0
2026-03-26,BBCA.JK,"Direksi dan Komisaris BCA (BBCA) Serentak Borong Saham, Fokus Investasi Jangka Panjang - KabarBursa.com",0.0,6875.0,145934900,0
2026-03-26,BBCA.JK,FAC Sekuritas - FAC Sekuritas,0.0,6875.0,145934900,0
2026-03-26,BBCA.JK,"Kemarin Turun Harga, Pembayaran Dividen Saham BBCA Cum Date Hari Ini (27/3) - TradingView",0.0,6875.0,145934900,0
2026-03-26,BBCA.JK,"Direksi dan Komisaris BBCA Kompak Borong Saham Senilai Total Rp26,1 Miliar Oleh Warta Ekonomi - Investing.com Indonesia",0.0,6875.0,145934900,0
2026-03-26,BBCA.JK,"Direksi dan komisaris BCA kembali serok saham, segini dana yang digelontorkan - MSN",0.0,6875.0,145934900,0
2026-03-26,BBCA.JK,"Direksi dan Komisaris BCA Kembali Serok Saham, Segini Dana yang Digelontorkan - kontan.co.id",0.0,6875.0,145934900,0
2026-03-25,BBCA.JK,"Saham BBCA dan BBNI Siap Bagikan Dividen Setelah Lebaran 2026, Simak Jadwalnya! - Ajaib",0.6,6900.0,314281100,0
2026-03-25,BBCA.JK,"Lianawaty Suwono Borong Saham BCA (BBCA), Tujuannya Demi Ini! - Media Asuransi News",0.0,6900.0,314281100,0
2026-03-25,BBCA.JK,BCA Sebut Outlook Negatif Lembaga Rating Dipicu Sentimen Global - Bloomberg Technoz,-0.6,6900.0,314281100,0
2026-03-25,BBCA.JK,Informasi Penyesuaian Status Rekening Giro dan Tabungan - BCA.co.id,0.0,6900.0,314281100,0
2026-03-25,BBCA.JK,"BCA (BBCA) Cetak Laba Bersih Rp9,22 Triliun per Februari 2026 - Bisnis.com",0.6,6900.0,314281100,0
2026-03-17,BBCA.JK,"Direktur Borong Saham BBCA, Habiskan Dana Rp2,02 Miliar Oleh Warta Ekonomi - Investing.com Indonesia",0.0,6775.0,160903900,1
2026-03-17,BBCA.JK,Saham BBCA Siap Naik ke Pucuk - investor.id,0.6,6775.0,160903900,1
2026-03-16,BBCA.JK,Bursa Efek Jakarta & Indonesia | Pasar Keuangan Indonesia - IDNFinancials,0.0,6750.0,127757500,1
2026-03-16,BBCA.JK,"Investor BBCA Siap Cuan! Dividen Rp 281/Saham Cair 8 April, Simak Tata Caranya - kontan.co.id",0.6,6750.0,127757500,1
2026-03-16,BBCA.JK,Saham BBCA Mengarah ke Pucuk - investor.id,0.0,6750.0,127757500,1
2026-03-13,BBCA.JK,Terobosan! BCA Bakal Tebar Dividen Interim 3 Kali Pada Tahun 2026 - BCA.co.id,0.6,6875.0,107940600,0
2026-03-13,BBCA.JK,Dividen BBCA 2026: Jadwal dan Rencana Dividen Kuartalan BCA - Ajaib,0.6,6875.0,107940600,0
2026-03-13,BBCA.JK,"Data Terbaru Kepemilikan Saham BUMI, TLKM, BBNI, RAJA, BBCA, dan ADRO di Atas 1% - Ajaib",0.0,6875.0,107940600,0
2026-03-13,BBCA.JK,"BBCA Bagi Dividen Rp 41,3 Triliun, Setujui Buyback Rp 5 T, Ini Rekomendasi Sahamnya - TradingView",0.6,6875.0,107940600,0
2026-03-13,BBCA.JK,Dividen BCA Rp336 per Saham Tahun Buku 2025 - maybanktrade.co.id,0.6,6875.0,107940600,0
2026-03-13,BBCA.JK,"Resmi Bagi Dividen, Pengamat Nilai BCA (BBCA) Mampu Jaga Pertumbuhan Bisnis yang Sehat - KabarBursa.com",0.6,6875.0,107940600,0
2026-03-13,BBCA.JK,"Bagi Dividen & Siap Buyback, ini Deretan Katalis Saham BBCA di 2026 - KabarBursa.com",0.6,6875.0,107940600,0
2026-03-13,BBCA.JK,Breakthrough! BCA to Distribute Interim Dividends Three Times in 2026 - BCA.co.id,0.6,6875.0,107940600,0
2026-03-13,BBCA.JK,Siap-siap Saham BBCA - investor.id,0.0,6875.0,107940600,0
2026-03-13,BBCA.JK,BCA (BBCA) Bagi Dividen Rp41 Triliun - investor.id,0.6,6875.0,107940600,0
2026-03-12,BBCA.JK,Hasil Rapat Umum Pemegang Saham Tahunan BCA Tahun 2026 - BCA.co.id,0.0,6900.0,98787400,0
2026-03-12,BBCA.JK,"BBCA bagi dividen Rp41,3 triliun, intip jatah Grup Djarum dan Salim - IDNFinancials",0.6,6900.0,98787400,0
2026-03-12,BBCA.JK,"Saham BBCA Menguat Hampir 3%, Jadi Motor Rebound IHSG ke Zona Hijau - Ajaib",0.6,6900.0,98787400,0
2026-03-12,BBCA.JK,RUPS BBCA Setujui Dividen Rp336 per Saham & Buyback Rp5 T - Bloomberg Technoz,0.6,6900.0,98787400,0
2026-03-12,BBCA.JK,IHSG Rebound ke Zona Hijau Berkat Saham BBCA - Bloomberg Technoz,0.0,6900.0,98787400,0
2026-03-12,BBCA.JK,"Titik Masuk BBCA, Harga Bisa Naik Tinggi - investor.id",0.6,6900.0,98787400,0
2026-03-12,BBCA.JK,"BCA Lakukan Buyback Saham Rp5 Triliun, Ini Tujuannya - Infobanknews",0.6,6900.0,98787400,0
2026-03-12,BBCA.JK,RUPST BCA Restui Pembagian Dividen dan Buyback Saham Rp5 Triliun - TradingView,0.6,6900.0,98787400,0
2026-03-12,BBCA.JK,"BCA Tebar Dividen Rp41,3 Triliun, Setara Rp336 per Saham Oleh Warta Ekonomi - Investing.com Indonesia",0.6,6900.0,98787400,0
2026-03-12,BBCA.JK,BCA Bakal Tebar Dividen Interim 3 Kali Pada Tahun 2026 - TradingView,0.6,6900.0,98787400,0
2026-03-12,BBCA.JK,BCA (BBCA) Tebar Dividen Tahun Buku 2025 Rp336 per Saham - IDX Channel,0.6,6900.0,98787400,0
2026-03-12,BBCA.JK,"BCA (BBCA) Tebar Dividen Tahun Buku 2025 Rp336 per Saham atau Setara Rp41,3 Triliun - Bisnis.com",0.6,6900.0,98787400,0
2026-03-12,BBCA.JK,Results of BCA's Annual General Meeting of Shareholders 2026 - BCA.co.id,0.0,6900.0,98787400,0
2026-03-12,BBCA.JK,"Siap-siap, Saham BBCA Tembus ke Sini - investor.id",0.0,6900.0,98787400,0
2026-03-11,BBCA.JK,"Saham BBCA Jelang RUPST, Dividen Berpotensi Tembus Rp40 Triliun - Ajaib",0.6,6825.0,91723400,1
2026-03-11,BBCA.JK,Saham BBCA Jangan-jangan Tembus ke Sini - investor.id,0.0,6825.0,91723400,1
2026-03-11,BBCA.JK,Jadwal Operasional BCA pada Libur dan Cuti Bersama Idulfitri 2026 - BCA.co.id,0.0,6825.0,91723400,1
2026-03-10,BBCA.JK,"BBCA, BBRI, BMRI, hingga BBNI Awali 2026 dengan Kinerja Kuat, Bagaimana Prospek Saham Bank? - Ajaib",0.6,6975.0,129977900,0
2026-03-10,BBCA.JK,"Gelar RUPST 12 Maret, BCA Bahas Dividen Hingga Buyback Saham - Bloomberg Technoz",0.6,6975.0,129977900,0
2026-03-09,BBCA.JK,Saham BBCA Masih Menarik! Simak Analisis Kinerja dan Potensi Kenaikan Saham 2026 - Ajaib,0.6,6875.0,150426400,1
2026-03-09,BBCA.JK,"Laba BBCA Diramal Rp60 Triliun, Saham Bakal Begini - investor.id",0.6,6875.0,150426400,1
2026-03-09,BBCA.JK,Menakar Potensi Rebound Saham BBCA di Tengah Gencarnya Aksi Jual Investor Asing - KONTAN,-0.6,6875.0,150426400,1
2026-03-09,BBCA.JK,"Laba BCA Diproyeksikan Tumbuh pada 2026, Simak Rekomendasi Saham BBCA - Kompas.com",0.6,6875.0,150426400,1
2026-03-09,BBCA.JK,Saham BBCA Jangan-jangan Jadi Segini - investor.id,0.0,6875.0,150426400,1
2026-03-09,BBCA.JK,Pemberitahuan Terkait Rencana Perubahan Bank Kustodian Reksa Dana Bahana Pendapatan Tetap Makara Prima Kelas G - BCA.co.id,0.0,6875.0,150426400,1
2026-03-09,BBCA.JK,Saham BBCA Bisa Naik ke Pucuk - investor.id,0.6,6875.0,150426400,1
2026-03-09,BBCA.JK,Notification Regarding Custodian Bank Replacement Plan for Bahana Pendapatan Tetap Makara Prima Kelas G Mutual Fund - BCA.co.id,0.0,6875.0,150426400,1
2026-03-06,BBCA.JK,Fund Manager Asing Menyerok Saham Bank Central Asia (BBCA) Saat Harga Drop - kontan.co.id,0.0,7000.0,102725700,0
2026-03-06,BBCA.JK,Titik Tertinggi Saham BBCA - investor.id,0.0,7000.0,102725700,0
2026-03-06,BBCA.JK,Deretan Fund Manager Asing yang Akumulasi Saham BBCA - investor.id,0.0,7000.0,102725700,0
2026-03-05,BBCA.JK,"Saham BBCA Banyak Dilepas Asing, Bagaimana Prospek Pergerakannya? - Ajaib",0.6,7100.0,110256300,0
2026-03-05,BBCA.JK,"Anthoni Salim Pegang 1,15% Saham BBCA - Bloomberg Technoz",0.0,7100.0,110256300,0
2026-03-04,BBCA.JK,Duo Investor Raksasa Serok Saham BCA (BBCA) Kuartal I/2026 - Bisnis Indonesia Premium,0.0,6875.0,216518700,1
2026-03-04,BBCA.JK,"Saham BBCA Jatuh ke Bawah Rp7.000, Sentuh Level Terendah dalam Tiga Tahun Oleh Warta Ekonomi - Investing.com Indonesia",0.0,6875.0,216518700,1
2026-03-04,BBCA.JK,Saham BBCA Jadi Semurah Ini - investor.id,0.0,6875.0,216518700,1
2026-03-04,BBCA.JK,"Siap Sediakan Uang Tunai Selama Lebaran 2026, Begini Cara Penukaran Uang Pecahan Kecil di BCA! - BCA.co.id",0.0,6875.0,216518700,1
2026-03-04,BBCA.JK,"PT Bank Central Asia Tbk Siapkan Rp 65,7 Triliun! Ini Cara Tukar Uang Baru di BCA untuk Lebaran 2026 - Jatimtimes",0.0,6875.0,216518700,1
2026-03-02,BBCA.JK,Saham BBCA Lebih Murah dari Zaman Covid-19 - investor.id,0.0,7025.0,156182700,1
2026-03-02,BBCA.JK,"Jelang Lebaran 2026, BCA Pasok Uang Tunai Rp65,7 Triliun - Stabilitas.id",0.0,7025.0,156182700,1
2026-02-27,BBCA.JK,"Daftar Saham Masuk Radar Jual Asing, BBCA Masih Langganan - CNBC Indonesia",-0.6,7175.0,193104700,0
2026-02-27,BBCA.JK,Saham BBCA Bisa ke Batas Atas - investor.id,0.0,7175.0,193104700,0
2026-02-26,BBCA.JK,"Arus Balik di Saham BBCA, Mumpung Target Harga Masih Jauh - investor.id",0.0,7300.0,127811900,0
2026-02-23,BBCA.JK,"Laba Bank BCA (BBCA) Tembus Rp 5 Triliun di Januari 2026, Begini Rekomendasi Analis - TradingView",0.6,7300.0,100443800,0
2026-02-23,BBCA.JK,"Rayakan HUT ke-69, BCA Tebar Promo dan Diskon Spesial Hingga 69% untuk Nasabah - BCA.co.id",0.0,7300.0,100443800,0
2026-02-20,BBCA.JK,"IHSG kembali turun, giliran saham bank unggul di LQ45 - IDNFinancials",-0.6,7225.0,122959500,1
2026-02-18,BBCA.JK,🏦 BBCA Bank–Only Jan 2026: Laba Bersih +6% YoY - Stockbit Snips,0.6,7275.0,125301200,0
2026-02-18,BBCA.JK,Jadwal Operasional BCA Selama Libur dan Cuti Bersama Imlek 2026 - BCA.co.id,0.0,7275.0,125301200,0
2026-02-18,BBCA.JK,BCA Operational Schedule During the 2026 Chinese New Year Holidays and Collective Leave - BCA.co.id,0.0,7275.0,125301200,0
2026-02-18,BBCA.JK,Saham BBCA Diestimasi Begini - investor.id,0.0,7275.0,125301200,0
2026-02-13,BBCA.JK,"RUPST BCA 12 Maret 2026: Bahas Dividen, Buyback Saham hingga Perubahan Direksi - TradingView",0.6,7200.0,356015300,1
2026-02-13,BBCA.JK,BBCA Jadi Saham Murah - investor.id,0.0,7200.0,356015300,1
2026-02-13,BBCA.JK,Ini Penyebab Saham BBCA Anjlok - investor.id,-0.6,7200.0,356015300,1
2026-02-13,BBCA.JK,"Saham BBCA Turun Terus, Segini Batas Bawahnya - investor.id",-0.6,7200.0,356015300,1
2026-02-13,BBCA.JK,"Dana Asing Rp1,49 Triliun Keluar RI, Saham BBCA Paling Banyak Dibuang Oleh Warta Ekonomi - Investing.com Indonesia",0.0,7200.0,356015300,1
2026-02-13,BBCA.JK,"Saham BCA (BBCA) Anjlok, Muncul Manuver Senyap - investor.id",-0.6,7200.0,356015300,1
2026-02-13,BBCA.JK,"Ocean by BCA Diluncurkan, All in One Platform Terintegrasi untuk Permudah Pebisnis - BCA.co.id",0.0,7200.0,356015300,1
2026-02-13,BBCA.JK,"BCA (BBCA) Gelar RUPST 12 Maret 2026, Bahas Buyback hingga Perubahan Anggaran Dasar - kontan.co.id",0.6,7200.0,356015300,1
2026-02-13,BBCA.JK,Siap-siap BBCA Jadi Segini - investor.id,0.0,7200.0,356015300,1
2026-02-13,BBCA.JK,"BCA Sesuaikan Jam Operasional Saat Libur Imlek 2026, 16–17 Februari Cabang Tutup - kontan.co.id",0.0,7200.0,356015300,1
2026-02-12,BBCA.JK,PT Bank Central Asia Tbk - BCA.co.id,0.0,7325.0,237465300,0
2026-02-12,BBCA.JK,Saham BBCA Bersiap Tembus Segini - investor.id,0.0,7325.0,237465300,0
2026-02-12,BBCA.JK,Pemicu Saham BBCA Anjlok - investor.id,-0.6,7325.0,237465300,0
2026-02-11,BBCA.JK,"Nasib BBCA, Jangan-jangan Jadi Segini Harganya - investor.id",0.0,7450.0,213505000,0
2026-02-11,BBCA.JK,"BCA Luncurkan Ocean, Permudah UMKM Menggenjot Transformasi Digital - SWA.co.id",0.0,7450.0,213505000,0
2026-02-10,BBCA.JK,"Saat Bank Lain Tutup, Cabang Fisik BCA Terus Tumbuh - kontan.co.id",0.6,7475.0,127704200,0
2026-02-09,BBCA.JK,"Vanguard dan BlackRock Borong Saham BCA, Apa Artinya untuk Investor? - Ajaib",0.0,7500.0,174758300,0
2026-02-09,BBCA.JK,Aksi Kompak Duo Raksasa Serok Saham BCA (BBCA) - Bisnis Indonesia Premium,0.0,7500.0,174758300,0
2026-02-09,BBCA.JK,"Saham Big Bank Lesu, Begini Rekomendasi dari Analis - TradingView",0.0,7500.0,174758300,0
2026-02-09,BBCA.JK,Harga Saham BBCA Bisa Naik Sampai Segini - investor.id,0.6,7500.0,174758300,0
2026-02-09,BBCA.JK,Penyebab Saham BBCA Anjlok - investor.id,-0.6,7500.0,174758300,0
2026-02-06,BBCA.JK,"Moody’s revisi outlook 5 saham bank RI, IHSG terburuk di Asia - IDNFinancials",0.0,7675.0,176352600,0
2026-02-06,BBCA.JK,"Saham BMRI, BBRI dan BBCA Diborong Asing, Ini Rekomendasi dari Maybank Sekuritas - kontan.co.id",0.0,7675.0,176352600,0
2026-02-03,BBCA.JK,Lianawaty Suwono Tambah Investasi Sahamnya di BBCA - pasardana.id,0.0,7650.0,206015400,1
2026-02-03,BBCA.JK,"Tambah Koleksi Saham BBCA, Jahja Setiaatmadja Rogoh Kocek Segini Oleh Warta Ekonomi - Investing.com Indonesia",0.0,7650.0,206015400,1
2026-02-03,BBCA.JK,Jahja Setiaatmadja Tambah Investasi Sahamnya di BBCA - pasardana.id,0.0,7650.0,206015400,1
2026-02-03,BBCA.JK,Saham BBCA Bisa Tembus Segini - investor.id,0.0,7650.0,206015400,1
2026-02-02,BBCA.JK,"Direktur BCA Borong 300.000 Saham BBCA, Sinyal Positif untuk Investor - Ajaib",0.6,7600.0,326948700,1
2026-02-02,BBCA.JK,"IHSG Anjlok 4,88% Akibat Penurunan Seluruh Sektor Saham, Sebaliknya BBCA dan AADI Perkasa - InvestorTrust",-0.6,7600.0,326948700,1
2026-02-02,BBCA.JK,"Petinggi BCA Turun Gunung, Harga Saham BBCA Mendaki Kala IHSG Terperosok - KONTAN",-0.6,7600.0,326948700,1
2026-02-02,BBCA.JK,"BBCA Lagi Murah, Beli Sekarang Bisa Cuan Segini - investor.id",0.0,7600.0,326948700,1
2026-01-30,BBCA.JK,Ramai-Ramai Investor Serok Jutaan Lembar Saham BCA (BBCA) - Bisnis Indonesia Premium,0.0,7400.0,528434900,1
2026-01-30,BBCA.JK,"Laba BBCA 2026 Ditaksir Rp62 Triliun, Saham Harusnya Segini - investor.id",0.6,7400.0,528434900,1
2026-01-30,BBCA.JK,Saham BCA Resilien Meski Pasar Terpengaruh MSCI - Bloomberg Technoz,0.0,7400.0,528434900,1
2026-01-30,BBCA.JK,"Petinggi BCA (BBCA) tambah 300.000 saham, apa tujuannya? - MSN",0.0,7400.0,528434900,1
2026-01-30,BBCA.JK,"Diminta Tambah Porsi Saham, Dana Pensiun BCA Pilih Tetap Selektif Investasi Saham - kontan.co.id",0.0,7400.0,528434900,1
2026-01-30,BBCA.JK,Bank Central Asia Tbk (BBCA) Bakal Buyback Saham Senilai Maksimal Rp5 Triliun - beritabuana.co,0.6,7400.0,528434900,1
2026-01-30,BBCA.JK,"Transaksi Saham BBCA Gila-gilaan, Investor Ini Paling Banyak Belanja - investor.id",0.0,7400.0,528434900,1
2026-01-29,BBCA.JK,"BBCA siapkan buyback saham Rp5 triliun, tunggu restu RUPST - IDNFinancials",0.6,7200.0,1432993400,1
2026-01-29,BBCA.JK,"BCA Siapkan Buyback Rp5 Triliun, Saham BBCA Jadi Sorotan Investor - Ajaib",0.6,7200.0,1432993400,1
2026-01-29,BBCA.JK,"Saham Big Banks Mulai Menguat Pasca Tekanan MSCI, BBCA Terangkat Rencana Buyback - TradingView",0.6,7200.0,1432993400,1
2026-01-29,BBCA.JK,"Sempat Tertekan Isu MSCI, Saham Perbankan Berbalik Menguat, Bagaimana dengan BBCA? - TradingView",0.6,7200.0,1432993400,1
2026-01-29,BBCA.JK,"Harga Saham Ambruk, BBCA Berencana Buyback Rp5 Triliun Oleh Warta Ekonomi - Investing.com Indonesia",0.0,7200.0,1432993400,1
2026-01-29,BBCA.JK,BCA (BBCA) Umumkan Buyback Saham Senilai Rp5 Triliun - KabarBursa.com,0.6,7200.0,1432993400,1
2026-01-29,BBCA.JK,Saham BBCA Longsor - investor.id,0.0,7200.0,1432993400,1
2026-01-29,BBCA.JK,"Saham Big Banks Mulai Menguat Pasca Tekanan MSCI, BBCA Terangkat Rencana Buyback - kontan.co.id",0.6,7200.0,1432993400,1
2026-01-29,BBCA.JK,Target Terbaru Harga Saham BBCA usai Rebound & Rilis Kinerja 2025 - Bisnis Indonesia Premium,0.0,7200.0,1432993400,1
2026-01-29,BBCA.JK,Kenapa Saham BBCA Ikut Dihantam Habis-habisan - investor.id,0.0,7200.0,1432993400,1
2026-01-29,BBCA.JK,BCA akan Buyback Saham Senilai Rp 5 Triliun - Tempo.co,0.6,7200.0,1432993400,1
2026-01-29,BBCA.JK,BCA Berencana Buyback Saham Senilai Maksimal Rp 5 Triliun - kumparan.com - Kumparan.com,0.6,7200.0,1432993400,1
2026-01-29,BBCA.JK,BCA (BBCA) Umumkan Rencana Buyback Saham Maksimal Rp5 Triliun - IDX Channel,0.6,7200.0,1432993400,1
2026-01-29,BBCA.JK,"BCA Siap 'Rogoh Kantong' Dalam-dalam Buat Buyback Saham, Totalnya hingga Rp5 Triliun - MetroTVNews.com",0.6,7200.0,1432993400,1
2026-01-29,BBCA.JK,"Harga Saham BBCA Anjlok, BCA Berencana Buyback hingga Rp 5 Triliun - Kompas.com",0.0,7200.0,1432993400,1
2026-01-28,BBCA.JK,BCA Umumkan Rencana Pembelian Kembali Saham (Shares Buyback) Maksimal Rp5 Triliun - BCA.co.id,0.6,7025.0,1027287500,1
2026-01-28,BBCA.JK,"Harga Saham BBCA Anjlok, BCA Minta Restu Bakal Buyback Saham Rp 5 Triliun - TradingView",0.0,7025.0,1027287500,1
2026-01-28,BBCA.JK,"Prospek Saham BBCA 2026: Analis Kompak Rekomendasi Beli, Kenapa? - kontan.co.id",0.6,7025.0,1027287500,1
2026-01-28,BBCA.JK,"Tingkatkan Kepercayaan Investor, BBCA Siapkan Buyback Saham hingga Rp 5 Triliun - TradingView",0.6,7025.0,1027287500,1
2026-01-28,BBCA.JK,Saham BBCA Curi Perhatian - investor.id,0.0,7025.0,1027287500,1
2026-01-28,BBCA.JK,"Laporan Keuangan Hijau: BBCA Hanya Andalkan Dividen, Saham Lemah - KabarBursa.com",0.6,7025.0,1027287500,1
2026-01-28,BBCA.JK,Ini yang Bikin Saham BBCA Babak Belur - investor.id,0.0,7025.0,1027287500,1
2026-01-28,BBCA.JK,"BCA (BBCA) Jadi Bank Paling Defensif, Analis Soroti Prospek Kuat di 2026 - InvestorTrust",0.6,7025.0,1027287500,1
2026-01-28,BBCA.JK,"Saham BBCA Melorot, Presiden Direktur BCA Buka Suara - kontan.co.id",0.0,7025.0,1027287500,1
2026-01-28,BBCA.JK,"Kinerja Kredit dan Laba Solid, Saham BCA Masih Tertekan - KONTAN",0.6,7025.0,1027287500,1
2026-01-28,BBCA.JK,"Saham BBCA Turun Meski Kinerja Positif, Ini Kata Bos BCA - kontan.co.id",0.0,7025.0,1027287500,1
2026-01-28,BBCA.JK,Kinerja Solid dan Berkelanjutan BCA untuk Dukung Perekonomian Nasional - BCA.co.id,0.0,7025.0,1027287500,1
2026-01-28,BBCA.JK,"Harga Saham BBCA Anjlok, BCA Minta Restu Bakal Buyback Saham Rp 5 Triliun - kontan.co.id",0.0,7025.0,1027287500,1
2026-01-27,BBCA.JK,"BBCA Hadapi 2026 dengan Modal Kinerja yang Solid, Begini Rekomendasi Analis - TradingView",0.0,7500.0,259830900,0
2026-01-27,BBCA.JK,"Saham BBCA Tertekan Aksi Jual Asing, Masihkah Layak Diakumulasi? - TradingView",-0.6,7500.0,259830900,0
2026-01-27,BBCA.JK,"Harga Saham BCA (BBCA) Terkoreksi Sepekan, Manajemen BCA: Aksi Jual Asing Masih Wajar - InvestorTrust",-0.6,7500.0,259830900,0
2026-01-27,BBCA.JK,"Saham BBCA Turun Meski Kinerja Positif, Ini Kata Bos BCA - TradingView",0.0,7500.0,259830900,0
2026-01-27,BBCA.JK,"Soal Arah Harga Saham, Begini Kata Bos BCA (BBCA) - Bloomberg Technoz",0.0,7500.0,259830900,0
2026-01-27,BBCA.JK,Bos BCA Respons Saham BBCA Ditutup Melemah Hampir 2% - Validnews,-0.6,7500.0,259830900,0
2026-01-27,BBCA.JK,"Kredit BBCA tumbuh 7,7% sesuai target 2025, sasar 8-10% di 2026 - IDNFinancials",0.6,7500.0,259830900,0
2026-01-26,BBCA.JK,"Asing jual saham BCA (BBCA) Rp 3,85 triliun pekan lalu, ini kinerja terbarunya - MSN",-0.6,7650.0,213044100,0
2026-01-23,BBCA.JK,"BBCA Paling Banyak Dibuang, Ini Daftar 10 Saham yang Dilepas Asing - CNBC Indonesia",0.0,7650.0,202878600,0
2026-01-23,BBCA.JK,Harga Saham BBCA Bisa Naik Sampai Segini - investor.id,0.6,7650.0,202878600,0
2026-01-22,BBCA.JK,FAC Sekuritas - FAC Sekuritas,0.0,7650.0,268025900,0
2026-01-22,BBCA.JK,"Asing Gencar Jual BBCA, Saham BCA Tertekan di Awal 2026 - Ajaib",-0.6,7650.0,268025900,0
2026-01-22,BBCA.JK,"Saham BBCA Dibidik, Cuannya Bisa 41% - investor.id",0.0,7650.0,268025900,0
2026-01-22,BBCA.JK,"Saham BBCA Turun Tajam, Ini yang Sebenarnya Terjadi - Sapos - Samarinda Pos",-0.6,7650.0,268025900,0
2026-01-22,BBCA.JK,Saham BBCA Kenapa? - investor.id,0.0,7650.0,268025900,0
2026-01-20,BBCA.JK,Jadwal Operasional BCA Selama Libur Isra Mikraj 2026 - BCA.co.id,0.0,8000.0,82672500,0
2026-01-20,BBCA.JK,Perubahan Biaya Pembelian/Pembelian Berkala Produk Reksa Dana Bahana Pendapatan Tetap Makara Prima Kelas G melalui Kantor Cabang BCA - BCA.co.id,0.0,8000.0,82672500,0
2026-01-19,BBCA.JK,"BCA (BBCA) Siapkan Dana Rp 5 Triliun untuk Buyback Saham, Berlaku hingga Januari 2026 - InvestorTrust",0.6,8125.0,172100000,0
2026-01-06,BBCA.JK,"Apa Itu Bank BCA? Sejarah, Profil Lengkap dan Visi Misi - USAID IUWASH Tangguh",0.0,8175.0,97624300,0
2026-01-05,BBCA.JK,"Sukses Buyback, BCA (BBCA) Masih Sisakan 28,31 Juta Saham yang Belum Dialihkan - SWA.co.id",0.6,8075.0,73408800,1
2026-01-05,BBCA.JK,"Sisa Saham BCA Hasil Buyback Mencapai 28,3 Juta Saham Hingga Akhir 2025 - kontan.co.id",0.6,8075.0,73408800,1
2026-01-05,BBCA.JK,"Tutup Anak Usaha di Hong Kong, ini yang Terjadi pada BBCA - KabarBursa.com",0.0,8075.0,73408800,1
2026-01-05,BBCA.JK,"Full Digital, BCA (BBCA) Likuidasi Anak Usaha di Hong Kong - Bloomberg Technoz",0.0,8075.0,73408800,1
2026-01-05,BBCA.JK,"BCA (BBCA) Likuidasi Anak Usaha di Hong Kong, Layanan Beralih ke Kanal Digital - Bisnis.com",0.0,8075.0,73408800,1
2026-01-02,BBCA.JK,"Ada yang Borong, Saham BBCA Ditinjau Ulang, Patokannya Baru - investor.id",0.0,8025.0,68612400,1
2025-12-30,BBCA.JK,DEWA milik Grup Bakrie utang Rp5 triliun ke BCA dan Bank Mandiri - IDNFinancials,0.0,8075.0,101995600,0
2025-12-30,BBCA.JK,"Review Saham Perbankan di Tahun 2025: Bank Digital Melaju, Big Banks Loyo - TradingView",0.0,8075.0,101995600,0
2025-12-30,BBCA.JK,"BCA Luncurkan Fitur Poket Rupiah di myBCA, Bantu Nasabah Kelola Berbagai Tujuan Keuangan Dalam Satu Rekening - BCA.co.id",0.0,8075.0,101995600,0
2025-12-30,BBCA.JK,Darma Henwa Tbk Tandatangani Perjanjian Fasilitas Kredit dengan BCA dan Bank Mandiri Senilai Total Rp5 Triliun - pasardana.id,0.0,8075.0,101995600,0
2025-12-23,BBCA.JK,"Libur Nataru, Kantor Cabang BCA Tutup di Tanggal Ini - kontan.co.id",0.0,8025.0,85044100,0
2025-12-22,BBCA.JK,Sasaran Saham BBCA Bocor - investor.id,0.0,8175.0,72424200,0
2025-12-22,BBCA.JK,Jadwal Operasional BCA Selama Libur dan Cuti Bersama Natal 2025 dan Tahun Baru 2026 - BCA.co.id,0.0,8175.0,72424200,0
2025-12-19,BBCA.JK,"Target IHSG 9.440 di 2026, BBCA hingga ICBP Masuk Daftar Saham Pilihan - InvestorTrust",0.0,8050.0,131069800,1
2025-12-19,BBCA.JK,DEWA raih fasilitas kredit Rp1 triliun dari BCA - IDNFinancials,0.0,8050.0,131069800,1
2025-12-19,BBCA.JK,"DEWA Pinjam Rp1 Triliun ke BCA, Digunakan untuk Modal Kerja - KabarBursa.com",0.0,8050.0,131069800,1
2025-12-19,BBCA.JK,Darma Henwa Tbk Tandatangani Perjanjian Fasilitas Kredit dengan BCA senilai Total Rp 1 Triliun - pasardana.id,0.0,8050.0,131069800,1
2025-12-18,BBCA.JK,Target & Rekomendasi Saham BBCA Sampai BBRI Usai BI Rate Ditahan - Bloomberg Technoz,0.0,8175.0,88497200,0
2025-12-18,BBCA.JK,Target & Rekomendasi Saham BBCA Sampai BBRI Usai BI Rate Ditahan - Market - Bloomberg Technoz,0.0,8175.0,88497200,0
2025-12-18,BBCA.JK,"BBCA Panas Terimbas Buyback , Masih Bisa Ngegas ke Sini - investor.id",0.6,8175.0,88497200,0
2025-12-16,BBCA.JK,"Jadi Jawara Top Laggard, Saham BBCA Bikin Deretan Investor Institusi Global Boncos - KONTAN",0.0,8075.0,122332000,0
2025-12-16,BBCA.JK,"Rumor 12 Emiten Bakal IPO 2026, dari Bank Jakarta hingga Grup Prajogo Pangestu - Ajaib",0.0,8075.0,122332000,0
2025-12-16,BBCA.JK,Saham BBCA Bisa Tembus Level Ini - investor.id,0.0,8075.0,122332000,0
2025-12-16,BBCA.JK,"Target Kredit 2025 Kian Menjauh, Ekonom BCA Proyeksikan 2026 Lebih Cerah - kontan.co.id",0.0,8075.0,122332000,0
2025-12-15,BBCA.JK,🏦 BBCA 11M25: Laba Bersih Bank Only +4% YoY - Stockbit Snips,0.6,8300.0,143105700,0
2025-12-15,BBCA.JK,"Bank Mandiri, BRI, BNI, BCA Bakal Seperti JP Morgan & Goldman Sachs? - Bareksa.com",0.0,8300.0,143105700,0
2025-12-15,BBCA.JK,"Asing Buang Saham, BBCA Sentuh ARA: Gerak Tipu atau Aksi Lanjutan? - KabarBursa.com",0.0,8300.0,143105700,0
2025-12-15,BBCA.JK,"Jelang Nataru, Bank BCA Siapkan Uang Tunai Rp 42,1 Triliun - Marketeers",0.0,8300.0,143105700,0
2025-12-15,BBCA.JK,"Kredit BCA (BBCA) Melambat, Laba Tertekan pada November 2025 - investor.id",0.6,8300.0,143105700,0
2025-12-12,BBCA.JK,"BCA Retains Top Honor at the Annual Report Award, Followed by BCA Syariah in the Rp1 Trillion Cluster - BCA.co.id",0.0,8000.0,100006800,1
2025-12-12,BBCA.JK,"BCA Kembali Menjadi Juara Umum Annual Report Award, Diikuti BCA Syariah pada Klaster Rp1 Triliun - BCA.co.id",0.0,8000.0,100006800,1
2025-12-12,BBCA.JK,"Baksos Operasi Katarak BCA Bangun Harapan, Buka Jalan Hidup Masyarakat yang Lebih Produktif - BCA.co.id",0.0,8000.0,100006800,1
2025-12-12,BBCA.JK,BCA Perluas Akses QRIS Tap - investor.id,0.0,8000.0,100006800,1
2025-12-12,BBCA.JK,"Harga Saham PT Bank Central Asia Tbk (BBCA) Hari Ini, 12 December 2025 - FORTUNE Indonesia",0.0,8000.0,100006800,1
2025-12-11,BBCA.JK,"BCA Raih Juara Umum Annual Report Award 2024, Diikuti BCA Syariah pada Klaster Rp1 Triliun - pasardana.id",0.0,8000.0,140766000,0
2025-12-11,BBCA.JK,Kabar Baru dari BCA (BBCA) - investor.id,0.0,8000.0,140766000,0
2025-12-11,BBCA.JK,Level Krusial Saham BBCA - investor.id,0.0,8000.0,140766000,0
2025-12-10,BBCA.JK,Titik Rawan Saham BBCA - investor.id,0.0,8075.0,143418300,0
2025-12-10,BBCA.JK,4 Dekade Bisnis Indonesia: Semasa BCA jadi Kembang Desa yang Jadi Rebutan - Bisnis Indonesia Premium,0.0,8075.0,143418300,0
2025-12-10,BBCA.JK,BERITA POPULER: Saham BBCA Rontok hingga Harga Emas Perhiasan Kinclong - investor.id,0.0,8075.0,143418300,0
2025-12-10,BBCA.JK,Berita Gembira! Bayar Transportasi Umum dan Parkir Kini Lebih Seamless dengan QRIS Tap dari BCA - BCA.co.id,0.0,8075.0,143418300,0
2025-12-09,BBCA.JK,Saham BBCA Anjlok - investor.id,-0.6,8100.0,113057200,0
2025-12-09,BBCA.JK,Titik yang Pas untuk Menyergap Saham BBCA - investor.id,0.0,8100.0,113057200,0
2025-12-08,BBCA.JK,BCA dan BCA Syariah Tunjukkan Kinerja Tata Kelola di ARA 2024 - Bloomberg Technoz,0.0,8300.0,61745200,0
2025-12-08,BBCA.JK,BCA Nilai Dinamika Pasar KPR Menantang di Tengah Pelemahan Daya beli - kontan.co.id,0.0,8300.0,61745200,0
2025-12-05,BBCA.JK,Nasib Saham BBCA - investor.id,0.0,8300.0,71162300,0
2025-12-05,BBCA.JK,BCA Berkolaborasi dengan TNI Salurkan Bantuan Kemanusiaan untuk Korban Bencana Alam di Sibolga - BCA.co.id,0.0,8300.0,71162300,0
2025-12-05,BBCA.JK,"Harga Saham PT Bank Central Asia Tbk (BBCA) Hari Ini, 05 December 2025 - FORTUNE Indonesia",0.0,8300.0,71162300,0
2025-12-04,BBCA.JK,BCA Peringatkan Reli Saham Vietnam Mungkin Memudar Meskipun Berkinerja Baik - Investing.com Indonesia,0.0,8225.0,71410400,1
2025-12-03,BBCA.JK,BBCA Terbaru: Efisiensi Operasional dan Pertumbuhan Laba Berkelanjutan - Ajaib,0.6,8300.0,103550900,0
2025-12-03,BBCA.JK,Yang Bikin Saham BBCA Mendadak Anjlok - investor.id,-0.6,8300.0,103550900,0
2025-12-03,BBCA.JK,Laba Agregat Big Bank Mulai Naik Secara Bulanan Bikin Valuasi Menarik Jelang 2026 - TradingView,0.6,8300.0,103550900,0
2025-12-02,BBCA.JK,BCA Distributes Interim Cash Dividend of Rp55 per Share - BCA.co.id,0.6,8375.0,97044000,0
2025-12-01,BBCA.JK,"BBCA, TLKM, PGAS & Saham Blue Chip Bangkit, Reksadana Indeks BNP Naik 1,25% Sehari - Bareksa.com",0.6,8400.0,76359200,0
2025-12-01,BBCA.JK,"Siap-Siap, Jadwal Cum Dividen BCA (BBCA) Pekan Ini - Bisnis.com",0.6,8400.0,76359200,0
2025-11-28,BBCA.JK,"Begini Target Terbaru Saham BBCA, Potensi Cuan masih Besar - InvestorTrust",0.0,8275.0,67559300,1
2025-11-28,BBCA.JK,BBCA - Analisis Fundamental - brights.id,0.0,8275.0,67559300,1
2025-11-28,BBCA.JK,"Net Sell Berlanjut Rp 1,02 Triliun, Saham BBRI dan BBCA kembali Dilepas Asing - InvestorTrust",-0.6,8275.0,67559300,1
2025-11-28,BBCA.JK,"Ada Revisi terkait Harga Saham BBCA, Pantasnya Segini - investor.id",0.0,8275.0,67559300,1
2025-11-27,BBCA.JK,"BBCA Bagi Dividen Interim Rp55 per Saham, Cek Jadwalnya! - Ajaib",0.6,8325.0,71051300,0
2025-11-27,BBCA.JK,"BCA Jalin Kolaborasi Sistem Pembayaran dengan Samarinda City Plaza, Perkuat Komitmen Dukung Sektor Ritel - BCA.co.id",0.0,8325.0,71051300,0
2025-11-27,BBCA.JK,"BCA Collaborates with Samarinda City Plaza on Payment Systems, Strengthening Commitment to Support Retail Sector - BCA.co.id",0.0,8325.0,71051300,0
2025-11-26,BBCA.JK,Begini Rekomendasi dan Target Saham BBCA Usai Umumkan Dividen Interim Rp 55 per Saham - InvestorTrust,0.6,8425.0,77094400,0
2025-11-26,BBCA.JK,"Net Sell Rp 550,45 Miliar, Asing Lepas Saham BBRI dan BBCA Saat IHSG Cetak Rekor - InvestorTrust",0.0,8425.0,77094400,0
2025-11-26,BBCA.JK,"KCP BCA Bulukumba Resmi Beroperasi, Perkuat Akses Layanan Perbankan dan Ekosistem Ekonomi Sulawesi Selatan - BCA.co.id",0.0,8425.0,77094400,0
2025-11-25,BBCA.JK,"BBCA bagikan dividen interim Rp6,77 triliun - IDNFinancials",0.6,8500.0,98807700,0
2025-11-25,BBCA.JK,"BBCA Akan Bayar Dividen Jumbo, Simak Rekomendasi Saham untuk Investor Ritel - TradingView",0.6,8500.0,98807700,0
2025-11-25,BBCA.JK,BCA Umumkan Bagikan Dividen Interim Rp55 per Saham: Tandai Tanggalan! - KabarBursa.com,0.6,8500.0,98807700,0
2025-11-25,BBCA.JK,"BCA Tebar Dividen Tunai Rp 55 per Saham, Catat Tanggalnya! - Marketeers",0.6,8500.0,98807700,0
2025-11-24,BBCA.JK,BCA Bagikan Dividen Interim Tunai Rp55 per Saham - BCA.co.id,0.6,8475.0,279590600,1
2025-11-24,BBCA.JK,BCA Bagikan Dividen Interim Tunai Rp55 per Saham. Catat Jadwalnya di Sini! - pasardana.id,0.6,8475.0,279590600,1
2025-11-24,BBCA.JK,"Jadwal Pembagian Dividen Interim BCA Tahun Buku 2025, Siap Cair Rp55 per Saham - Bisnis.com",0.6,8475.0,279590600,1
2025-11-24,BBCA.JK,BCA Bagi-bagi Dividen Interim Tunai Sebesar Rp 55 Per Saham - detikFinance,0.6,8475.0,279590600,1
2025-11-21,BBCA.JK,"Menimbang Harga Wajar BBCA Tahun 2025: Peluang, Risiko, dan Valuasi - Ajaib",-0.6,8400.0,103917100,1
2025-11-20,BBCA.JK,Curi Start Borong Saham BCA (BBCA) Jelang Hilal Dividen Interim 2025 - Bisnis Indonesia Premium,0.6,8425.0,124087400,0
2025-11-20,BBCA.JK,Ada yang Galau di Saham BBCA - investor.id,0.0,8425.0,124087400,0
2025-11-19,BBCA.JK,Terungkap Siapa yang Bermanuver di Saham BBCA - investor.id,0.0,8475.0,114209700,0
2025-11-18,BBCA.JK,Saham BBCA Diserang Habis-habisan - investor.id,0.0,8400.0,119377900,1
2025-11-17,BBCA.JK,"Saham BBCA dan BUMI serap transaksi jumbo, IHSG naik 0,55% - IDNFinancials",0.6,8575.0,129411100,0
2025-11-17,BBCA.JK,"Kinerja Saham Blue Chip Ini Tertekan Jelang Akhir 2025, Saatnya Jual / Beli? - TradingView",-0.6,8575.0,129411100,0
2025-11-17,BBCA.JK,Kinerja BBCA Oktober: Pertumbuhan Laba Melambat Tapi Masih Sesuai Proyeksi Analis - KONTAN,0.6,8575.0,129411100,0
2025-11-13,BBCA.JK,"Perkuat Ketahanan Lingkungan dan Ekonomi Warga, Bakti BCA Restorasi Mata Air dan Tanam 21.000 Pohon - BCA.co.id",0.0,8375.0,104113800,1
2025-11-11,BBCA.JK,"Waktunya Serok BBCA, Dividen Segede Ini Menanti - investor.id",0.6,8400.0,130897600,1
2025-11-07,BBCA.JK,"IHSG Cetak Rekor Tertinggi Baru 8.394, Asing Borong Saham BBCA, PTRO, BREN - Pusat Data Kontan",0.6,8675.0,75241900,0
2025-11-07,BBCA.JK,"Saham Prajogo Pangestu kembali melesat, IHSG reli 3 hari - IDNFinancials",0.0,8675.0,75241900,0
2025-11-05,BBCA.JK,BBCA Terbaru: Saham Bank Raksasa Jadi Incaran Asing di Tengah Stabilitas Pasar - Ajaib,0.0,8700.0,125731500,0
2025-11-04,BBCA.JK,Ada yang Berubah Pikiran di Saham BBCA - investor.id,0.0,8650.0,155231500,1
2025-11-03,BBCA.JK,Saham BBCA Digempur Aksi Senyap - investor.id,0.0,8650.0,115007100,0
2025-11-03,BBCA.JK,"Diborong Asing Rp4,6 T Selama Dua Pekan, Saham BBCA Rebound - Bloomberg Technoz",0.0,8650.0,115007100,0
2025-11-03,BBCA.JK,"Direksi BCA bersama Melanie Putria Buka Virtual Race Runvestasi 2025, Ajak Masyarakat Raih Jutaan Rupiah Lewat Lari dan Investasi - BCA.co.id",0.0,8650.0,115007100,0
2025-11-03,BBCA.JK,"Bandar Menepi di BBCA: Fundamental Kuat, tapi Valuasi Kian Berat - KabarBursa.com",0.0,8650.0,115007100,0
2025-10-31,BBCA.JK,"Saham BBCA Asyik Diserok, Ada Prediksi Baru - investor.id",0.0,8525.0,177088000,1
2025-10-31,BBCA.JK,"Dorong Ekosistem Pembayaran Era IoT, BCA Akan Luncurkan Layanan MyBCA di Smartwatch - TradingView",0.0,8525.0,177088000,1
2025-10-31,BBCA.JK,"BCA Bakal Rilis M-Banking di Smartwatch, Rilis November 2025 - Bloomberg Technoz",0.0,8525.0,177088000,1
2025-10-30,BBCA.JK,Prediksi Terbaru Saham BBCA - investor.id,0.0,8525.0,259009800,0
2025-10-30,BBCA.JK,Gerakan Senyap di Saham BBCA - investor.id,0.0,8525.0,259009800,0
2025-10-30,BBCA.JK,BCA (BBCA) Ungkap Info Baru - investor.id,0.0,8525.0,259009800,0
2025-10-29,BBCA.JK,Manuver Menit-menit Akhir di Saham BBCA - investor.id,0.0,8600.0,239156800,0
2025-10-29,BBCA.JK,Ada yang Borong Saham BBCA - investor.id,0.0,8600.0,239156800,0
2025-10-28,BBCA.JK,Superkrane Mitra Utama Tbk Beri Pinjaman sebesar USD 6.5 Juta kepada CBRE - pasardana.id,0.0,8275.0,180270000,1
2025-10-27,BBCA.JK,"Populer sepekan: China balas Belanda, emas anjlok, BCA buyback saham - IDNFinancials",0.0,8350.0,182275600,0
2025-10-27,BBCA.JK,"Rekomendasi Saham Hari Ini BBCA, BBRI & ICBP, Wacana Aturan Baru MSCI Bayangi IHSG - Bareksa.com",0.0,8350.0,182275600,0
2025-10-27,BBCA.JK,"IHSG Tertekan, Investor Asing Tetap Akumulasi Saham BCA - TradingView",0.0,8350.0,182275600,0
2025-10-27,BBCA.JK,"BCA Bakal Buyback Rp5 Triliun, Catat Tanggalnya! - MetroTVNews.com",0.6,8350.0,182275600,0
2025-10-27,BBCA.JK,"BBCA Panaskan 3 Mesin Cuan dan Singgung Dividen, Saham Ditarget Segini - investor.id",0.6,8350.0,182275600,0
2025-10-24,BBCA.JK,BBCA - Analisis Fundamental - brights.id,0.0,8275.0,133355100,1
2025-10-24,BBCA.JK,BCA dinobatkan sebagai bank terkuat dan paling dipercaya di Indonesia - IDNFinancials,0.0,8275.0,133355100,1
2025-10-23,BBCA.JK,"Saat BI Rate Ditahan, Saham BBCA dan ASII Diborong Investor Asing - Bloomberg Technoz",0.0,8325.0,187003900,0
2025-10-23,BBCA.JK,Pertumbuhan Bisnis Sehat Dorong Kinerja Positif BCA Sepanjang 2025 - Property & Bank,0.6,8325.0,187003900,0
2025-10-22,BBCA.JK,"Minat beli melandai, asing akumulasi saham BBCA dan PWON di sesi I - IDNFinancials",0.0,8200.0,392957200,1
2025-10-22,BBCA.JK,Buyback BBCA dan sinyal BI rate berpeluang dorong reli IHSG - IDNFinancials,0.6,8200.0,392957200,1
2025-10-22,BBCA.JK,"BCA (BBCA) Mau Buyback Saham Senilai Maksimal Rp5 Triliun, Mulai 22 Oktober 2025 s/d 19 Januari 2026 - SWA.co.id",0.6,8200.0,392957200,1
2025-10-22,BBCA.JK,"Saham BBCA Kembali di Atas Rp8.000, Berkat Aksi Borong Investor Asing - Sonora.id",0.0,8200.0,392957200,1
2025-10-22,BBCA.JK,Saham BBCA Diserbu Asing — Ini Prediksi Analis Soal Target Harganya - kontan.co.id,0.0,8200.0,392957200,1
2025-10-22,BBCA.JK,"Potensi Rebound Tiga Saham Blue Chip: BBCA, BBRI, atau TLKM Juaranya? - KabarBursa.com",0.0,8200.0,392957200,1
2025-10-22,BBCA.JK,"Bos BCA Buka Suara Soal IPO blu by BCA, Begini Katanya Oleh Warta Ekonomi - Investing.com Indonesia",0.0,8200.0,392957200,1
2025-10-22,BBCA.JK,"Saham BBCA Mendadak Bangkit, Market Cap Tempel BREN, Muncul Prediksi Begini - investor.id",0.0,8200.0,392957200,1
2025-10-21,BBCA.JK,"BCA akan Melakukan Pembelian Kembali Saham (Shares Buyback), Maksimal Rp5 Triliun - BCA.co.id",0.6,8475.0,529802600,0
2025-10-21,BBCA.JK,"Asing borong saham BBCA hingga BBRI, net buy Rp709 miliar di sesi I - IDNFinancials",0.0,8475.0,529802600,0
2025-10-21,BBCA.JK,"Laba Naik, BCA (BBCA) Akan Buyback Saham Rp5T - Ajaib",0.6,8475.0,529802600,0
2025-10-21,BBCA.JK,"Harga Melesat hingga Diserbu Investor Asing, BBCA kembali Perkasa di BEI - InvestorTrust",0.0,8475.0,529802600,0
2025-10-21,BBCA.JK,"Asing Makin Rajin Borong Saham Blue Chip Ini, Cek Rekomendasi Sahamnya - TradingView",0.0,8475.0,529802600,0
2025-10-21,BBCA.JK,Bursa Efek Jakarta & Indonesia | Pasar Keuangan Indonesia - IDNFinancials,0.0,8475.0,529802600,0
2025-10-21,BBCA.JK,Bank Central Asia Tbk Umumkan Rencana Buyback Saham Perseroan senilai Rp5 Triliun - pasardana.id,0.6,8475.0,529802600,0
2025-10-21,BBCA.JK,"Saham BBCA Paling Diburu Asing, Ini Daftar 10 Saham Net Buy Tertinggi - Sonora.id",0.0,8475.0,529802600,0
2025-10-21,BBCA.JK,"Saham Big Banks Kompak Menghijau pada Selasa (21/10), Begini Rekomendasi Sahamnya - TradingView",0.0,8475.0,529802600,0
2025-10-21,BBCA.JK,"Net Buy Melesat Rp 1,34 Triliun, Asing Borong Saham Bank Ini - InvestorTrust",0.0,8475.0,529802600,0
2025-10-21,BBCA.JK,"Laba & Buyback Jumbo, Potensi Kenaikan Saham BBCA 27% - Bloomberg Technoz",0.6,8475.0,529802600,0
2025-10-21,BBCA.JK,"Rencana Dividen BBCA 2025 dan IPO BCA Digital, Simak Selengkapnya! - Ajaib",0.6,8475.0,529802600,0
2025-10-21,BBCA.JK,Menakar Peluang Saham BBCA Melewati Batas Maksimal Harga Buyback di Rp9.200 - Mikir Duit,0.6,8475.0,529802600,0
2025-10-21,BBCA.JK,Target Harga Baru Saham BBCA usai Rilis Kinerja - investor.id,0.0,8475.0,529802600,0
2025-10-21,BBCA.JK,"Proyeksi Arah Saham BBCA di Tengah Aksi Jual BlackRock, Goldman Sach, dan Invesco - Bisnis Indonesia Premium",-0.6,8475.0,529802600,0
2025-10-21,BBCA.JK,Window Dressing Tak Jadi Dasar Pengambilan Keputusan Investasi Dapen BCA - kontan.co.id,0.0,8475.0,529802600,0
2025-10-21,BBCA.JK,Saham BCA (BBCA) Langsung Diserbu - investor.id,0.0,8475.0,529802600,0
2025-10-21,BBCA.JK,Sinyal Akselerasi Kinerja Keuangan BCA (BBCA) - Bloomberg Technoz,0.0,8475.0,529802600,0
2025-10-21,BBCA.JK,"BBCA Bisa Lebih Kencang, Ada Potensi Rasio Dividen Naik - investor.id",0.6,8475.0,529802600,0
2025-10-21,BBCA.JK,Realisasi Laba Bank Central Asia (BBCA) Sejalan dengan Proyeksi Analis - KONTAN,0.6,8475.0,529802600,0
2025-10-20,BBCA.JK,"BBCA buyback, harga lebih tinggi dari harga saat ini - IDNFinancials",0.6,7875.0,393421800,1
2025-10-20,BBCA.JK,"Dua Faktor Ini Jadi Penopang Saham Bank Melesat, Ada BBCA hingga BBTN - InvestorTrust",0.0,7875.0,393421800,1
2025-10-20,BBCA.JK,Harga Saham BBCA Lompat 5 Persen Usai Rilis Kinerja Keuangan Kuartal III 2025 - Infobanknews,0.0,7875.0,393421800,1
2025-10-20,BBCA.JK,"IHSG Sesi I Melesat 1,97% Terkerek Saham Big Bank, Ada BBCA hingga BBNI - InvestorTrust",0.0,7875.0,393421800,1
2025-10-20,BBCA.JK,"Saham Big Banks Kompak Naik, BBCA Mendahului Ditopang Ekspektasi Kinerja Kuartal III - KONTAN",0.6,7875.0,393421800,1
2025-10-20,BBCA.JK,"BBCA salurkan kredit Rp944 triliun, laba bersih naik 5,7% di kuartal 3 - IDNFinancials",0.6,7875.0,393421800,1
2025-10-20,BBCA.JK,"🏦 BBCA: Laba Bersih 9M25 (+6% YoY) Sejalan Ekspektasi, Buyback hingga Rp5 T - Stockbit Snips",0.6,7875.0,393421800,1
2025-10-20,BBCA.JK,BBCA Siapkan Dana Buyback Rp5 Triliun: Penawaran Rp9.200 per Saham - KabarBursa.com,0.6,7875.0,393421800,1
2025-10-20,BBCA.JK,"Saham Bank Melesat Kerek IHSG ke 8.000, Saatnya Berburu Saham Bank? - InvestorTrust",0.0,7875.0,393421800,1
2025-10-20,BBCA.JK,"BCA Mau Buyback Saham, Segini Nilainya - Infobanknews",0.6,7875.0,393421800,1
2025-10-20,BBCA.JK,BCA Bakal Buyback Saham Senilai Maksimal Rp 5 Triliun - kumparan.com - Kumparan.com,0.6,7875.0,393421800,1
2025-10-20,BBCA.JK,Asing Merajalela di Saham BCA (BBCA) - investor.id,0.0,7875.0,393421800,1
2025-10-20,BBCA.JK,BCA Bakal Buyback Saham Rp 5 Triliun - Tempo.co,0.6,7875.0,393421800,1
2025-10-20,BBCA.JK,BCA (BBCA) Umumkan Buyback Saham Maksimal Rp5 Triliun - Bisnis.com,0.6,7875.0,393421800,1
2025-10-20,BBCA.JK,Dapen BCA Terapkan Langkah Selektif Dalam Berinvestasi di Instrumen Saham - MSN,0.0,7875.0,393421800,1
2025-10-20,BBCA.JK,"BCA (BBCA) Siapkan Anggaran Buyback Jumbo, Hingga Rp5 T - Bloomberg Technoz",0.6,7875.0,393421800,1
2025-10-20,BBCA.JK,Pemberitahuan Terkait Rencana Penggantian Bank Kustodian Reksa Dana Batavia Dana Kas Maxima - BCA.co.id,0.0,7875.0,393421800,1
2025-10-20,BBCA.JK,"BBCA Buyback Saham Rp5 T & Laba Q3 2025 Sesuai Ekspektasi, Rekomendasi Buy Target Rp11.600 - Bareksa.com",0.6,7875.0,393421800,1
2025-10-20,BBCA.JK,"BCA Raup Laba Rp43,4 Triliun pada Kuartal III/2025, Tumbuh 5,7% YoY - Bisnis.com",0.6,7875.0,393421800,1
2025-10-17,BBCA.JK,Dana Pensiun Lokal Mulai Menandah Saham Bank - KONTAN,0.0,7500.0,157334400,1
2025-10-17,BBCA.JK,Intip Rekomendasi Saham BCA Jelang Laporan Kinerja Kuartal III-2025 - kontan.co.id,0.0,7500.0,157334400,1
2025-10-17,BBCA.JK,"Harga Saham Big Banks Turun, BPJS Ketenagakerjaan Lakukan Akumulasi Saham - kontan.co.id",-0.6,7500.0,157334400,1
2025-10-17,BBCA.JK,Muncul Aksi Tiba-tiba di Saham BCA (BBCA) - investor.id,0.0,7500.0,157334400,1
2025-10-17,BBCA.JK,"Saham BBCA Sentuh Level Terendah dalam 3 Tahun, Ini Kata Manajemen BCA - Kompas.com",0.0,7500.0,157334400,1
2025-10-17,BBCA.JK,"BBCA Bertahan saat Indeks Longsor, Target Cuan Gurih - investor.id",0.0,7500.0,157334400,1
2025-10-17,BBCA.JK,BCA (BBCA) Ajak Nasabah Kelola Kekayaan Jangka Panjang - Kompas.com,0.0,7500.0,157334400,1
2025-10-16,BBCA.JK,"SGX Group dan BEI Luncurkan ‘Singapore Unsponsored Depository Receipts Linkage’, Saham BBCA, TLKM, dan ICBP Jadi ‘Underlying’ - InvestorTrust",0.0,7300.0,120611200,1
2025-10-16,BBCA.JK,Harga Saham BBCA Anjlok Terus Hingga Sentuh Level Terendah Tiga Tahun - KONTAN,-0.6,7300.0,120611200,1
2025-10-16,BBCA.JK,Harga Saham Big Banks Turun Jadi Momen Akumulasi BPJS Ketenagakerjaan - TradingView,-0.6,7300.0,120611200,1
2025-10-15,BBCA.JK,BBCA Hari Ini: Kinerja Solid di Tengah Fluktuasi Pasar - Ajaib,0.0,7250.0,133206400,1
2025-10-15,BBCA.JK,"Saham BBCA Tertekan, Apakah Saatnya Buy? Simak Analisis Terbarunya - Sonora.id",0.0,7250.0,133206400,1
2025-10-14,BBCA.JK,"IHSG Melemah ke 8.066, Investor Asing Lepas Saham BBRI dan BBCA - Sonora.id",-0.6,7250.0,151862300,0
2025-10-14,BBCA.JK,"Pemerintah Kota Palangka Raya resmi meluncurkan kanal pembayaran pajak daerah melalui PT Bank Central Asia Tbk (BCA), se… – Pemerintah Kota Palangka Raya - Pemerintah Kota Palangka Raya",0.0,7250.0,151862300,0
2025-10-14,BBCA.JK,"Harga Terus Diskon, Valuasi Saham BCA (BBCA) Makin Murah - kontan.co.id",0.0,7250.0,151862300,0
2025-10-13,BBCA.JK,"BBCA Semakin Babak Belur: Saham Longsor, Asing Giat Jual - KabarBursa.com",-0.6,7325.0,101847900,0
2025-10-13,BBCA.JK,"Saham Bank Bersiap Rebound, Cek Target Harganya - Bloomberg Technoz",0.0,7325.0,101847900,0
2025-10-13,BBCA.JK,BCA Dukung Digitalisasi Pembayaran Pajak Daerah di Palangka Raya - Media Center Kota Palangka Raya,0.0,7325.0,101847900,0
2025-10-09,BBCA.JK,"Purbaya Effect, Saham Fundamental Melesat: Cek Rekomendasi BBTN, BBCA & BRIS Hari Ini - Bareksa.com",0.0,7550.0,293567400,0
2025-10-09,BBCA.JK,"Bukan Blackrock tapi State Street yang Konsisten Borong Saham BBCA, BMRI, BBRI & BBNI - KONTAN",0.0,7550.0,293567400,0
2025-10-09,BBCA.JK,"Saham BCA Sentuh Level Terendah dalam Tiga Tahun, Asing Kabur Rp31 Triliun - Bisnis.com",0.0,7550.0,293567400,0
2025-10-09,BBCA.JK,Nasib Saham BCA (BBCA) - investor.id,0.0,7550.0,293567400,0
2025-10-09,BBCA.JK,"Asing Net Sell Lagi, BBCA Jadi Sasaran Utama - CNBC Indonesia",-0.6,7550.0,293567400,0
2025-10-08,BBCA.JK,"Ekspansi jaringan, EDGE ambil pinjaman jumbo Rp5,5 triliun dari BBCA - IDNFinancials",0.6,7375.0,168080800,1
2025-10-08,BBCA.JK,"Prospek Bank Digital Semakin Cerah, Cermati Saham Pilihan Analis - TradingView",0.6,7375.0,168080800,1
2025-10-08,BBCA.JK,Rumor Wacana IPO Sejumlah Bank Digital Diproyeksi Jadi Sentimen Positif di Pasar - TradingView,0.6,7375.0,168080800,1
2025-10-08,BBCA.JK,"Indointernet (EDGE) Kantongi Kredit Rp 5,5 Triliun dari BCA untuk Ekspansi Pusat Data dan Fiber Optic - InvestorTrust",0.6,7375.0,168080800,1
2025-10-08,BBCA.JK,Saham BCA (BBCA) Anjlok - investor.id,-0.6,7375.0,168080800,1
2025-10-07,BBCA.JK,Analisis Singkat dan Fakta Saham BBCA Terbaru (7/10/25) - Ajaib,0.0,7575.0,74282600,0
2025-10-07,BBCA.JK,Direktur BBCA Tambah Koleksi 100.000 Lembar Saham Oleh Warta Ekonomi - Investing.com Indonesia,0.0,7575.0,74282600,0
2025-10-06,BBCA.JK,Santoso Tambah Investasi Sahamnya di BBCA - pasardana.id,0.0,7500.0,104032400,1
2025-10-06,BBCA.JK,"Salah Satu Direktur BBCA Pertebal Kepemilikan, Borong 100.000 Saham - Bisnis.com",0.0,7500.0,104032400,1
2025-10-03,BBCA.JK,Aksi BlackRock hingga JP Morgan di Saham BCA (BBCA) Kala Bank Milik Grup Djarum Topang Laba Industri - Bisnis Indonesia Premium,0.6,7525.0,76787500,0
2025-10-03,BBCA.JK,OJK Sebut Tak Ada Masalah Pada Infrastruktur BCA - Bloomberg Technoz,0.0,7525.0,76787500,0
2025-10-02,BBCA.JK,"Harga 4 Saham Blue Chip Bank Rontok, Manakah yang Layak Beli Hari Ini (3/10)? - TradingView",0.0,7500.0,126952400,1
2025-10-01,BBCA.JK,Posisi Saham BBCA di Tengah Rencana Kebijakan Deposito Valas 4% Bank Himbara - Bisnis Indonesia Premium,0.0,7500.0,202433400,0
2025-10-01,BBCA.JK,Tekanan Asing Guncang BBRI dan BBCA: Saatnya Investor Bertahan atau Menepi? - KabarBursa.com,-0.6,7500.0,202433400,0
2025-10-01,BBCA.JK,"Saham BBCA Masih Lesu, Begini Faktor Penyebab dan Prospeknya - Mikir Duit",0.6,7500.0,202433400,0
2025-09-30,BBCA.JK,Keunggulan BCA Dibandingkan Bank Besar Lain Terungkap - investor.id,0.0,7625.0,170666700,0
2025-09-29,BBCA.JK,"Asing Net Buy Rp 555,63 Miliar, Saham BREN hingga BBCA Diborong - InvestorTrust",0.0,7775.0,116454700,0
2025-09-29,BBCA.JK,"BCA Catat Lonjakan Permintaan KPR Take Over, Naik 28,8% per Agustus 2025 - kontan.co.id",0.6,7775.0,116454700,0
2025-09-29,BBCA.JK,"Layanan BCA Mobile dan MyBCA Bermasalah, Perusahaan Lakukan Pemulihan - Kompas.com",0.0,7775.0,116454700,0
2025-09-26,BBCA.JK,Entitas Anak LION Teken Perubahan Perjanjian Kredit dengan BCA - pasardana.id,0.0,7625.0,121657700,1
2025-09-25,BBCA.JK,"Simak Target Harga Saham Bank, Saham PNBN hingga BBCA Tawarkan Potensi Cuan Segini - InvestorTrust",0.0,7700.0,147986600,0
2025-09-24,BBCA.JK,"BBCA Akhirnya Diserok Asing, Ada Update Target Harga - investor.id",0.0,7775.0,150428400,0
2025-09-23,BBCA.JK,"Saham Big Banks Selasa (23/9): BBCA Menguat Sementara BMRI, BBRI, dan BBNI Melemah - Pusat Data Kontan",0.0,7875.0,102606200,0
2025-09-22,BBCA.JK,"Prospek Cerah Emiten Emas HRTA Seiring Kerja Sama Dengan Grup Astra, Bakrie & Salim - KONTAN",0.6,7725.0,92588800,1
2025-09-19,BBCA.JK,Update Saham BBCA Hari Ini: Kinerja dan Prospek Terbaru - Ajaib,0.6,7800.0,149025300,0
2025-09-19,BBCA.JK,BBCA kembali raih empat kategori Indeks52 didukung kinerja solid - IDNFinancials,0.0,7800.0,149025300,0
2025-09-19,BBCA.JK,"Hanya Saham BCA yang Ditutup Menguat di Antara Big Banks Lain, Simak Penjelasannya - kontan.co.id",0.6,7800.0,149025300,0
2025-09-19,BBCA.JK,"Penurunan BI Rate Jadi Katalis, BBCA Siap Melesat - Bloomberg Technoz",0.0,7800.0,149025300,0
2025-09-18,BBCA.JK,Menakar Prospek Saham BBCA di Tengah Penurunan BI Rate - KONTAN,0.6,7700.0,275378700,1
2025-09-18,BBCA.JK,"Investor pilih ‘sell on news’ usai cut rate, IHSG turun 0,21% - IDNFinancials",-0.6,7700.0,275378700,1
2025-09-18,BBCA.JK,Kenapa BBCA Nasibnya Jadi Begini? - investor.id,0.0,7700.0,275378700,1
2025-09-17,BBCA.JK,Dividen BCA & Daya Tarik Saham BBCA di Tengah Stimulus Rp200 Triliun ke Bank Himbara - Bisnis Indonesia Premium,0.6,7850.0,183725900,0
2025-09-17,BBCA.JK,Saham Sebagus Ini Harganya Lagi Murah Banget - investor.id,0.0,7850.0,183725900,0
2025-09-17,BBCA.JK,"BCA Responds to Investment Account Breach, Ensures Internal System Security Remains Secure - BCA.co.id",0.0,7850.0,183725900,0
2025-09-17,BBCA.JK,"Respons Isu Pembobolan Rekening Dana Investasi, BCA Pastikan Sistem Internal Aman! - BCA.co.id",0.0,7850.0,183725900,0
2025-09-16,BBCA.JK,"BCA Catat Laba Rp 39,06 Triliun Hingga Agustus 2025, Beban Pencadangan Naik 106% - kontan.co.id",0.6,7925.0,129312900,0
2025-09-16,BBCA.JK,"Laba BBCA per Agustus Tumbuh Kuat, Saham Pantasnya Segini - investor.id",0.6,7925.0,129312900,0
2025-09-15,BBCA.JK,"Investor Asing Akhirnya Net Buy Rp 1,04 Triliun, Saham BBCA hingga AMMN kembali Diburu - InvestorTrust",0.0,8025.0,142567700,0
2025-09-15,BBCA.JK,"Populer sepekan: Rokok murah GGRM, Menkeu Purbaya, aksi borong BBCA - IDNFinancials",0.0,8025.0,142567700,0
2025-09-15,BBCA.JK,Harga Saham BBCA Mulai Rebound Usai Dilanda Aksi Jual Besar-besaran Investor Asing - KONTAN,-0.6,8025.0,142567700,0
2025-09-15,BBCA.JK,Prospek Anyar Saham BBCA di Tengah Dugaan Pembobolan Rekening Dana Nasabah - Bisnis Indonesia Premium,0.6,8025.0,142567700,0
2025-09-15,BBCA.JK,BERITA POPULER: Target Harga Saham BBCA Terbaru hingga Potensi Cuan BBRI - investor.id,0.0,8025.0,142567700,0
2025-09-15,BBCA.JK,BCA Nilai Gelontoran Kas Negara ke Bank Perkuat Optimisme Pasar - Bloomberg Technoz,0.0,8025.0,142567700,0
2025-09-15,BBCA.JK,BCA Proyeksi Kredit Bank Tumbuh di Kisaran 6%-8% pada 2025 - Bloomberg Technoz,0.6,8025.0,142567700,0
2025-09-12,BBCA.JK,BCA (BBCA) Royal Bagi Dividen - investor.id,0.6,7925.0,156084700,1
2025-09-12,BBCA.JK,"Simak! Bocoran Pembagian Dividen BCA (BBCA), Ini Kisi-Kisinya - Bisnis.com",0.6,7925.0,156084700,1
2025-09-11,BBCA.JK,Mengintip Fundamental Bank BCA dan Ramalan Nasib Saham BBCA - Bisnis Indonesia Premium,0.0,7850.0,235173400,1
2025-09-11,BBCA.JK,"Alih-Alih Buyback, BCA Pilih Kuatkan Fundamental untuk Kerek Harga Saham - TradingView",0.6,7850.0,235173400,1
2025-09-11,BBCA.JK,Petinggi BCA (BBCA) Kembali Borong Ribuan Saham - Bloomberg Technoz,0.0,7850.0,235173400,1
2025-09-11,BBCA.JK,"Fundamental Tetap Solid, Saham BCA Jadi Incaran Investor Ritel - detikFinance",0.0,7850.0,235173400,1
2025-09-11,BBCA.JK,Apakah Bank BCA (BBCA) Berencana Kembali Buyback Saham? - Bloomberg Technoz,0.6,7850.0,235173400,1
2025-09-11,BBCA.JK,"Saham BBCA Masih di Bawah Rp 8.000, Analis Sarankan Perseroan Lakukan Buyback - MSN",0.6,7850.0,235173400,1
2025-09-11,BBCA.JK,BCA Belum Ada Rencana Buyback Saham Lagi Di 2025 - Validnews,0.6,7850.0,235173400,1
2025-09-11,BBCA.JK,Jahja Setiatmadja Borong 66 Ribu Saham BCA - Tempo.co,0.0,7850.0,235173400,1
2025-09-11,BBCA.JK,Apakah Bank BCA (BBCA) Berencana Kembali Buyback Saham? - Market - Bloomberg Technoz,0.6,7850.0,235173400,1
2025-09-10,BBCA.JK,"Valuasi Dinilai Murah, Cermati Rekomendasi Saham BBCA - TradingView",0.0,7800.0,246849600,1
2025-09-10,BBCA.JK,Jahja Setiaadmadja terus serok BBCA di harga terendah dalam setahun - IDNFinancials,0.0,7800.0,246849600,1
2025-09-10,BBCA.JK,Jahja Setiaatmadja Tambah Porsi Kepemilikan Sahamnya di BBCA - pasardana.id,0.0,7800.0,246849600,1
2025-09-10,BBCA.JK,"Saham BBCA Menguat 3,65% Usai Tekanan Jual Asing Mereda, Analis Nilai Valuasi Murah - InvestorTrust",-0.6,7800.0,246849600,1
2025-09-10,BBCA.JK,"Harga Saham BCA Sudah Tembus Rp 7.525, Begini Prospeknya ke Depan - kontan.co.id",0.6,7800.0,246849600,1
2025-09-10,BBCA.JK,"Harga Saham Blue Chip Bank Ini Turun 21% Dari Awal Tahun 2025, Pilih Beli / Jual? - TradingView",-0.6,7800.0,246849600,1
2025-09-10,BBCA.JK,Aksi Borong Saham BCA (BBCA) Kala Diskon Terbesar dalam 5 Tahun - Bisnis Indonesia Premium,0.0,7800.0,246849600,1
2025-09-10,BBCA.JK,"Saham BBCA Turun 22 Persen Sepanjang 2025, Apakah Ada Potensi Cuan? - Sonora.id",-0.6,7800.0,246849600,1
2025-09-10,BBCA.JK,"Asing Lepas Rp 2,1 T Sehari, BBCA Dibanting ke Level Terendah 3 Tahun - CNBC Indonesia",0.0,7800.0,246849600,1
2025-09-10,BBCA.JK,"Saham BBCA dan BBRI Terbang 2%, Dorong IHSG Menguat 1% - Bloomberg Technoz",0.6,7800.0,246849600,1
2025-09-10,BBCA.JK,"Harga Sahamnya Sedang Turun, Bagaimana Fundamental BBCA? - Bloomberg Technoz",-0.6,7800.0,246849600,1
2025-09-10,BBCA.JK,Pemerintah Bersama Team Personal Guarantee Mengambil Alih Saham BCA - KUPASS,0.0,7800.0,246849600,1
2025-09-09,BBCA.JK,"Aksi Jual Besar Asing Dorong Saham BBCA Turun Drastis, Ini Penyebabnya - Sonora.id",-0.6,7525.0,595368700,1
2025-09-09,BBCA.JK,"Tinggalkan perbankan, asing borong saham emas saat IHSG turun 1,28% - IDNFinancials",-0.6,7525.0,595368700,1
2025-09-09,BBCA.JK,Saham BBCA Murahnya Kebangetan - investor.id,0.0,7525.0,595368700,1
2025-09-09,BBCA.JK,Historia Bisnis: Ketika Salim Serahkan Saham BCA (BBCA) - Bisnis Indonesia Premium,0.0,7525.0,595368700,1
2025-09-09,BBCA.JK,"Sri Mulyani pamit, Rp2,99 triliun dana asing tinggalkan pasar saham - IDNFinancials",0.0,7525.0,595368700,1
2025-09-09,BBCA.JK,"Saham Bank BUMN dan BBCA Kompak Melemah, Valuasi Dinilai Atraktif - Infobanknews",-0.6,7525.0,595368700,1
2025-09-08,BBCA.JK,BCA: Tancapkan Tiga Target untuk Wujudkan Keuangan Berkelanjutan - SWA.co.id,0.0,7700.0,321191900,0
2025-09-08,BBCA.JK,BCA Tebar 700 Beasiswa Bakti BCA untuk Dukung Mahasiswa S1 Berprestasi - BCA.co.id,0.0,7700.0,321191900,0
2025-09-08,BBCA.JK,Saham BBCA Kenapa Lagi? - investor.id,0.0,7700.0,321191900,0
2025-09-08,BBCA.JK,Transaksi BI-Fast BCA Tembus Rp 3.352 Triliun hingga Juli 2025 - kontan.co.id,0.0,7700.0,321191900,0
2025-09-03,BBCA.JK,Jahja Setiaatmadja borong saham BBCA usai harga ambles - IDNFinancials,0.0,7975.0,212372700,1
2025-09-03,BBCA.JK,Bursa Efek Jakarta & Indonesia | Pasar Keuangan Indonesia - IDNFinancials,0.0,7975.0,212372700,1
2025-09-03,BBCA.JK,FAC Sekuritas - FAC Sekuritas,0.0,7975.0,212372700,1
2025-09-03,BBCA.JK,"Jahja Setiaatmadja Borong 62.500 Saham BBCA, Rogoh Kocek Segini - Infobanknews",0.0,7975.0,212372700,1
2025-09-03,BBCA.JK,"Berikut Return Saham Perbankan Tertinggi di Agustus 2025, Bank Kecil Lebih Unggul - TradingView",0.0,7975.0,212372700,1
2025-09-03,BBCA.JK,"Return Saham Bank Kecil Melejit pada Agustus, Begini Proyeksi Analis untuk September - TradingView",0.0,7975.0,212372700,1
2025-09-03,BBCA.JK,"Jahja Setiaatmadja Serok Saham BBCA di Harga Bawah, Target Bisa ke Rp 11.900 - MSN",0.0,7975.0,212372700,1
2025-09-03,BBCA.JK,Saham Wonderful Company Lagi Murah - investor.id,0.0,7975.0,212372700,1
2025-09-02,BBCA.JK,Kilas Balik 10 Tahun Terakhir: Analisis Kinerja Harga Saham BBCA - Ajaib,0.0,8000.0,155531500,0
2025-09-02,BBCA.JK,Blackrock dan Vanguard Melawan Arah di Saham BBCA dan BMRI - Bisnis Indonesia Premium,0.0,8000.0,155531500,0
2025-09-02,BBCA.JK,"Dana Asing Kabur Rp2,14 Triliun, Saham BBCA, BMRI, dan BBRI Paling Banyak Dilego - Infobanknews",0.0,8000.0,155531500,0
2025-09-02,BBCA.JK,Mereka yang Diam-diam Serok BBCA - investor.id,0.0,8000.0,155531500,0
2025-09-02,BBCA.JK,Cara Buka Rekening BCA secara Online Tahun 2025 - Bisnis.com,0.0,8000.0,155531500,0
2025-09-01,BBCA.JK,Semua yang Perlu Kamu Tahu tentang Dividen Saham BBCA 2024! - Ajaib,0.6,8000.0,421127500,0
2025-09-01,BBCA.JK,Analisis Pergerakan Harga Saham BBCA Hari Ini (1/9/25) - Ajaib,0.0,8000.0,421127500,0
2025-09-01,BBCA.JK,"BBCA Tertekan, Saham BCA Diprediksi Bisa Jatuh ke Level Rp7.000 - Sonora.id",0.0,8000.0,421127500,0
2025-09-01,BBCA.JK,Aksi borong saham di harga diskon ramaikan pasar saat IHSG anjlok - IDNFinancials,-0.6,8000.0,421127500,0
2025-09-01,BBCA.JK,"Modal asing Rp1,52 triliun tinggalkan pasar saham Indonesia - IDNFinancials",0.0,8000.0,421127500,0
2025-09-01,BBCA.JK,Saham BCA Paling Aktif Diperdagangkan pada Sesi Pertama Hari Ini - Tempo.co,0.0,8000.0,421127500,0
2025-09-01,BBCA.JK,Saham BBCA Diserok - investor.id,0.0,8000.0,421127500,0
2025-09-01,BBCA.JK,BCA Pastikan Layanan Kantor Cabang Beroperasi Normal usai Demo Jakarta - kontan.co.id,0.0,8000.0,421127500,0
2025-08-29,BBCA.JK,"Saham BCA Catat Pembelian Asing Tertinggi, Fundamental Jadi Bahan Bakar untuk Rebound - TradingView",0.0,8075.0,236499300,0
2025-08-29,BBCA.JK,"Saham BCA Catat Pembelian Asing Tertinggi, Fundamental Jadi Bahan Bakar untuk Rebound - kontan.co.id",0.0,8075.0,236499300,0
2025-08-29,BBCA.JK,Beberapa Kantor Cabang BCA di Jakarta Tutup Sementara Imbas Demo - kontan.co.id,0.0,8075.0,236499300,0
2025-08-28,BBCA.JK,"Video: Saham Bank Swasta Berguguran, Ada Apa? - CNBC Indonesia",0.0,8325.0,81281400,0
2025-08-28,BBCA.JK,"Timothy Ronald Dijuluki ""Warren Buffet"" Indonesia, Investor Muda Pemilik 11 Juta Saham BCA - MetroTVNews.com",0.0,8325.0,81281400,0
2025-08-28,BBCA.JK,BCA ungkap kiat hadapi tantangan global bagi mahasiswa - Antara News jatim,0.0,8325.0,81281400,0
2025-08-28,BBCA.JK,"Saham Wonderful Company , Dikoleksi Tokoh-tokoh Ternama, Harga Bisa Segini - investor.id",0.0,8325.0,81281400,0
2025-08-27,BBCA.JK,"BBCA Jadi Target Utama Net Sell Asing, Sentuh Level Terendah 4 Bulan - CNBC Indonesia",-0.6,8300.0,111915700,1
2025-08-27,BBCA.JK,"Timothy Ronald Borong 11 Juta Saham BBCA, Investor Ritel Perlu Beli / Jual? - MSN",-0.6,8300.0,111915700,1
2025-08-27,BBCA.JK,Kinerja Saham Bank Swasta Terburuk: Panin & BCA Paling Hancur - CNBC Indonesia,0.0,8300.0,111915700,1
2025-08-27,BBCA.JK,BCA Terapkan Otomasi 90 Persen Sistem untuk Lawan Serangan Siber - Infobanknews,0.0,8300.0,111915700,1
2025-08-25,BBCA.JK,"Saham BBCA: Profil, Kinerja Keuangan, Riwayat Dividen, dan Prospek Bisnisnya - InvestasiKu",0.6,8475.0,64052700,0
2025-08-25,BBCA.JK,Semenarik Apa Saham BBCA setelah Muncul Laporan Kinerja Terbaru? - investor.id,0.0,8475.0,64052700,0
2025-08-22,BBCA.JK,Begini lo Histori Grup Djarum Menguasai Saham Bank Central Asia (BCA) - KONTAN,0.0,8450.0,66394100,1
2025-08-22,BBCA.JK,"Didik J Rachbini: Narasi Bahaya, Ambil Alih Paksa BCA - Infobanknews",0.0,8450.0,66394100,1
2025-08-22,BBCA.JK,"Wacana Ambil Alih Paksa BCA, Ekonom: Narasi Berbahaya Yang Tidak Waras! - Validnews",0.0,8450.0,66394100,1
2025-08-22,BBCA.JK,Narasi Dukung Pemerintah Ambil Alih BCA Berpotensi Rusak Tatanan Perbankan - Tempo.co,0.0,8450.0,66394100,1
2025-08-21,BBCA.JK,"Saham BBCA Akhiri Koreksi Tiga Hari Beruntun, Ada Crossing Ratusan Miliar Rupiah - KONTAN",0.0,8550.0,69470200,0
2025-08-21,BBCA.JK,"Heboh Kabar Akuisisi Saham BCA, Danantara Indonesia Buka Suara - CNBC Indonesia",0.0,8550.0,69470200,0
2025-08-20,BBCA.JK,BCA (BBCA) Klarifikasi Isu Pembelian Saham dan Utang Rp 60 Triliun - InvestorTrust,0.0,8525.0,202260200,1
2025-08-20,BBCA.JK,"Soal akuisisi 51% saham di masa lalu, BBCA buka suara - IDNFinancials",0.0,8525.0,202260200,1
2025-08-20,BBCA.JK,"Melihat Proyeksi Saham BBCA, Bisa Tembus ke Level Rp9.000? - KabarBursa.com",0.0,8525.0,202260200,1
2025-08-20,BBCA.JK,BCA Bantah Isu Rekayasa Akuisisi 51 Persen Saham BBCA - KabarBursa.com,0.0,8525.0,202260200,1
2025-08-20,BBCA.JK,BBCA Klarifikasi Isu Akuisisi Rp5 Triliun & Utang Rp60 Triliun ke Negara yang Heboh di Media - Bareksa.com,0.0,8525.0,202260200,1
2025-08-20,BBCA.JK,"Meski Muncul Ide Ambil Paksa 51% Saham Bank BCA, Goldman Sachs Cs Rajin Borong BBCA - KONTAN",0.0,8525.0,202260200,1
2025-08-20,BBCA.JK,BCA Buka Suara Terkait Isu Pengambilalihan 51% Saham Oleh Pemerintah - TradingView,0.0,8525.0,202260200,1
2025-08-20,BBCA.JK,"Saham BCA (BBCA) Ambruk 6% Sepekan, Ada Apa? - CNBC Indonesia",-0.6,8525.0,202260200,1
2025-08-20,BBCA.JK,"Untuk Apa Komisaris BCA Jahja Setiaatmadja Jual Saham Rp 8,75 M? - Tempo.co",-0.6,8525.0,202260200,1
2025-08-20,BBCA.JK,"Bos BCA Jahja Setiaatmadia Jual 1 Juta Saham, Kantongi Rp8,75 M - CNBC Indonesia",-0.6,8525.0,202260200,1
2025-08-20,BBCA.JK,BCA Buka Suara Soal Wacana Pengambilalihan 51% Saham BCA oleh Pemerintah Secara Cuma-cuma - Iconomics,0.0,8525.0,202260200,1
2025-08-20,BBCA.JK,Jadwal Operasional BCA Selama Libur dan Cuti Bersama Hari Kemerdekaan ke-80 Republik Indonesia - BCA.co.id,0.0,8525.0,202260200,1
2025-08-20,BBCA.JK,"BCA Bantah Isu Pemerintah Ambil Alih 51% Saham, BBCA Ditutup Naik 0,29% Rabu (20/8) - Pusat Data Kontan",0.6,8525.0,202260200,1
2025-08-19,BBCA.JK,"Isu Akuisisi Tekan Saham BCA 2,3%, Analis: Fundamental Tetap Solid - InvestorTrust",0.0,8500.0,128591700,1
2025-08-19,BBCA.JK,"Pemerintah Diminta Ambil Saham Mayoritas BCA, Komisi XI : Jangan Bikin Gaduh - FPKB DPR RI",0.0,8500.0,128591700,1
2025-08-19,BBCA.JK,"Narasi Berbahaya, Ambil Alih Paksa BCA - InvestorTrust",0.0,8500.0,128591700,1
2025-08-19,BBCA.JK,Wacana Pemerintah Ambil Alih Kembali Saham BCA: Realistis atau Berisiko? - HukumID,-0.6,8500.0,128591700,1
2025-08-19,BBCA.JK,"Komisaris Utama BCA Lepas 1 Juta Saham, Kantongi Rp8,7 M - Bloomberg Technoz",0.0,8500.0,128591700,1
2025-08-19,BBCA.JK,"Jejak Panjang BCA: Pernah Diselamatkan Negara, Kini dalam Dekapan Djarum - Bisnis.com",0.0,8500.0,128591700,1
2025-08-19,BBCA.JK,Nasib Saham BBCA - investor.id,0.0,8500.0,128591700,1
2025-08-19,BBCA.JK,"Saham BBCA Tergelincir Menjadi Rp 8.500 Selasa (19/8), Sepekan Turun Hampir 4% - Pusat Data Kontan",-0.6,8500.0,128591700,1
2025-08-15,BBCA.JK,"Saham BCA, Bank Ina, BRI paling banyak diserbu investor - IDNFinancials",0.0,8700.0,68754200,0
2025-08-15,BBCA.JK,Bursa Efek Jakarta & Indonesia | Pasar Keuangan Indonesia - IDNFinancials,0.0,8700.0,68754200,0
2025-08-15,BBCA.JK,"Net Buy Berlanjut Rp 1,30 Triliun, Asing Borong Saham BBRI, BMRI, dan TLKM - InvestorTrust",0.0,8700.0,68754200,0
2025-08-15,BBCA.JK,"Harga Belum Tembus 9.000, Bagaimana Prospek Saham BCA Hari Ini? - Kompas.com",0.6,8700.0,68754200,0
2025-08-15,BBCA.JK,"Kesempatan Beli Saham Wonderful , Harganya Bisa ke Rp 11.000 - investor.id",0.0,8700.0,68754200,0
2025-08-15,BBCA.JK,BCA Tutup Kantor Cabang di Hong Kong - MetroTVNews.com,0.0,8700.0,68754200,0
2025-08-15,BBCA.JK,Kantor Cabang BCA Tutup 17-18 Agustus. Layanan Aplikasi Tetap Jalan - Tempo.co,0.0,8700.0,68754200,0
2025-08-14,BBCA.JK,Pemberitahuan Penutupan Kantor Perwakilan BCA di Hong Kong - BCA.co.id,0.0,8775.0,122930900,0
2025-08-14,BBCA.JK,Notification of Closure of BCA Representative Office in Hong Kong - BCA.co.id,0.0,8775.0,122930900,0
2025-08-14,BBCA.JK,Bank BCA Tutup Kantor Cabang Perwakilan Hong Kong - kontan.co.id,0.0,8775.0,122930900,0
2025-08-14,BBCA.JK,BCA (BBCA) Tutup Kantor Perwakilan Hong Kong - Bisnis.com,0.0,8775.0,122930900,0
2025-08-13,BBCA.JK,"BBCA, BBRI, BMRI serap dana asing terbesar, siapa paling menarik? - IDNFinancials",0.0,8925.0,129083900,0
2025-08-13,BBCA.JK,Bursa Efek Jakarta & Indonesia | Pasar Keuangan Indonesia - IDNFinancials,0.0,8925.0,129083900,0
2025-08-13,BBCA.JK,"IHSG cetak rekor baru, saham Danantara serap transaksi tertinggi - IDNFinancials",0.6,8925.0,129083900,0
2025-08-12,BBCA.JK,"IHSG capai rekor tertinggi didukung saham BBRI, BBCA, BMRI - IDNFinancials",0.6,8850.0,171015700,1
2025-08-12,BBCA.JK,"Dana Asing Masuk Rp833,70 Miliar, Saham BBCA dan BBRI Paling Banyak Diborong - Infobanknews",0.0,8850.0,171015700,1
2025-08-12,BBCA.JK,"Saham Mendadak Laris, Harga Bisa Rp 11.000 - investor.id",0.0,8850.0,171015700,1
2025-08-06,BBCA.JK,PART Bakal Gelar RUPSLB untuk Minta Restu Pemodal Sehubungan Rencana Penjaminan Aset Perseroan atas Plafon Fasilitas Pinjaman dari BCA - pasardana.id,0.0,8300.0,56325400,0
2025-08-06,BBCA.JK,Manufaktur dan Perdagangan jadi Kontributor Utama Penyaluran Kredit BCA - Bisnis.com,0.0,8300.0,56325400,0
2025-08-05,BBCA.JK,"Asing Masuk Pasar Net Buy Rp 552,26 Miliar, Saham BMRI dan BBCA Diborong - InvestorTrust",0.0,8425.0,69475900,0
2025-08-05,BBCA.JK,"Harga Premium di Regional, Saham BCA (BBCA) Tetap Jadi Idaman Investor - TradingView",0.0,8425.0,69475900,0
2025-08-05,BBCA.JK,"IHSG Bisa Kembali Ngegas? Rekomendasi Saham Hari Ini BBCA, INDY, JSMR & PGAS - Bareksa.com",0.0,8425.0,69475900,0
2025-08-05,BBCA.JK,"Saham Bank Besar Paling Recommended , Cuannya Bisa 40% - investor.id",0.0,8425.0,69475900,0
2025-08-05,BBCA.JK,"Duo Hartono masih terus borong SSIA, kini kuasai 10,04% - IDNFinancials",0.0,8425.0,69475900,0
2025-08-05,BBCA.JK,Rekomendasi Berbeda JP Morgan soal Prospek Kinerja BCA (BBCA) - Bisnis Indonesia Premium,0.6,8425.0,69475900,0
2025-08-05,BBCA.JK,Penyaluran Kredit Hijau BCA Capai Rp 103 Triliun pada Semester I-2025 - kontan.co.id,0.0,8425.0,69475900,0
2025-08-04,BBCA.JK,Penasaran Keuntungan 1 Lot Saham BCA Berapa? Ini Kinerja Semester I 2025 & Rekomendasi BBCA - Bareksa.com,0.6,8275.0,49054500,1
2025-08-01,BBCA.JK,"Laba Bertumbuh Solid, Saham BBCA Tetap Menjadi Top Pick Sektor Bank - InvestorTrust",0.6,8300.0,86196100,0
2025-08-01,BBCA.JK,"5 Saham Milik Djarum Group, Bukan Hanya BBCA Saja! - InvestasiKu",0.0,8300.0,86196100,0
2025-07-31,BBCA.JK,Laba BBCA naik 8% di semester I 2025 - IDNFinancials,0.6,8275.0,206006300,1
2025-07-31,BBCA.JK,Harga Saham BBCA Bakal Segini - investor.id,0.0,8275.0,206006300,1
2025-07-31,BBCA.JK,Kinerja Solid Ditopang Penyaluran Kredit yang Pruden - BCA.co.id,0.0,8275.0,206006300,1
2025-07-31,BBCA.JK,DEWA dapat fasilitas kredit senilai Rp350 miliar - IDNFinancials,0.0,8275.0,206006300,1
2025-07-31,BBCA.JK,Data Kinerja Bank Central Asia (BCA) Semester I/2025 dan Rasio Keuangan - DataIndonesia,0.0,8275.0,206006300,1
2025-07-31,BBCA.JK,"Tumbuh 8%, Laba BCA (BBCA) Tembus Rp 29 triliun pada Semester I 2025 - kontan.co.id",0.6,8275.0,206006300,1
2025-07-30,BBCA.JK,"Laba BCA (BBCA) Capai Rp 29 Triliun di Semester I 2025, Naik 8% - InvestorTrust",0.6,8375.0,98098100,0
2025-07-30,BBCA.JK,"Saham Lagi Diskon Kena Net Sell Asing Rp 17 T, Diramal Bisa ke Rp 11.000 - investor.id",-0.6,8375.0,98098100,0
2025-07-30,BBCA.JK,Bank BCA (BBCA) Andalkan DPK Jaga Likuiditas - Bisnis.com,0.0,8375.0,98098100,0
2025-07-30,BBCA.JK,"BCA (BBCA) Bukukan Laba Rp29 Triliun pada Semester I/2025, Naik 8% YoY - Bisnis.com",0.6,8375.0,98098100,0
2025-07-28,BBCA.JK,"HSG Ditutup Menguat 0,94 Persen, BCA Catat Transaksi Tertinggi - KabarBursa.com",0.6,8500.0,99484300,0
2025-07-24,BBCA.JK,Hartono Bersaudara tambah 686 juta saham TOWR - IDNFinancials,0.0,8500.0,138256800,0
2025-07-24,BBCA.JK,"Ada Transaksi Crossing Jumbo di Saham Bank BCA (BBCA) Rp1,28 Triliun - Bisnis.com",0.0,8500.0,138256800,0
2025-07-23,BBCA.JK,Prajogo Pangestu dan Duo Hartono terlihat terus 'berebut' saham SSIA - IDNFinancials,0.0,8425.0,70969500,1
2025-07-23,BBCA.JK,Book value per share dari PT Bank Central Asia Tbk – IDX:BBCA - TradingView,0.0,8425.0,70969500,1
2025-07-18,BBCA.JK,BCA Berhasil Mempertahankan Predikat sebagai Tempat Kerja Terbaik - SWA.co.id,0.0,8425.0,80432200,1
2025-07-17,BBCA.JK,BBCA | Bank Central Asia untuk IDX:BBCA oleh Technicalstock_ - TradingView,0.0,8525.0,86016400,0
2025-07-15,BBCA.JK,Seberapa Besar Diskon Saham BCA (BBCA) Awal Semester II/2025 - Bisnis Indonesia Premium,0.0,8550.0,77219300,0
2025-07-11,BBCA.JK,BCA dan BNP Paribas AM Menggaungkan Reksa Dana Syariah Berbasis Saham Teknologi Global - SWA.co.id,0.0,8625.0,135986500,0
2025-07-10,BBCA.JK,"Resmi Listing di BEI, Trimitra Trans Persada Tbk Siap Ekspansi Bisnis - pasardana.id",0.6,8600.0,111769400,1
2025-07-09,BBCA.JK,"Nasib Saham Ini Lagi Turun, Tapi Diramal Bisa ke Rp 11.000 - investor.id",-0.6,8500.0,94459300,1
2025-07-07,BBCA.JK,"Memperkenalkan BNP Paribas Titan, Reksa Dana Saham Syariah Offshore Baru di BCA - BCA.co.id",0.0,8625.0,49936900,0
2025-07-03,BBCA.JK,Mudahnya Cek Portofolio Saham dan Obligasi BCA Sekuritas di myBCA - BCA.co.id,0.0,8600.0,50370800,1
2025-07-01,BBCA.JK,"Selamat! 4 Tim dari Perguruan Tinggi Ini Jadi Pemenang Genera-Z Berbakti, Siap Wujudkan Ide dan Inovasi di Desa Bakti BCA - BCA.co.id",0.0,8700.0,82364500,0
2025-07-01,BBCA.JK,"Kredit Modal Kerja Kembali Menggeliat, Ini Penopangnya - kontan.co.id",0.0,8700.0,82364500,0
2025-06-30,BBCA.JK,BCA Raih Penghargaan Bisnis Indonesia Awards 2025 Kategori Bank Swasta Beraset Jumbo - Bisnis.com,0.0,8675.0,185441800,1
2025-06-30,BBCA.JK,"So Sweet , Investor MNC Sekuritas Beri Mahar Saham BCA sebagai Simbol Cinta - economy.okezone.com",0.0,8675.0,185441800,1
2025-06-30,BBCA.JK,Adu Kinerja 12 Saham Bank yang Rilis Laporan Mei 2025 - Mikir Duit,0.0,8675.0,185441800,1
2025-06-30,BBCA.JK,Profil Grup Djarum yang Borong Saham Rumah Sakit Hermina - Tempo.co,0.0,8675.0,185441800,1
2025-06-26,BBCA.JK,"Wujudkan Komitmen Berkelanjutan Dukung UMKM, BCA Gelar Program Inkubasi UMKM BCA Go Export - BCA.co.id",0.0,8650.0,117281700,1
2025-06-25,BBCA.JK,Pemilik BBCA masuk sebagai pemegang saham HEAL - IDNFinancials,0.0,8600.0,117561000,1
2025-06-25,BBCA.JK,"IHSG Tiba-Tiba Balik ke Zona Merah, Saham BBCA Jadi Biang Kerok - CNBC Indonesia",0.0,8600.0,117561000,1
2025-06-25,BBCA.JK,"Rangkuman Rekomendasi Saham Hari Ini, 25 Juni 2025 - Bloomberg Technoz",0.0,8600.0,117561000,1
2025-06-24,BBCA.JK,"Punya Saham BBCA, BBRI, BMRI hingga ICBP. Cuan Reksadana Batavia & Ciptadana Melesat - Bareksa.com",0.0,8775.0,110158900,0
2025-06-24,BBCA.JK,"Dari ADRO, ITMG hingga BBCA, Ini Deretan Saham dengan Dividen Super Royal - Bisnis.com",0.6,8775.0,110158900,0
2025-06-24,BBCA.JK,BCA Ungkap Suku Bunga Kreditnya Masih Kompetitif Saat Bank Indonesia Minta Turun - Bisnis.com,-0.6,8775.0,110158900,0
2025-06-24,BBCA.JK,BCA waspadai dampak eskalasi konflik Iran-Israel di sektor keuangan - ANTARA News,0.0,8775.0,110158900,0
2025-06-23,BBCA.JK,"Saham Bank LQ45 Memerah saat IHSG Turun pada Senin (23/6), Ada BBRI, BMRI, dan BBCA - kontan.co.id",-0.6,8625.0,87324500,1
2025-06-23,BBCA.JK,Kinerja Asuransi Central Asia (ACA) Stabil di Tengah Tantangan Industri - InvestorTrust,0.0,8625.0,87324500,1
2025-06-20,BBCA.JK,"Rekor Terendah Harga Saham BBCA Sepanjang Masa, Apakah Akan Kembali Terulang - Suara.com",0.6,8700.0,445915100,0
2025-06-20,BBCA.JK,"Konglomerat RI Pemilik Bank dan Nilai Kekayaan Terkini, Ada yang Tembus Ratusan Triliun - Bisnis.com",0.0,8700.0,445915100,0
2025-06-20,BBCA.JK,"Saham Tambang Diramal Terbang 153%, Laba Bakal Meroket - investor.id",0.6,8700.0,445915100,0
2025-06-20,BBCA.JK,"Peresmian KCP Kas Tanjung Senang, Memperkuat Layanan BCA untuk Masyarakat Bandar Lampung - BCA.co.id",0.0,8700.0,445915100,0
2025-06-19,BBCA.JK,BCA Ungkap Strategi Hadapi Likuiditas Ketat Perbankan - Bisnis.com,0.0,8775.0,78879500,0
2025-06-19,BBCA.JK,"Saham Rontok Berjemaah, Gara-gara Apa? - investor.id",0.0,8775.0,78879500,0
2025-06-18,BBCA.JK,"Asing Jual BBCA Nyaris Rp500 Miliar, ini Tekanan Teknikalnya - KabarBursa.com",-0.6,8900.0,86270200,0
2025-06-18,BBCA.JK,"Perang Iran-Israel: Saham Bank Tertekan, Saham Migas Naik Terbatas - Kompas.id",0.6,8900.0,86270200,0
2025-06-18,BBCA.JK,"Yield Dividen Saham Blue Chip Ini 5x Bunga Deposito BCA, Cum Date 20 Juni 2025 - kontan.co.id",0.6,8900.0,86270200,0
2025-06-18,BBCA.JK,"Intip Kekayaan Timothy Ronald, Benarkah se-Fantastis Itu? - Inilah.com",0.0,8900.0,86270200,0
2025-06-17,BBCA.JK,"Laba Bersih Mei Positif, Capital Group Hingga JP Morgan Profit Taking Saham BBCA - KONTAN",0.6,9075.0,54927900,0
2025-06-16,BBCA.JK,"Didorong Kredit & Dividen, Laba BCA Melesat 16,3% Jadi Rp25,1 T - Ajaib",0.6,8925.0,57825000,1
2025-06-16,BBCA.JK,🏦 BBCA 5M25: Laba Bersih Bank Only +16% YoY - Stockbit Snips,0.6,8925.0,57825000,1
2025-06-13,BBCA.JK,"Potensi Saham Bank Naik di Juli-Agustus Capai 80%, Ini Rekomendasi Investasinya! - Bareksa.com",0.6,9025.0,83318000,0
2025-06-13,BBCA.JK,Jalan Panjang Jahja Setiaatmadja Menjaga Keperkasaan BBCA - investor.id,0.0,9025.0,83318000,0
2025-06-13,BBCA.JK,"Held BCA Data Conference 2025, BCA Promotes Ethical AI Adoption for Business - BCA.co.id",0.0,9025.0,83318000,0
2025-06-13,BBCA.JK,"Punya Budaya Inovasi Kuat dan Visi Mumpuni, 3 Pemimpin BCA Sabet Penghargaan dari Lembaga Riset European-Asian Management Institute - BCA.co.id",0.0,9025.0,83318000,0
2025-06-13,BBCA.JK,"Gelar BCA Data Conference 2025, BCA Dukung Adopsi AI Beretika untuk Dunia Bisnis - BCA.co.id",0.0,9025.0,83318000,0
2025-06-12,BBCA.JK,Bos Dapen BCA Ungkap Kelebihan dan Risiko Investasi di ETF Emas - kontan.co.id,-0.6,9125.0,41337300,0
2025-06-12,BBCA.JK,"Harga Naik 177% Tahun 2025, Yield Dividen Saham Ini 3x Bunga Deposito BCA - MSN",0.6,9125.0,41337300,0
2025-06-11,BBCA.JK,Bursa Efek Jakarta & Indonesia | Pasar Keuangan Indonesia - IDNFinancials,0.0,9050.0,56632600,1
2025-06-10,BBCA.JK,"Pegang BREN, PTRO, BBCA & BMRI, Reksadana Saham Syailendra & Henan Putihrai Melesat 2% Sehari - Bareksa.com",0.0,9100.0,80406400,0
2025-06-10,BBCA.JK,Jadwal Operasional BCA Selama Libur dan Cuti Bersama Hari Raya Iduladha 2025 - BCA.co.id,0.0,9100.0,80406400,0
2025-06-05,BBCA.JK,BCA Introduces South Korean Won (KRW) Transaction Services - BCA.co.id,0.0,8925.0,95529000,1
2025-06-05,BBCA.JK,BCA Resmi Hadirkan Layanan Transaksi dalam Mata Uang Won Korea Selatan (KRW) - BCA.co.id,0.0,8925.0,95529000,1
2025-06-05,BBCA.JK,Simak Jadwal Operasional BCA Selama Libur dan Cuti Bersama Hari Raya Iduladha 2025 - kontan.co.id,0.0,8925.0,95529000,1
2025-06-05,BBCA.JK,"Simak, Jadwal Operasional Kantor Cabang BCA Saat Libur Idul Adha - Kompas.com",0.0,8925.0,95529000,1
2025-06-05,BBCA.JK,Simak Jadwal Operasional BCA selama Libur dan Cuti Bersama Iduladha - MetroTVNews.com,0.0,8925.0,95529000,1
2025-06-04,BBCA.JK,"Ini Dia Bos Baru BCA, Resmi Menjabat Mulai Juni - detikFinance",0.0,8975.0,93357200,0
2025-06-04,BBCA.JK,Rekam Jejak Hendra Lembong Presdir BCA dan Jahja Setiaatmadja Preskom BCA - Tempo.co,0.0,8975.0,93357200,0
2025-06-03,BBCA.JK,"Pelemahan 4 Saham Big Bank Tekan IHSG, Intip kembali Target Harga BBCA, BBRI, BMRI, dan BBNI - InvestorTrust",0.0,9050.0,128318100,0
2025-06-03,BBCA.JK,BCA dan Manulife Aset Manajemen Indonesia Hadirkan Reksa Dana Manulife Liquid Fund USD Kelas A - pasardana.id,0.0,9050.0,128318100,0
2025-06-03,BBCA.JK,"Investor Asing Net Sell Rp2,8 Triliun Buat IHSG Melemah 1,5% - Bloomberg Technoz",-0.6,9050.0,128318100,0
2025-06-03,BBCA.JK,"Saham Perbankan Masih Melanjutkan Tren Pelemahan, Simak Rekomendasi Analis - kontan.co.id",0.0,9050.0,128318100,0
2025-06-03,BBCA.JK,BCA dan MAMI Hadirkan Reksa Dana Manulife Liquid Fund USD Kelas A - pasardana.id,0.0,9050.0,128318100,0
2025-06-02,BBCA.JK,Hendra Lembong Resmi Menjabat Presiden Direktur BCA per 2 Juni 2025 - Tempo.co,0.0,9100.0,264428700,0
2025-06-02,BBCA.JK,Jadwal Operasional BCA Selama Libur dan Cuti Bersama Hari Kenaikan Yesus Kristus dan Hari Lahir Pancasila 2025 - BCA.co.id,0.6,9100.0,264428700,0
2025-06-02,BBCA.JK,"Hendra Lembong Resmi Jadi Presdir BCA, Jahja Setiaatmadja Preskom - CNN Indonesia",0.0,9100.0,264428700,0
2025-06-02,BBCA.JK,"Hendra Lembong Resmi Menjabat Presdir BCA, Jahja Setiaatmadja Resmi Jadi Preskom - Kompas.com",0.0,9100.0,264428700,0
2025-05-26,BBCA.JK,Investor Asing Borong Saham BBCA dan BBRI Hingga Rp1 T Lebih - Bloomberg Technoz,0.0,9625.0,56625300,0
2025-05-26,BBCA.JK,"Hari Ini (26/5) Cum Date, Yield Dividen Saham Ini Di atas 3x Bunga Deposito BCA - MSN",0.6,9625.0,56625300,0
2025-05-26,BBCA.JK,Beranda - Kementerian Perumahan dan Kawasan Permukiman,0.0,9625.0,56625300,0
2025-05-23,BBCA.JK,"Saham BBCA Menguat, Siap Melaju ke Rp 11.000-an? - Ajaib",0.6,9675.0,48521800,0
2025-05-23,BBCA.JK,"IHSG Tembus 7.200, BBRI, ANTM, BBCA Paling Banyak Net Buy Asing, Jumat (23/5) - Pusat Data Kontan",0.0,9675.0,48521800,0
2025-05-23,BBCA.JK,"BERITA POPULER: Harga Emas Perhiasan Menyala hingga Target Harga BBCA, BBRI, dan BMRI Terbaru - investor.id",0.0,9675.0,48521800,0
2025-05-22,BBCA.JK,Respons BCA soal Pemblokiran Rekening yang Dilakukan PPATK - Tirto.id,0.0,9650.0,103113000,1
2025-05-21,BBCA.JK,"Koleksi Saham ANTM, BBRI, BMRI, BBCA hingga PGAS, Cuan Reksadana Manulife dan Schroder Ngegas - Bareksa.com",0.0,9700.0,169739200,0
2025-05-21,BBCA.JK,"Rekomendasi Saham BBRI, BBNI, BMRI, BBCA Jelang Keputusan BI Rate - Bloomberg Technoz",0.0,9700.0,169739200,0
2025-05-21,BBCA.JK,"PREMIUM WRAP-UP: BBCA Dekati Rp10.000, Pembeli Emas Antam, hingga Serok Saham PTBA - Bisnis.com",0.0,9700.0,169739200,0
2025-05-21,BBCA.JK,"ANJT Kantongi Kredit Rp1,6 T dari BCA untuk Operasional Anak Usaha - netralnews.com",0.0,9700.0,169739200,0
2025-05-20,BBCA.JK,"Besok (21/5) Cum Date, Yield Dividen Saham Ini Melebihi 6x Bunga Deposito BCA - MSN",0.6,9475.0,160614800,1
2025-05-20,BBCA.JK,"Laba bersih BBCA tembus Rp20,2 triliun hingga April, ini penopangnya - IDNFinancials",0.6,9475.0,160614800,1
2025-05-20,BBCA.JK,"Top! Laba BCA Tumbuh 17,40 Persen Jadi Rp20,21 Triliun per April 2025 - Infobanknews",0.6,9475.0,160614800,1
2025-05-19,BBCA.JK,"Goldman Sachs Kerek Target Harga BBCA, Tembus Rp11.000/Saham - Bloomberg Technoz",0.0,9500.0,111597200,0
2025-05-19,BBCA.JK,"BBCA Naik Terus, Kinerja Bagus? Aroma Cuan Masih Terendus - Halaman 2 - investor.id",0.6,9500.0,111597200,0
2025-05-19,BBCA.JK,Pasar Respons Kinerja BCA usai Laba Bersih Tumbuh 17 Persen - KabarBursa.com,0.6,9500.0,111597200,0
2025-05-19,BBCA.JK,Ini Tanggapan BCA Soal Pemblokiran Rekening Dormant - kontan.co.id,0.0,9500.0,111597200,0
2025-05-16,BBCA.JK,Sinar Mas Cakrawala jual 4 juta saham SMMA - IDNFinancials,-0.6,9300.0,63007500,1
2025-05-15,BBCA.JK,BBCA hentikan buyback lebih cepat dari jadwal - IDNFinancials,0.6,9275.0,101401300,1
2025-05-15,BBCA.JK,BCA Percepat Berakhirnya Periode Pembelian Kembali Saham Perseroan - pasardana.id,0.0,9275.0,101401300,1
2025-05-15,BBCA.JK,"Saham bank kembali jadi penopang IHSG, tarik dana investor asing - IDNFinancials",0.0,9275.0,101401300,1
2025-05-15,BBCA.JK,"Pasar Sudah Pulih, Bank BCA Setop Buyback Saham - kumparan.com - Kumparan.com",0.6,9275.0,101401300,1
2025-05-15,BBCA.JK,"Dipercepat, Pelaksanaan Buyback BCA Telah Berakhir - kontan.co.id",0.6,9275.0,101401300,1
2025-05-14,BBCA.JK,"Vanguard akumulasi saham ini, berpotensi menguat? - IDNFinancials",0.6,9275.0,149002900,0
2025-05-14,BBCA.JK,Jadwal Operasional BCA Selama Libur dan Cuti Bersama Hari Raya Waisak 2025 - BCA.co.id,0.0,9275.0,149002900,0
2025-05-14,BBCA.JK,BCA Operational Schedule During the Vesak Day 2025 Holiday and Collective Leave - BCA.co.id,0.0,9275.0,149002900,0
2025-05-09,BBCA.JK,"Besok (21/5) Cum Date, Yield Dividen Saham Ini Melebihi 6x Bunga Deposito BCA - MSN",0.6,9000.0,47167500,1
2025-05-08,BBCA.JK,BCA Pertahankan Posisi Sebagai Brand Perbankan Terkuat di Dunia Versi Brand Finance Selama Dua Tahun Beruntun - BCA.co.id,0.0,8975.0,99614500,1
2025-05-08,BBCA.JK,BCA Retains Its Position as the World’s Strongest Banking Brand by Brand Finance for Two Consecutive Years - BCA.co.id,0.0,8975.0,99614500,1
2025-05-07,BBCA.JK,Kinerja BCA di Kuartal II 2025 Diramal Solid - KabarBursa.com,0.0,9075.0,77382000,0
2025-05-07,BBCA.JK,"BCA jadi Bank Terbaik Versi Forbes, Intip Kekayaan Sang Pemilik Hartono Bersaudara - Liputan6.com",0.0,9075.0,77382000,0
2025-05-07,BBCA.JK,"Sugeng Rawuh Ing Jogja! Direktur BCA Berbagi Ilmu di Universitas Gadjah Mada, Berikan Kiat Terkait Digitalisasi ke Ratusan Mahasiswa - BCA.co.id",0.0,9075.0,77382000,0
2025-05-07,BBCA.JK,BCA pertahankan posisi sebagai Bank Terbaik di Indonesia Versi Forbes - ANTARA News Megapolitan,0.0,9075.0,77382000,0
2025-05-06,BBCA.JK,"Efisiensi Tanpa Pemangkasan: Strategi BCA Tekan Biaya, Raup Laba Rp14,1 Triliun - SWA.co.id",0.6,9025.0,48860500,1
2025-05-06,BBCA.JK,BCA Beberkan Strategi di Balik Sistem Keamanan yang Tangguh dan Layanan haloBCA - BCA.co.id,0.0,9025.0,48860500,1
2025-05-06,BBCA.JK,BCA Pertahankan Predikat Bank Terbaik di Indonsia Versi Forbes - Marketeers,0.0,9025.0,48860500,1
2025-05-06,BBCA.JK,"Jumlah RDN BCA Hingga Maret 2025 Capai lebih Dari 3,4 Juta - kontan.co.id",0.0,9025.0,48860500,1
2025-05-06,BBCA.JK,"BCA Merevitalisasi Kebun Kopi di Bogor, Tingkatkan Produksi hingga 350% - Marketeers",0.0,9025.0,48860500,1
2025-05-05,BBCA.JK,BCA Finance Sepakat Industri Multifinance Harus Lebih Hati-Hati Hadapi Tekanan Global - Bisnis.com,-0.6,8975.0,86385600,1
2025-05-05,BBCA.JK,"Ajukan Pinjaman KUR BCA Tanpa Agunan, Solusi Modal UMKM dari Bank Central Asia 2025 - radarciamis.disway.id - Radar Ciamis",0.0,8975.0,86385600,1
2025-05-02,BBCA.JK,"Masuk Jajaran World’s Best Banks, BCA Pertahankan Posisi sebagai Bank Terbaik di Indonesia Versi Forbes - BCA.co.id",0.0,8975.0,92219000,0
2025-05-02,BBCA.JK,"Ranked Among the World's Best Banks, BCA Maintains Its Position as the Best Bank in Indonesia According to Forbes - BCA.co.id",0.0,8975.0,92219000,0
2025-04-30,BBCA.JK,Catatan JP Morgan untuk BBCA usai Jadi Big Banks dengan Laba Tertinggi - Bisnis.com,0.6,8825.0,164597500,1
2025-04-30,BBCA.JK,"Siapa Pemilik BCA, Bank Swasta Terbesar di Indonesia? - Kompas.com",0.0,8825.0,164597500,1
2025-04-30,BBCA.JK,BCA Masuk Jajaran World's Best Banks - Tempo.co,0.0,8825.0,164597500,1
2025-04-30,BBCA.JK,BCA Pertahankan Posisi sebagai Bank Terbaik di Indonesia - Tempo.co,0.0,8825.0,164597500,1
2025-04-29,BBCA.JK,"Pendapatan Fee & Komisi BCA Tumbuh 8,3% YoY Menjadi Rp 4,8 Triliun, Ini Pendorongnya - kontan.co.id",0.6,8725.0,60315700,1
2025-04-29,BBCA.JK,10 Produk Simpanan BCA Terbaik yang Perlu Diketahui - Cermati.com,0.0,8725.0,60315700,1
2025-04-28,BBCA.JK,Perusahaan induk BBCA borong 1 miliar saham TOWR - IDNFinancials,0.0,8775.0,73235400,0
2025-04-28,BBCA.JK,"Nggak Nyangka, Prospek Saham Bank Digital Sejajar dengan BBCA - investor.id",0.6,8775.0,73235400,0
2025-04-28,BBCA.JK,"Tabel Angsuran Terbaru KUR BCA, Cek di Sini - Liputan6.com",0.0,8775.0,73235400,0
2025-04-25,BBCA.JK,"UBS Overweight Saham RI - Goldman Sach Update Rating Big Bank, Sinyal Mulai Bangkit? - Mikir Duit",0.0,8600.0,58297000,1
2025-04-25,BBCA.JK,"BCA Bukukan Laba Rp 14,1 T pada Kuartal Pertama 2025 - Tempo.co",0.6,8600.0,58297000,1
2025-04-24,BBCA.JK,Bos BCA Buka Suara Terkait Pelemahan Harga Saham Perbankan - kontan.co.id,0.0,8475.0,143675300,1
2025-04-24,BBCA.JK,"BCA Catat Kinerja Positif Kuartal I-2025 dengan Laba Tumbuh 9,8% - kontan.co.id",0.6,8475.0,143675300,1
2025-04-24,BBCA.JK,"Jahja Setiaatmadja Pamit, Bos Baru BBCA Efektif 1 Juni - investor.id",0.0,8475.0,143675300,1
2025-04-24,BBCA.JK,Bisakah Harga Saham BCA Kembali ke Level Rp10 Ribu? - IDN Times,0.0,8475.0,143675300,1
2025-04-24,BBCA.JK,Kinerja Solid di Tengah Dinamika Pasar - BCA.co.id,0.0,8475.0,143675300,1
2025-04-24,BBCA.JK,Solid Performance Amid Market Dynamics - BCA.co.id,0.0,8475.0,143675300,1
2025-04-24,BBCA.JK,Transaksi QRIS BCA Melejit 200 Persen di Kuartal I-2025 - Infobanknews,0.0,8475.0,143675300,1
2025-04-24,BBCA.JK,"BCA Umumkan Pergantian Kepemimpinan, Jahja Setiaatmadja Pamit dari Jabatan Presdir - PRFM News - PRFM News",0.0,8475.0,143675300,1
2025-04-24,BBCA.JK,"Jahja Setiaatmadja Bids Farewell as BCA CEO, Hendra Lembong Cleared as Successor - Jakarta Globe",0.0,8475.0,143675300,1
2025-04-23,BBCA.JK,"Laba BBCA Triwulan I 2025 Melesat, Ini Rekomendasi dan Target Harga Sahamnya! - Bareksa.com",0.6,8725.0,92329600,0
2025-04-23,BBCA.JK,"Soal Ekspektasi Harga Kembali ke Rp10.000, Begini Kata Bos BCA - Bloomberg Technoz",0.0,8725.0,92329600,0
2025-04-23,BBCA.JK,Apakah Saham BBCA Bisa Sentuh Level 10.000 Lagi? Ini Kata Bos BCA - Kompas.com,0.0,8725.0,92329600,0
2025-04-23,BBCA.JK,"BCA Raup Laba Bersih Rp14,1 Triliun pada Kuartal I/2025, Tumbuh 9,8% - Bisnis.com",0.6,8725.0,92329600,0
2025-04-23,BBCA.JK,Jahja Setiaatmadja pamit dari jabatan Presdir BCA - ANTARA News,0.0,8725.0,92329600,0
2025-04-23,BBCA.JK,Bos BCA Beberkan Tren Biaya di Tengah Tantangan Ketidakapastian Ekonomi Global - kontan.co.id,0.0,8725.0,92329600,0
2025-04-23,BBCA.JK,"Fit And Proper Test Selesai, Transisi Kepemimpinan BCA Dilakukan Per 1 Juni 2025 - kontan.co.id",0.0,8725.0,92329600,0
2025-04-23,BBCA.JK,"Hendra Lembong Jadi Dirut BCA Juni, Jahja Presiden Komisaris - detikFinance",0.0,8725.0,92329600,0
2025-04-22,BBCA.JK,Prediksi Laba dan Prospek Saham BBCA jelang Rilis Kinerja Kuartal I/2025 Besok - Bisnis.com,0.6,8500.0,56537100,1
2025-04-22,BBCA.JK,"BFI Finance (BFIN) Mendapat Fasilitas Kredit dari BCA Sebesar Rp 2,8 Triliun - kontan.co.id",0.0,8500.0,56537100,1
2025-04-22,BBCA.JK,BCA Kembali Berikan Fasilitas Kredit Baru Untuk BFI Finance senilai Rp 2 Triliun - kontan.co.id,0.0,8500.0,56537100,1
2025-04-21,BBCA.JK,"Setelah Turun 40%, PANI Diramal Terbang ke Sini - investor.id",-0.6,8300.0,40683800,1
2025-04-17,BBCA.JK,BBCA Bertahan di Pucuk Market Cap Saat IHSG Bergejolak Hingga Pertengahan April 2025 - KONTAN,0.0,8500.0,83540600,0
2025-04-15,BBCA.JK,"Kinerja WIFI Bakal Meledak setelah RI, Saham Dipatok Segini - investor.id",0.0,8575.0,83431800,0
2025-04-14,BBCA.JK,Rekomendasi Saham Hari Ini 14 April 2025 dan Analisanya - Tirto.id,0.0,8400.0,83319300,1
2025-04-11,BBCA.JK,"Cek Rekening! Dividen BBCA Cair Hari Ini, Segini Nilainya - Infobanknews",0.6,8275.0,82603000,1
2025-04-10,BBCA.JK,"Saham BMRI, BBRI, BBNI, Sampai BBCA Sudah Murah, Saatnya Masuk? - Bloomberg Technoz",0.0,8225.0,144148600,1
2025-04-10,BBCA.JK,"BCA (BBCA) jadi Top Leaders IHSG, Segini Transaksi Investor Kakap - Bisnis Indonesia Premium",0.0,8225.0,144148600,1
2025-04-10,BBCA.JK,Kamu Punya Saham BBRI dan BMRI di Harga Atas? Terapkan Strategi Ini! - Bareksa.com,0.0,8225.0,144148600,1
2025-04-10,BBCA.JK,"Kinerja Perbankan Februari 2025 Pulih, Ini Rekomendasi Saham BBCA, BRIS hingga BBRI - Bareksa.com",0.0,8225.0,144148600,1
2025-04-10,BBCA.JK,"PREMIUM WRAP UP: Saham Bank Pilihan, Trump Poles Harga Emas, hingga Dividen BBCA - Bisnis.com",0.6,8225.0,144148600,1
2025-04-10,BBCA.JK,Bank Central Asia dan Gudang Garam Masuk Daftar 500 Bisnis Keluarga Terbesar di Dunia - pasardana.id,0.0,8225.0,144148600,1
2025-04-09,BBCA.JK,"JPMorgan Serok Saham Bank Blue Chip, dari BCA hingga Mandiri saat IHSG Jatuh - Bisnis Indonesia Premium",0.0,7925.0,136753900,1
2025-04-09,BBCA.JK,"BCA akan Bagikan Dividen Tunai Rp36,9 T pada 11 April 2025 - Bloomberg Technoz",0.6,7925.0,136753900,1
2025-04-08,BBCA.JK,"Harga Saham BBCA Terjun 12,94% saat Pembukaan Perdagangan Hari Selasa (8/4) - kontan.co.id",0.0,7775.0,533073600,1
2025-04-08,BBCA.JK,"Saham Bank Jumbo (BBCA, BMRI, BBNI, BBRI) Merosot usai Trading Halt Dibuka - Bisnis.com",-0.6,7775.0,533073600,1
2025-04-08,BBCA.JK,"Saham BBCA, BMRI hingga TLKM Ambrol Berjamaah, IHSG Auto Kena Trading Halt - Bisnis.com",0.0,7775.0,533073600,1
2025-04-08,BBCA.JK,"Kurs USD Hari Ini 8 April 2025 di BCA, BRI, Bank Mandiri, dan BNI - Liputan6.com",0.0,7775.0,533073600,1
2025-04-08,BBCA.JK,Apa Kantor Cabang BCA Sudah Buka Hari Ini (8/4)? Cek Cara Tarik Tunai Tanpa Kartu - kontan.co.id,0.0,7775.0,533073600,1
2025-03-27,BBCA.JK,BCA siapkan Rp1 triliun untuk buyback - IDNFinancials,0.6,8500.0,122943900,0
2025-03-27,BBCA.JK,BCA akan Lakukan Buyback Saham Senilai Rp 1 Triliun - kontan.co.id,0.6,8500.0,122943900,0
2025-03-27,BBCA.JK,"Saham Big Cap Naik Saat IHSG Melesat, Market Cap BBCA Balik ke Atas Rp 1.000 T - KONTAN",0.6,8500.0,122943900,0
2025-03-27,BBCA.JK,"BCA Buyback Saham, Karyawan Dilarang Transaksi Selama Periode Pembelian Kembali - Tempo.co",0.6,8500.0,122943900,0
2025-03-27,BBCA.JK,Ini 15 Kantor Cabang BCA yang Melayani Penukaran Uang Baru dan Caranya - kontan.co.id,0.0,8500.0,122943900,0
2025-03-26,BBCA.JK,"Reksadana Schroder dan Manulife Cuan 5% Sehari, Punya Saham BBRI, BBCA, BMRI, hingga BBNI - Bareksa.com",0.0,8525.0,283104600,0
2025-03-26,BBCA.JK,"Ini Dividen Jumbo yang Diraih Danantara dari BMRI, BBRI dan BBNI - Bareksa.com",0.6,8525.0,283104600,0
2025-03-26,BBCA.JK,"BBCA Memulai Buyback, Segini Harga Maksimal Pembelian - KabarBursa.com",0.6,8525.0,283104600,0
2025-03-26,BBCA.JK,"IHSG Menguat ke 6.235, Market Cap BBCA Kembali Mendekati Rp 1.000 Triliun Lagi - KONTAN",0.6,8525.0,283104600,0
2025-03-26,BBCA.JK,BCA Bakal Buyback Saham Senilai Rp 1 Triliun - kumparan.com - Kumparan.com,0.6,8525.0,283104600,0
2025-03-26,BBCA.JK,"IHSG Mulai Bangkit, Saham Ini Malah Banyak Dilepas Asing - CNBC Indonesia",0.0,8525.0,283104600,0
2025-03-26,BBCA.JK,BCA Tanggapi Dugaan Rekeningnya Dipakai Penipu Investasi Kripto - Tempo.co,0.0,8525.0,283104600,0
2025-03-26,BBCA.JK,Sindikat Penipu Investasi Kripto JYPRX Gunakan BRI dan BCA untuk Tampung Uang Korban - Tempo.co,0.0,8525.0,283104600,0
2025-03-26,BBCA.JK,BCA Operational Schedule During Nyepi and Idulfitri 2025 Public Holidays - BCA.co.id,0.0,8525.0,283104600,0
2025-03-26,BBCA.JK,Jadwal Operasional BCA pada Libur dan Cuti Bersama Nyepi hingga Idulfitri 2025 - BCA.co.id,0.0,8525.0,283104600,0
2025-03-25,BBCA.JK,"Sentimen Positif Jelang Lebaran, Ini Ide Trading Saham BBRI, BMRI, BBNI dan BBCA - Bareksa.com",0.6,8050.0,136341700,1
2025-03-25,BBCA.JK,"BBCA Mau Ditampung di Tanggal Ini, Harga Maksimum Rp 9.200 - investor.id",0.0,8050.0,136341700,1
2025-03-25,BBCA.JK,Data Historis Nilai Dividen per Saham BCA (BBCA) Tahun Buku 2001 - 2024 - DataIndonesia,0.6,8050.0,136341700,1
2025-03-25,BBCA.JK,Cek Jadwal Operasional BCA Selama Libur Nyepi dan Idulfitri - SWA.co.id,0.0,8050.0,136341700,1
2025-03-25,BBCA.JK,Ini Jadwal Operasional BCA Tanggal 28 Maret-7 April saat Libur Lebaran Idulfitri 2025 - kontan.co.id,0.0,8050.0,136341700,1
2025-03-25,BBCA.JK,Jadwal Operasional BCA Selama Libur Nyepi & Lebaran 2025 - Bloomberg Technoz,0.0,8050.0,136341700,1
2025-03-25,BBCA.JK,Berikut Jadwal Operasional Terbatas BCA saat Libur Nyepi dan Idulfitri - MetroTVNews.com,0.0,8050.0,136341700,1
2025-03-25,BBCA.JK,Jadwal Operasional BCA di Masa Libur Nyepi dan Idul Fitri 2025 - Tempo.co,0.0,8050.0,136341700,1
2025-03-25,BBCA.JK,Cek Kantor Cabang BCA Jakarta dan Banten yang Buka saat Cuti Bersama Idulfitri 2025 - kontan.co.id,0.0,8050.0,136341700,1
2025-03-25,BBCA.JK,Cek! Ini Jadwal Operasional BCA Selama Libur Nyepi dan Lebaran - detikFinance,0.0,8050.0,136341700,1
2025-03-24,BBCA.JK,"Emiten Mulai Bagi Dividen, Tengok Investor Individu yang Dapat Cuan Jumbo - TradingView",0.6,7950.0,331836800,1
2025-03-24,BBCA.JK,"Harga Saham BBCA Anjlok, Hampir Kembali ke Level Stock Split - Info Ekonomi",-0.6,7950.0,331836800,1
2025-03-24,BBCA.JK,"Konsisten Beri Layanan Prima, BCA Raih Penghargaan Gallup Customer Engagement Empat Tahun Beruntun! - BCA.co.id",0.0,7950.0,331836800,1
2025-03-24,BBCA.JK,"Rayakan HUT ke-68, BCA Gelar Donor Darah Perdana 2025 dan Kumpulkan 396 Kantong Darah - BCA.co.id",0.0,7950.0,331836800,1
2025-03-21,BBCA.JK,Petinggi BBCA borong saham di harga terendah dalam 2 tahun terakhir - IDNFinancials,0.0,7900.0,377916400,1
2025-03-21,BBCA.JK,"Sst..., Ada Aksi Pembelian Saham Jumbo dari Direksi Bank Central Asia (BBCA), Tujuannya? - SWA.co.id",0.0,7900.0,377916400,1
2025-03-21,BBCA.JK,"Jelang Pensiun jadi Presdir, Jahja Kembali Borong Saham BBCA - Bloomberg Technoz",0.0,7900.0,377916400,1
2025-03-21,BBCA.JK,Frengky Chandra Kusuma Tambah Porsi Kepemilikan Sahamnya di BBCA - pasardana.id,0.0,7900.0,377916400,1
2025-03-21,BBCA.JK,"IHSG & BBCA Anjlok, Tak Ada Lagi Saham dengan Market Cap Rp 1.000 Triliun - Pusat Data Kontan",-0.6,7900.0,377916400,1
2025-03-21,BBCA.JK,Serempak Petinggi BCA Pertebal Kepemilikan Saham BBCA - Bisnis.com,0.0,7900.0,377916400,1
2025-03-21,BBCA.JK,Subur Tan Tambah Porsi Kepemilikan Sahamnya di BBCA Oleh Pasar Dana - Investing.com Indonesia,0.0,7900.0,377916400,1
2025-03-21,BBCA.JK,Saat Direksi dan Komisaris BCA Kompak Borong Saham BBCA ... - Kompas.com,0.0,7900.0,377916400,1
2025-03-21,BBCA.JK,"Direksi dan Komisaris BCA Kompak Borong Saham BBCA, Rogoh Kocek hingga Miliaran - Liputan6.com",0.0,7900.0,377916400,1
2025-03-20,BBCA.JK,"Dividen, Hari Raya, dan Coretax - Pajak",0.6,8375.0,152917300,0
2025-03-20,BBCA.JK,"Harga anjlok, komisaris dan direksi borong saham BCA - IDNFinancials",-0.6,8375.0,152917300,0
2025-03-20,BBCA.JK,"BCA (BBCA) Tebar Dividen Rp36,98 Triliun, Cum Date Hari Ini - Bisnis.com",0.6,8375.0,152917300,0
2025-03-20,BBCA.JK,"BCA (BBCA) Bagi Dividen Rp 250/Saham, Masuk Cum Date - investor.id",0.6,8375.0,152917300,0
2025-03-20,BBCA.JK,"Pembayaran Dividen BBCA, Hari Ini (20/3) Cum Dividen, Investor Pilih Beli / Tahan? - kontan.co.id",0.6,8375.0,152917300,0
2025-03-19,BBCA.JK,Haryanto Tiara Budiman Tambah Porsi Kepemilikan Sahamnya di BBCA - pasardana.id,0.0,8325.0,214108200,1
2025-03-18,BBCA.JK,"Jadwal Pembayaran Dividen BBCA Tahun 2025, Cek Besarannya - Kompas.com",0.6,8300.0,417305700,1
2025-03-18,BBCA.JK,"Jadwal Resmi Pembayaran Dividen BBCA, Apa Saham Blue Chip Ini Layak Koleksi? - kontan.co.id",0.6,8300.0,417305700,1
2025-03-18,BBCA.JK,"BCA Luncurkan Program Genera-Z Berbakti, Ajak Mahasiswa Mengabdi ke Masyarakat di 4 Desa Wisata - BCA.co.id",0.0,8300.0,417305700,1
2025-03-17,BBCA.JK,💳 BBCA 2M25: Laba Bersih +8% YoY - Stockbit Snips,0.6,8600.0,151365700,0
2025-03-17,BBCA.JK,"Cum Dividen 20 Maret 2025, Ini Jadwal Resmi Pembayaran Dividen BBCA - kontan.co.id",0.6,8600.0,151365700,0
2025-03-17,BBCA.JK,"Prospek Saham BCA (BBCA) Jelang Cum Dividen Rp36,98 Triliun - Bisnis.com",0.6,8600.0,151365700,0
2025-03-14,BBCA.JK,"Bank Central Asia (BBCA) Putuskan Bagi Dividen, Catat Jadwalnya - TradingView",0.6,8750.0,111397800,0
2025-03-14,BBCA.JK,"Pembayaran Dividen BBCA Tahun 2025 Rp 37 Triliun, Investor Perlu Beli atau Tahan? - TradingView",0.6,8750.0,111397800,0
2025-03-14,BBCA.JK,"BCA (BBCA) Rilis Jadwal Dividen, Segini per Sahamnya - Indo Premier Sekuritas",0.6,8750.0,111397800,0
2025-03-14,BBCA.JK,Saham Bank Besar RI Bagi Dividen: Saatnya Borong - Bloomberg Technoz,0.6,8750.0,111397800,0
2025-03-14,BBCA.JK,"Jadwal Pembayaran Dividen BCA 2025: Cum Date Jelang Lebaran, Cek Detailnya - Bisnis.com",0.6,8750.0,111397800,0
2025-03-14,BBCA.JK,"Saham Blue Chip Perbankan Ini Siapkan Rp 37 T untuk Dividen, Apa Layak Beli? - kontan.co.id",0.6,8750.0,111397800,0
2025-03-14,BBCA.JK,"BCA Putuskan Bagi Dividen Rp250 per Lembar, Ini Jadwalnya - Lotus Andalan Sekuritas",0.6,8750.0,111397800,0
2025-03-14,BBCA.JK,"Profil Hendra Lembong, Presiden Direktur baru BCA tahun 2025 - ANTARA News",0.0,8750.0,111397800,0
2025-03-13,BBCA.JK,"BCA Gelar Rapat Umum Pemegang Saham Tahunan, Tetapkan Dividen Rp300,00 per Saham - BCA.co.id",0.6,8975.0,83030700,0
2025-03-13,BBCA.JK,"Saham BBCA bentuk golden cross, menuju resistance terdekat? - IDNFinancials",0.0,8975.0,83030700,0
2025-03-13,BBCA.JK,"Proyeksi BBCA Usai Bagikan Dividen, Masih Menarik? - KabarBursa.com",0.6,8975.0,83030700,0
2025-03-13,BBCA.JK,"Analis Sebut Dividen Saham BBCA Kurang Menarik, tapi... - Kompas.com",0.6,8975.0,83030700,0
2025-03-13,BBCA.JK,"Naik 11,1%, BCA Tebar Dividen Rp 300 per Lembar Saham - Marketeers",0.6,8975.0,83030700,0
2025-03-13,BBCA.JK,Berapa Harga 1 Lot Saham BCA Saat Ini? - Liputan6.com,0.0,8975.0,83030700,0
2025-03-13,BBCA.JK,"Mahal Mana, Beli 1 Lot Saham BCA atau 1 Gram Emas Antam? - Liputan6.com",0.0,8975.0,83030700,0
2025-03-13,BBCA.JK,"BCA Holds Annual General Meeting of Shareholders, Sets Dividend at IDR300.00 per Share - BCA.co.id",0.6,8975.0,83030700,0
2025-03-12,BBCA.JK,"Yield Kecil, Dividen BBCA Kurang Menarik - TradingView",0.6,9125.0,87968900,0
2025-03-12,BBCA.JK,"Usai RUPS, Harga Saham BBCA Naik 1,68 Persen, Jahja Setiaatmadja Jabat Presiden Komisaris - Infobanknews",0.6,9125.0,87968900,0
2025-03-12,BBCA.JK,"Pegang ICBP, AMMN, BBCA, & BMRI, Cuan Reksadana Saham Sinarmas dan Ciptadana Melesat - Bareksa.com",0.0,9125.0,87968900,0
2025-03-12,BBCA.JK,BCA (BBCA) Bagi Dividen Rp300 per Saham dan Ganti Dirut-Komut - CNBC Indonesia,0.6,9125.0,87968900,0
2025-03-12,BBCA.JK,"Dividen BBCA Rp300 per Lembar, Kecil atau Besar? - KabarBursa.com",0.6,9125.0,87968900,0
2025-03-12,BBCA.JK,"Tambahan Dividen BCA (BBCA) Rp250 per Lembar pada 2025, Intip Jatah Bos Djarum dan Para Direksi - Bisnis.com",0.6,9125.0,87968900,0
2025-03-12,BBCA.JK,Cuan! BCA Bagi-bagi Dividen Rp300 per Saham - MetroTVNews.com,0.6,9125.0,87968900,0
2025-03-12,BBCA.JK,RUPST BBCA Angkat Hendra Lembong jadi Presiden Direktur BCA - Tempo.co,0.0,9125.0,87968900,0
2025-03-12,BBCA.JK,"Profil Hendra Lembong, Presdir Baru BCA yang Geser Jahja Setiaatmadja, Berapa Gajinya? - Tempo.co",0.0,9125.0,87968900,0
2025-03-12,BBCA.JK,"Tok! BBCA Bagikan Dividen Rp300 per Saham setara Rp36,98 Triliun untuk Tahun Buku 2024 - Bisnis.com",0.6,9125.0,87968900,0
2025-03-12,BBCA.JK,"Hendra Lembong Jadi Presiden Direktur BCA, Simak Jajaran Direksi dan Komisaris Baru - Kompas.com",0.0,9125.0,87968900,0
2025-03-12,BBCA.JK,BCA Appoints Gregory Hendra Lembong as New President Director - Jakarta Globe,0.0,9125.0,87968900,0
2025-03-12,BBCA.JK,"RUPST BCA Angkat Hendra Lembong jadi Presiden Direktur, John Kosasih Wadirut - Bisnis.com",0.0,9125.0,87968900,0
2025-03-11,BBCA.JK,"BBCA Sebar Dividen Naik Jadi Rp300 per Saham, Rombak Komisaris dan Direksi - Bareksa.com",0.6,8925.0,109295600,1
2025-03-11,BBCA.JK,"Harga Turun, Saham Blue Chip Sektor Bank Ini Akan Bayar Dividen, Cek yang Layak Beli? - TradingView",0.0,8925.0,109295600,1
2025-03-11,BBCA.JK,"Capital Group & Blackrock Paling Banyak Jual Saham BBCA, Credit Agricole Pilih Borong - KONTAN",-0.6,8925.0,109295600,1
2025-03-11,BBCA.JK,"RUPST BCA Digelar Besok, Ini Bocoran Besaran Dividennya - Infobanknews",0.6,8925.0,109295600,1
2025-03-11,BBCA.JK,Lowongan Magang Bakti BCA Dibuka! Simak Cara Mendaftar dan Rincian Proses Seleksinya - BCA.co.id,0.0,8925.0,109295600,1
2025-03-11,BBCA.JK,Bakti BCA Internship Vacancies Now Open! Learn How to Apply and Details of the Selection Process - BCA.co.id,0.0,8925.0,109295600,1
2025-03-10,BBCA.JK,"Goldman Sachs Pangkas Rating Saham RI! Saatnya Borong BBRI, BMRI, BBCA & BBNI? - Bareksa.com",0.0,8925.0,97652100,0
2025-03-10,BBCA.JK,"Saham Bank Besar RI Undervalued, BBRI Jadi Pilihan Utama - Market - Bloomberg Technoz",0.6,8925.0,97652100,0
2025-03-10,BBCA.JK,"Broker ini Paling Banyak Serok Saham Big Banks, Ada Apa? - KabarBursa.com",0.0,8925.0,97652100,0
2025-03-10,BBCA.JK,"Saham Bank Besar RI Undervalued, BBRI Jadi Pilihan Utama - Bloomberg Technoz",0.6,8925.0,97652100,0
2025-03-10,BBCA.JK,Keliru: Klaim Tautan Pendaftaran Gebyar Undian BCA Edisi Maret 2025 - Tempo.co,0.0,8925.0,97652100,0
2025-03-07,BBCA.JK,Rating JP Morgan ke Saham Bank di RI Dongkrak Rupiah Awal Maret - kumparan.com - Kumparan.com,0.0,8925.0,82295300,0
2025-03-07,BBCA.JK,"Simpanan Nasabah Kaya di BCA Tumbuh 2,8% Sepanjang Tahun 2024 - kontan.co.id",0.6,8925.0,82295300,0
2025-03-06,BBCA.JK,[PENIPUAN] Prabowo Resmikan Pinjaman Online Bank BCA - Tribratanews Polda Jabar,0.0,8975.0,96270100,0
2025-03-06,BBCA.JK,"BCA Buka Lowongan Magang Buat Lulusan SMA dan SMK, Dapat Uang Saku dan Tunjangan - Liputan6.com",0.0,8975.0,96270100,0
2025-03-06,BBCA.JK,Tarik Tunai BCA di Indomaret & Alfamart Kini Kena Biaya Rp4.000 - Bloomberg Technoz,0.0,8975.0,96270100,0
2025-03-05,BBCA.JK,"Permudah Capai Tujuan Investasi, BCA Hadirkan Investment Goals di myBCA - BCA.co.id",0.0,9000.0,155207900,0
2025-03-05,BBCA.JK,Cek Fakta: Tidak Benar Pendaftaran Pembagian Hadiah dari BCA - Liputan6.com,0.0,9000.0,155207900,0
2025-03-04,BBCA.JK,Dana Kelolaan Investasi BCA (BBCA) Tumbuh 30% - investor.id,0.6,8850.0,125418500,1
2025-03-04,BBCA.JK,"Hati-Hati, Level Bottom Saham Bank Sulit Diprediksi - KONTAN",0.0,8850.0,125418500,1
2025-03-04,BBCA.JK,JP Morgan: Aksi Jual Saham Bank Sudah Berlebihan - Market - Bloomberg Technoz,-0.6,8850.0,125418500,1
2025-03-04,BBCA.JK,"Kaget KTP-nya Dipakai Orang Lain untuk Pinjaman, Warga Kubu Raya Gugat BCA Finance - PontianakPost",0.0,8850.0,125418500,1
2025-03-03,BBCA.JK,"Aset Kustodian BCA Tembus Rp 430 Triliun pada 2024, Tumbuh 21% YoY - kontan.co.id",0.6,8800.0,192944300,1
2025-02-28,BBCA.JK,"Hadirkan Kemudahan Investasi, bluRDN Kini Tersedia untuk Sobatblu - TradingView",0.0,8425.0,293095000,1
2025-02-28,BBCA.JK,"BCA Digital luncurkan Fitur BluRDN, Bidik Nasabah Generasi X dan Milenial - Tempo.co",0.0,8425.0,293095000,1
2025-02-28,BBCA.JK,"Hadirkan Kemudahan Investasi, bluRDN Kini Tersedia untuk Sobatblu - kontan.co.id",0.0,8425.0,293095000,1
2025-02-28,BBCA.JK,"Fitur Investasi myBCA, Masyarakat Jadi Lebih Mudah Berinvestasi - SWA.co.id",0.0,8425.0,293095000,1
2025-02-27,BBCA.JK,"IHSG Anjlok, Saatnya Cuan dari Saham BBRI, BBCA, dan BMRI Seperti 2018? - Bareksa.com",-0.6,8525.0,199991600,0
2025-02-27,BBCA.JK,"BBCA Turun Terus, Kenapa? - investor.id",-0.6,8525.0,199991600,0
2025-02-27,BBCA.JK,"Dengan BluRDN, Nasabah BCA Digital Bisa Langsung Investasi Saham Tanpa Repot - kontan.co.id",0.0,8525.0,199991600,0
2025-02-27,BBCA.JK,"Kinerja Perbankan 2024: RoE Bank Besar Turun, BCA Jadi Pengecualian - kontan.co.id",-0.6,8525.0,199991600,0
2025-02-27,BBCA.JK,BCA Beri Kemudahan Nasabah Berinvestasi Saham lewat bluRDN - Marketeers,0.0,8525.0,199991600,0
2025-02-27,BBCA.JK,Simak Harga 1 Lot Saham BBCA Hari Ini 27 Februari 2025 - Liputan6.com,0.0,8525.0,199991600,0
2025-02-27,BBCA.JK,Ekonom BCA dan BCA Sekuritas Ungkap Potensi dan Tantangan Perekonomian RI pada 2025 - BCA.co.id,0.0,8525.0,199991600,0
2025-02-27,BBCA.JK,BCA Economist and BCA Sekuritas Reveal the Potential and Challenges of Indonesia's Economy in 2025 - BCA.co.id,0.0,8525.0,199991600,0
2025-02-26,BBCA.JK,"Dua Direksi Borong 357 Ribu Saham BCA (BBCA) Jelang RUPS, Cek Tujuannya - Infobanknews",0.0,8775.0,117843500,0
2025-02-26,BBCA.JK,Ini Kekayaan Bos BCA dari Saham Saat Harganya di Bawah Rp 9.000 - kontan.co.id,0.0,8775.0,117843500,0
2025-02-26,BBCA.JK,"Apa Alasan Bos BCA Borong Saham BBCA Senilai Rp 2,99 Miliar? - Kompas.com",0.0,8775.0,117843500,0
2025-02-25,BBCA.JK,"Makin Agresif, Investor Asing Net Sell Saham Rp 1,63 Triliun Buang Tiga Saham Bank Ini - InvestorTrust",-0.6,8825.0,101592700,0
2025-02-25,BBCA.JK,"Jahja Setiaatmadja Borong Saham BCA Rp 2,9 Miliar di Tengah Pelemahan Harga - Katadata.co.id",0.0,8825.0,101592700,0
2025-02-25,BBCA.JK,BCA Beberkan Strategi di Balik Sistem Keamanan yang Tangguh - kontan.co.id,0.0,8825.0,101592700,0
2025-02-24,BBCA.JK,"Investor Asing Net Sell Rp3 T, Saham Bank Paling Banyak Dilepas - Market - Bloomberg Technoz",-0.6,8925.0,108530300,0
2025-02-24,BBCA.JK,"Semarang Riang! Wujudkan Impian dengan Bunga Spesial KPR 2,68% dan KKB DP 0% di BCA Expoversary 2025 - BCA.co.id",0.0,8925.0,108530300,0
2025-02-21,BBCA.JK,BCA Digital Buka Suara Soal Kabar Mau IPO Saham - InvestorTrust,0.0,9000.0,106054700,0
2025-02-21,BBCA.JK,"Mulai Hari Ini, Cek Promo HUT BCA Beri Diskon Hingga 68% - Bloomberg Technoz",0.0,9000.0,106054700,0
2025-02-20,BBCA.JK,"Buy Saham BBCA, BBRI, BBNI, BMRI, dan BRIS, Berikut Penjelasan Sejumlah Analis - kontan.co.id",0.0,9000.0,119260800,0
2025-02-19,BBCA.JK,"IHSG Melorot ke Bawah 6.800 Lagi, Saham-Saham Ini Paling Banyak Net Sell Asing - Pusat Data Kontan",-0.6,8950.0,154438200,1
2025-02-18,BBCA.JK,Bursa Efek Jakarta & Indonesia | Pasar Keuangan Indonesia - IDNFinancials,0.0,9300.0,107318300,0
2025-02-17,BBCA.JK,"Melesat 3% Sehari, Reksadana Saham Syailendra Pegang BBCA, BBRI, BMRI dan TLKM - Bareksa.com",0.0,9325.0,89096400,0
2025-02-17,BBCA.JK,Sejarah BCA: Jejak dan Transformasi Bank Swasta Terbesar di Indonesia - Katadata.co.id,0.0,9325.0,89096400,0
2025-02-14,BBCA.JK,"Harga Saham BBCA Merosot 14,3% dalam 3 Bulan, Analis Nilai Sudah Undervalued - Katadata.co.id",0.0,8975.0,116274500,1
2025-02-14,BBCA.JK,Mirae Asset: Pergantian Direksi BCA Tak Akan Pengaruhi Kinerja Perusahaan - Validnews,0.0,8975.0,116274500,1
2025-02-13,BBCA.JK,Analis Ungkap Dampak Pergantian Direksi BCA ke Kinerja dan Gerak Saham di Bursa - Katadata.co.id,0.0,9000.0,90439700,0
2025-02-13,BBCA.JK,"13 Tahun Menjabat Presdir BCA, Jahja Setiaatmadja Akan Menjadi Presiden Komisaris - Kompas.id",0.0,9000.0,90439700,0
2025-02-13,BBCA.JK,3 Cara Beli Saham BCA secara Online dan Panduannya untuk Pemula - kumparan.com - Kumparan.com,0.0,9000.0,90439700,0
2025-02-13,BBCA.JK,"BCA akan ubah komisaris dan direksi di RUPST Maret, termasuk Presdir - ANTARA News Gorontalo",0.0,9000.0,90439700,0
2025-02-13,BBCA.JK,"7 Poin Penting RUPS BCA (BBCA) pada Maret 2025, Termasuk Soal Dividen - Bisnis.com",0.6,9000.0,90439700,0
2025-02-13,BBCA.JK,"BCA Umumkan Pergantian Presiden Direktur, Ini Sosoknya - Liputan6.com",0.0,9000.0,90439700,0
2025-02-13,BBCA.JK,"Profil Gregory Hendra Lembong, Calon Pengganti Dirut BCA (BBCA) - Market - Bloomberg Technoz",0.0,9000.0,90439700,0
2025-02-13,BBCA.JK,"BCA Bersiap Ganti Presiden Direktur, Bagaimana Prospek Kinerjanya? - TrenAsia",0.6,9000.0,90439700,0
2025-02-13,BBCA.JK,"Jahja Setiaatmadja Purna Tugas sebagai Dirut BCA, Digantikan Hendra Lembong - Katadata.co.id",0.0,9000.0,90439700,0
2025-02-11,BBCA.JK,Saham BBCA Koreksi Saatnya Beli? Ini Ramalan Kinerja dan Dividen 2025 - Bareksa.com,0.6,9075.0,71188300,1
2025-02-11,BBCA.JK,"Dikabarkan Diretas, BCA: Data Nasabah Aman - Tempo.co",0.0,9075.0,71188300,1
2025-02-07,BBCA.JK,"Harga Saham BBCA di Bawah Rp 9.000, Apa Penyebabnya? Ini Jawaban Manajemen - kontan.co.id",0.0,9350.0,131162200,0
2025-02-07,BBCA.JK,"Moody’s Pertahankan Peringkat BCA, Fundamental Kinerja yang Kuat - kontan.co.id",0.0,9350.0,131162200,0
2025-02-07,BBCA.JK,Pakar IT Ungkap Dua Modus Peretas Bjorka Dapatkan Database yang Diduga Nasabah BCA - Tempo.co,0.0,9350.0,131162200,0
2025-02-06,BBCA.JK,Mau Cari Cuan dari Dividen Big Banks? Begini Rekomendasi Para Analis - TradingView,0.6,8950.0,171477800,1
2025-02-06,BBCA.JK,"Mari Merapat! Ini Bocoran Kapan Borong Saham Mandiri, BCA & BRI - CNBC Indonesia",0.0,8950.0,171477800,1
2025-02-06,BBCA.JK,"BCA: Data Nasabah yang Diklaim Kelompok Peretas Bjorka Keliru, Kami Pastikan Aman - Tempo.co",0.0,8950.0,171477800,1
2025-02-05,BBCA.JK,"Dilanda Aksi Jual, Harga Saham Blue Chip Ini Melemah, Kapan Waktu untuk Beli? - TradingView",-0.6,9125.0,98229900,0
2025-02-05,BBCA.JK,"NISP, Saham yang Katanya The Next BBCA! Begini Prospek Dividen-nya di 2025 - Mikir Duit",0.6,9125.0,98229900,0
2025-02-05,BBCA.JK,"Ini Bocoran Dividen Bank Mandiri (BMRI), BNI (BBNI) & BCA (BBCA) - CNBC Indonesia",0.6,9125.0,98229900,0
2025-02-04,BBCA.JK,Inovasi Diakui di Kancah Internasional: BCA Sabet Penghargaan Gold dan Silver dari Brandon Hall Group - BCA.co.id,0.0,9175.0,94607700,0
2025-02-04,BBCA.JK,"Wujudkan Liburan ke Destinasi Impian, BCA Tebar Promo Cashback hingga Cicilan BCA 0% di BCA Singapore Airlines Travel Fair 2025 - BCA.co.id",0.0,9175.0,94607700,0
2025-02-04,BBCA.JK,BCA’s Excellence in Innovation Earns Gold and Silver from The Internationally Acclaimed Brandon Hall Group - BCA.co.id,0.0,9175.0,94607700,0
2025-02-03,BBCA.JK,"Dua Sekuritas Ini Pasang Rekomendasi Beli Saham BCA (BBCA), Berikut Faktor Penopangnya - InvestorTrust",0.0,9350.0,90439900,0
2025-01-30,BBCA.JK,"Saham BBCA Terkoreksi di Januari 2025, Simak Realisasi Kinerja dan Rekomendasinya - KONTAN",-0.6,9150.0,154645800,1
2025-01-30,BBCA.JK,Investor Tunggu Dividen! Ini Prediksi BCA-BNI-BRI-Mandiri Tahun Ini - CNBC Indonesia,0.6,9150.0,154645800,1
2025-01-30,BBCA.JK,"Boyong 6 Penghargaan ASEAN Tourism Awards 2025, Desa Wisata Binaan Bakti BCA Torehkan Prestasi di Panggung Internasional - BCA.co.id",0.0,9150.0,154645800,1
2025-01-30,BBCA.JK,BCA Operational Schedule During Isra Mikraj and Chinese New Year 2025 Holidays - BCA.co.id,0.0,9150.0,154645800,1
2025-01-30,BBCA.JK,"Cara Buka Rekening BCA Online dan Syaratnya, Tak Perlu Antre di Bank - Tempo.co",0.0,9150.0,154645800,1
2025-01-24,BBCA.JK,"Laba Melesat 13% di 2024, Saham BBCA Diganjar Rekomendasi dan Target Harga Begini - InvestorTrust",0.6,9350.0,152057000,0
2025-01-24,BBCA.JK,Peluang BUY Saham BBCA Di Akhir Januari 2025 untuk IDX:BBCA oleh MandryF - TradingView,0.0,9350.0,152057000,0
2025-01-24,BBCA.JK,"Kinerja 2024 di Atas Target, Saham BBCA Direkomendasi Beli dan Prediksi Yield Dividen 2025 Segini - Bareksa.com",0.6,9350.0,152057000,0
2025-01-24,BBCA.JK,Dirut BCA Digital Buka Suara Soal Isu IPO di 2025 - kontan.co.id,0.0,9350.0,152057000,0
2025-01-24,BBCA.JK,"Kabar IPO BCA Digital alias Blu, Ini Kata Bosnya - CNBC Indonesia",0.0,9350.0,152057000,0
2025-01-24,BBCA.JK,OJK Buka Suara Soal Kabar Dua Bank Digital Mau IPO - CNBC Indonesia,0.0,9350.0,152057000,0
2025-01-24,BBCA.JK,"Dua Bank Digital Dikabarkan Mau IPO, Bos OJK Buka Suara - Infobanknews",0.0,9350.0,152057000,0
2025-01-24,BBCA.JK,"Likuiditas Jadi Momok, Bank Raksasa RI Buka-Bukaan Kondisi Saat Ini - CNBC Indonesia",0.0,9350.0,152057000,0
2025-01-23,BBCA.JK,"Laba Bersih BBCA di 2024 Melesat Jadi Rp54,8 Triliun Sesuai Ekspektasi, Ini Rekomendasi Sahamnya - Bareksa.com",0.6,9600.0,120515400,0
2025-01-23,BBCA.JK,Begini Gerak Saham BBCA Jelang Paparan Kinerja Keuangan 2024 - Infobanknews,0.0,9600.0,120515400,0
2025-01-23,BBCA.JK,"AIA & BCA Jalin Sinergi Hadirkan Proteksi Jiwa Maksima, Solusi Proteksi dengan Premi Terjangkau - pasardana.id",0.0,9600.0,120515400,0
2025-01-23,BBCA.JK,"Kredit Tumbuh 13,8%, Kinerja Solid untuk Bisnis Berkelanjutan - BCA.co.id",0.6,9600.0,120515400,0
2025-01-23,BBCA.JK,"BCA dan entitas anak raih laba bersih Rp54,8 triliun pada 2024 - ANTARA News",0.6,9600.0,120515400,0
2025-01-23,BBCA.JK,"Laba BCA (BBCA) 2024 Capai Rp54,8 Triliun, Tumbuh 12,7% - Bisnis.com",0.6,9600.0,120515400,0
2025-01-22,BBCA.JK,"Jadi Kesayangan Investor: Saham BRI, Mandiri, BCA & BNI Terbang - CNBC Indonesia",0.0,9600.0,90154800,0
2025-01-16,BBCA.JK,"Aksi Investor Asing Jadi Kunci Kokohnya Saham BBCA di 2024, Begini Trennya di 2025 - KONTAN",0.0,9750.0,76979000,1
2025-01-16,BBCA.JK,Pindo Deli Pulp and Paper Mills Informasikan Perubahan Pemegang Saham Pengendali Terakhir Perseroan dalam Rangka Suksesi Kepemimpinan - pasardana.id,0.0,9750.0,76979000,1
2025-01-14,BBCA.JK,"Emiten Lo Kheng Hong (GJTL) Diguyur Rp4,4 T dari 5 Bank - CNBC Indonesia",0.0,9525.0,70942600,1
2025-01-13,BBCA.JK,"Harga BBRI, BMRI, BBCA dan BBNI Semakin Murah, Saatnya Serok Saham Big Banks? - Bareksa.com",0.0,9675.0,88270100,0
2025-01-08,BBCA.JK,"Target Harga dan Rekomendasi Saham BBCA, BMRI, BBRI, dan BBNI - Bloomberg Technoz",0.0,9675.0,55943100,1
2025-01-08,BBCA.JK,"Masih Tertekan, Kapan Waktu yang Pas Akumulasi BBRI hingga BBCA? - Bloomberg Technoz",0.0,9675.0,55943100,1
2025-01-03,BBCA.JK,"Komitmen Berdayakan Perempuan Pengusaha, BCA Teken Komitmen Women Entrepreneurs Finance Code - BCA.co.id",0.0,9850.0,41916000,0
2025-01-03,BBCA.JK,"Leading in Digital Banking Innovation, BCA Wins 15 Awards at TKMPN 2024 - BCA.co.id",0.0,9850.0,41916000,0
2024-12-30,BBCA.JK,"Sasmito Tuding Budi Hartono Beli BCA Gratisan, LPKEN: Kerugian Negara Hampir Rp200 Triliun - Inilah.com",-0.6,9675.0,56350100,1
2024-12-23,BBCA.JK,"BCA Buka Suara Soal Piutang Rp 1,179 Triliun Usai Kasasi Sritex Ditolak MA - Tempo.co",0.0,9775.0,43292100,0
2024-12-23,BBCA.JK,Ini Dia Jadwal Terbaru Bank Selama Natal dan Tahun Baru 2024/2025 - Suara Nusantara,0.0,9775.0,43292100,0
2024-12-20,BBCA.JK,"BCA Senantiasa Setia Layani Nasabah, Ini Jadwal Operasional di Masa Libur Nataru - BCA.co.id",0.0,9650.0,91576900,1
2024-12-20,BBCA.JK,BCA Operational Schedule During the Nataru Holiday Period - BCA.co.id,0.0,9650.0,91576900,1
2024-12-20,BBCA.JK,Jadwal Operasional BCA Selama Libur Natal 2024 dan Tahun Baru 2025 - kontan.co.id,0.0,9650.0,91576900,1
2024-12-20,BBCA.JK,Sosok Gregory Hendra Lembong Disebut Kandidat Direktur Utama Bank BCA di Masa Mendatang - Bangkapos.com,0.0,9650.0,91576900,1
2024-12-19,BBCA.JK,"Harga Saham BBCA Longsor Seiring Aksi Jual Asing, Dimotori Blackrock dan Fidelity - KONTAN",-0.6,9675.0,104254100,0
2024-12-19,BBCA.JK,Tarik Tunai Lewat EDC BCA Kena Biaya Admin Rp 4.000 Mulai 5 Februari 2025 - Liputan6.com,0.0,9675.0,104254100,0
2024-12-19,BBCA.JK,"Mengenal Sosok Pemilik Bank BCA, Bank Swasta Terbesar di Asia Tenggara - Inilah.com",0.0,9675.0,104254100,0
2024-12-19,BBCA.JK,Begini Cara Hartono Bersaudara Sulap Bisnis Keluarga Jadi Kerajaan Global Senilai Rp763 Triliun - SINDOnews Ekbis,0.0,9675.0,104254100,0
2024-12-19,BBCA.JK,Jadwal Operasional BCA Selama Libur Natal dan Tahun Baru 2024/2025 - Liputan6.com,0.0,9675.0,104254100,0
2024-12-19,BBCA.JK,"Komitmen Dukung Pembangunan Infrastruktur Tol Patimban, BCA Salurkan Kredit Sindikasi ke Jasa Marga - BCA.co.id",0.0,9675.0,104254100,0
2024-12-19,BBCA.JK,"BCA & UKDW Kerjasama, Hadirkan Virtual Account Mudahkan Pembayaran Iuran Pendidikan - koranindopos.com",0.0,9675.0,104254100,0
2024-12-18,BBCA.JK,"Setelah 25 Tahun Mengabdi, Ternyata Djohan Emir Koleksi Saham BCA Senilai Rp1 Triliun Oleh Warta Ekonomi - Investing.com Indonesia",0.0,9800.0,84868500,0
2024-12-18,BBCA.JK,"Mundur dari Presiden Komisaris, Djohan Emir Punya Saham BCA (BBCA) Rp 1,07 Triliun - Bisnis.com",0.0,9800.0,84868500,0
2024-12-17,BBCA.JK,"Mundur dari Komisaris Utama, Djohan Emir Ternyata Genggam Saham BCA (BBCA) Rp 1,07 triliun - InvestorTrust",0.0,9900.0,99845900,0
2024-12-17,BBCA.JK,Presiden Komisaris Bank Central Asia (BBCA) Djohan Emir Setijoso Mengundurkan Diri - SWA.co.id,0.0,9900.0,99845900,0
2024-12-17,BBCA.JK,Djohan Emir Setijoso Mundur dari Kursi Presiden Komisaris BCA (BBCA) - CNBC Indonesia,0.0,9900.0,99845900,0
2024-12-17,BBCA.JK,"Presiden Komisaris BCA, Djohan Emir Setijoso Mengundurkan Diri dari Jabatannya - kontan.co.id",0.0,9900.0,99845900,0
2024-12-17,BBCA.JK,BCA Life hadirkan STAR sebagai proteksi nasabah dari penyakit kritis - ANTARA News,0.0,9900.0,99845900,0
2024-12-17,BBCA.JK,BCA Umumkan Pengunduran Diri Djohan Emir Setijoso dari Presiden Komisaris - VOI.ID,0.0,9900.0,99845900,0
2024-12-16,BBCA.JK,Harga Saham BBCA 16 Desember 2024 Terkoreksi ke Level Rp10.000 di Awal Perdagangan - Media Pemalang - Media Pemalang,-0.6,10100.0,57746100,0
2024-12-16,BBCA.JK,"BCA Collaborated with Singapore Authority to Develop Eco-Friendly Buildings, Wisma BCA Foresta Recognized as Best Practice Model - BCA.co.id",0.0,10100.0,57746100,0
2024-12-16,BBCA.JK,"BCA Kerja Sama dengan Otoritas Singapura Kembangkan Gedung Ramah Lingkungan, Wisma BCA Foresta Didapuk Jadi Contoh Terbaik - BCA.co.id",0.0,10100.0,57746100,0
2024-12-16,BBCA.JK,Deretan Anak Perusahaan Djarum Group di Berbagai Sektor - CNBC Indonesia,0.0,10100.0,57746100,0
2024-12-13,BBCA.JK,"Sayang Keluarga dengan Saham ala Hermanto Tanoko, Low Tuck Kwong dan Bos BCA - Bisnis.com",0.0,10050.0,75126400,1
2024-12-13,BBCA.JK,BCA Raih Sertifikasi Berstandar Internasional ISO 27001:2022 terkait Manajemen Keamanan Informasi Data - BCA.co.id,0.0,10050.0,75126400,1
2024-12-13,BBCA.JK,BCA Ajak Masyarakat Waspada terhadap Modus Penipuan - MetroTVNews.com,0.0,10050.0,75126400,1
2024-12-12,BBCA.JK,"Dikabarkan Akuisisi Bakmi GM Rp2,4 Triliun, Grup Djarum: Kami Luwes Saja, Menyesuaikan Zaman - Tempo.co",0.0,10175.0,44780100,0
2024-12-11,BBCA.JK,"BCA Bagi Dividen Interim Rp 6,1 T, Hartono Bersaudara Dapat Segini - CNBC Indonesia",0.6,10425.0,37934300,0
2024-12-11,BBCA.JK,BCA Raih Penghargaan Diamond di Apresiasi Indeks Integritas Bisnis Lestari 2024 - Tempo.co,0.0,10425.0,37934300,0
2024-12-10,BBCA.JK,BCA (BBCA) Gencarkan Edukasi Nasabah untuk Menangkal Penipuan - SWA.co.id,0.0,10350.0,61230400,1
2024-12-10,BBCA.JK,"Mereka yang Kecipratan Cuan Dividen Bank BCA (BBCA) Rp6,1 Triliun - Bisnis.com",0.6,10350.0,61230400,1
2024-12-09,BBCA.JK,"Tampilkan Inovasi Gemilang, BCA Borong 4 Medali Emas di ICQCC 2024 di Sri Lanka - BCA.co.id",0.0,10350.0,64458400,0
2024-12-06,BBCA.JK,"Rekening Nasabah Rp 320 Juta Dibobol, Bos BCA: KTP, ATM, Buku Tabungan, PIN Itu Nyawa Kedua - Tempo.co",0.0,10075.0,68247200,1
2024-12-03,BBCA.JK,"IHSG Terbang: Investor Asing Net Buy Rp2 T, Borong BBCA-BMRI - Market - Bloomberg Technoz",0.0,10200.0,126087100,0
2024-12-03,BBCA.JK,"Adu Laba BRI, BCA, BNI, Mandiri per Oktober 2024 : Siapa Juaranya? - CNBC Indonesia",0.6,10200.0,126087100,0
2024-12-03,BBCA.JK,"Daftar Gaji Pegawai Bank BCA Semua Jabatan, CS, Teller, IT hingga Manajer - Bisnis.com",0.0,10200.0,126087100,0
2024-12-03,BBCA.JK,Kisah Direksi BCA Gali Kreativitas di IKF 2024 - Medcom.id,0.0,10200.0,126087100,0
2024-12-02,BBCA.JK,"Pembiayaan Konsumer BCA Syariah Tembus Rp 1,23 Triliun - Liputan6.com",0.0,9750.0,87879600,1
2024-11-28,BBCA.JK,"Nabung Rutin di Saham BBCA Selama 3 Tahun, Cuan Berapa? - Bareksa.com",0.0,10000.0,57443500,0
2024-11-26,BBCA.JK,"Ingat, Bank BCA Tutup saat Pilkada Serentak 2024 - Liputan6.com",0.0,10000.0,62310100,0
2024-11-25,BBCA.JK,"IHSG Sudah Bottom dan Berpotensi Rebound? Saham BBRI, BBCA, BMRI dan BBNI Siap Terbang - Bareksa.com",0.0,10175.0,165369400,0
2024-11-25,BBCA.JK,"Target Harga dan Rekomendasi Saham BBNI, BMRI, BBCA dan BBRI - Bloomberg Technoz",0.0,10175.0,165369400,0
2024-11-25,BBCA.JK,"Daftar Dividen Interim Jumbo yang Cair Bulan Depan, BBCA Rp6 T - Market - Bloomberg Technoz",0.6,10175.0,165369400,0
2024-11-22,BBCA.JK,Transaksi Judi Online Paling Banyak Terjadi di Bank Central Asia (BCA) - Bacaini.id,0.0,9850.0,58396100,1
2024-11-21,BBCA.JK,Penjelasan Presdir BCA Jahja Setiaatmadja Soal Biaya Admin di Produk Tabungan Bank - olenka.id,0.0,9850.0,93181200,0
2024-11-19,BBCA.JK,"Harga Saham BBCA Turun di Bawah Rp10.000, Masih Mahal atau Sudah Murah? - Bareksa.com",-0.6,9925.0,85295300,1
2024-11-18,BBCA.JK,"Harga Saham Blue Chip Ini Terus Melorot, Cek yang Layak Beli & Punya Prospek Cerah - TradingView",0.6,10000.0,65716200,0
2024-11-18,BBCA.JK,BCA Ungkap Kunci untuk Menjadi Tempat Kerja yang Didambakan - BCA.co.id,0.0,10000.0,65716200,0
2024-11-18,BBCA.JK,Inovasi GestureCam untuk Penyandang Disabilitas Bawa BCA Juara 1 di AI Driven Bot Competition 2024 - BCA.co.id,0.0,10000.0,65716200,0
2024-11-14,BBCA.JK,"BCA Tebar Dividen Rp 6,1 Triliun, Berikut Jadwal Pencairannya - Marketeers",0.6,10100.0,56381400,1
2024-11-14,BBCA.JK,"Aplikasi Online Trading BCA Sekuritas Hari ini Bermasalah, Order Lewat Telepon - KONTAN",0.0,10100.0,56381400,1
2024-11-14,BBCA.JK,"Aplikasi Online Trading BCA Eror, Jual-Beli Saham Lewat Telepon - Kumparan.com",-0.6,10100.0,56381400,1
2024-11-14,BBCA.JK,Daftar 12 Bank Milik Para Konglomerat Negeri - olenka.id,0.0,10100.0,56381400,1
2024-11-13,BBCA.JK,"Bank BCA Naikkan Dividen Interim, Berkat Kinerja yang Positif - iNews.ID",0.6,10150.0,62933100,0
2024-11-13,BBCA.JK,VISI Peroleh Penambahan dan Perpanjangan Fasilitas Kredit pada Bank BCA - pasardana.id,0.0,10150.0,62933100,0
2024-11-12,BBCA.JK,BCA Bagikan Dividen Interim Tunai Rp50 per Saham - BCA.co.id,0.6,10150.0,80378500,0
2024-11-12,BBCA.JK,"BBCA Tebar Dividen Interim Rp6,1 Triliun, Catat Tanggalnya! - Ajaib",0.6,10150.0,80378500,0
2024-11-12,BBCA.JK,BBCA Sampaikan Jadwal dan Tata Cara Pembagian Dividen Interim Tunai Tahun Buku 2024 - pasardana.id,0.6,10150.0,80378500,0
2024-11-12,BBCA.JK,BCA (BBCA) Akan Bagikan Dividen Interim Tunai Rp50 per Saham - CNBC Indonesia,0.6,10150.0,80378500,0
2024-11-12,BBCA.JK,BCA Bagikan Dividen Interim Rp 50 per Saham - Kompas.com,0.6,10150.0,80378500,0
2024-11-12,BBCA.JK,Foto : BCA Bagikan Dividen Interim Rp 50 per Saham Halaman 1 - Kompas.com,0.6,10150.0,80378500,0
2024-11-12,BBCA.JK,BCA Gelar Indonesia Knowledge Forum (IKF) 2024 - Bisnis.com,0.0,10150.0,80378500,0
2024-11-11,BBCA.JK,"IHSG Sesi I Drop 1,11%, Terbebani Saham BBRI dan BBCA - Market - Bloomberg Technoz",-0.6,10050.0,128707600,1
2024-11-07,BBCA.JK,"Trump Menang Tekan Saham Bank, Putusan The Fed Bisa Kerek BBRI, BBCA, BMRI dan BBNI? - Bareksa.com",0.0,10175.0,131579100,0
2024-11-07,BBCA.JK,"BREN dan BBCA Rontok, IHSG Amblas 1,9 Persen - Hallobisnis.com - Hallo Bisnis",0.0,10175.0,131579100,0
2024-11-05,BBCA.JK,"Investor Asing Diam-diam Borong 10 Saham Ini, Ada BBRI - Bloomberg Technoz",0.0,10500.0,50296500,0
2024-11-05,BBCA.JK,"Ternyata, Begini Peran Tom Lembong Selamatkan BCA dari Krismon - makassarinsight.com",0.0,10500.0,50296500,0
2024-11-05,BBCA.JK,"Ini Bank yang Operasionalnya Paling Efisien di Kuartal III-2024, BCA Jadi Jawara - kontan.co.id",0.0,10500.0,50296500,0
2024-11-05,BBCA.JK,"Info Loker! Bank BCA Buka Lowongan Kerja 2024 untuk Fresh Graduate, Begini Cara Daftarnya - Kompas.tv",0.0,10500.0,50296500,0
2024-11-01,BBCA.JK,"3 Saham Big Bank Tumbang, Siapa yang Sudah Diskon Besar? - Mikir Duit",0.0,10425.0,47710000,0
2024-11-01,BBCA.JK,"10 Perusahaan Terbesar di ASEAN, Indonesia Mendominasi - RRI.co.id",0.0,10425.0,47710000,0
2024-10-31,BBCA.JK,"BBRI, BMRI, BBNI, BBCA, Ini Dia Perbandingan Kinerja Bank Big 4 - Bloomberg Technoz",0.0,10250.0,97553400,1
2024-10-30,BBCA.JK,"Saham Djarum yang Prospektif bagi Investor, Tertarik? - Ajaib",0.6,10350.0,114484100,0
2024-10-30,BBCA.JK,Pemerintah Berencana Mengadakan Pemutihan Utang bagi UMKM - Link UMKM,0.0,10350.0,114484100,0
2024-10-29,BBCA.JK,"Saham BBCA, BBNI hingga BDMN Rontok, Imbas Sentimen Sritex? - Infobanknews",0.0,10500.0,49680100,0
2024-10-29,BBCA.JK,"Daftar Kreditur Bank Sritex (SRIL), BCA Paling Besar - Bloomberg Technoz",0.0,10500.0,49680100,0
2024-10-28,BBCA.JK,BCA Opens Voice About Sritex's Debt - VOI.ID,0.0,10600.0,39061500,0
2024-10-25,BBCA.JK,"Daftar 39 Bank BCA yang Buka Sabtu Minggu, Ada 5 di Kawasan Tangerang Raya - Tribunnews.com",0.0,10750.0,34847500,0
2024-10-24,BBCA.JK,"Pertumbuhan Kredit Solid di Seluruh Segmen, Laba Bersih BCA Tumbuh 12,8% - BCA.co.id",0.6,10700.0,85341200,1
2024-10-23,BBCA.JK,"Saham BBCA Naik 1,43% Jelang Rilis Laporan Keuangan Q3-2024 - Bloomberg Technoz",0.6,10650.0,48903000,1
2024-10-23,BBCA.JK,"Kredit BBCA di Kuartal III Melesat 14,5% dan Laba Bersih Naik 12,8%, Ini Rekomendasi Sahamnya - Bareksa.com",0.6,10650.0,48903000,1
2024-10-23,BBCA.JK,"Pendorong Laba Bank BCA (BBCA) Bisa Naik 12,8% Jadi Rp41,1 T - Bloomberg Technoz",0.6,10650.0,48903000,1
2024-10-23,BBCA.JK,"BBCA Cetak Laba Rp 41,1 Triliun di Kuartal III-2024, Naik 12,8% - CNBC Indonesia",0.6,10650.0,48903000,1
2024-10-23,BBCA.JK,Daftar 10 Bank Terbesar di Indonesia Tahun 2024 - Inilah.com,0.0,10650.0,48903000,1
2024-10-22,BBCA.JK,Bolde Indonesia Tambah Kepemilikan Saham di MPX Logistics (MPXL) - kontan.co.id,0.0,10500.0,94799500,1
2024-10-18,BBCA.JK,"10 Saham yang Bagus Untuk Jangka Panjang, Pantau Terus Aplikasinya! - InvestasiKu",0.0,10750.0,56299600,0
2024-10-18,BBCA.JK,"Merchant Kini Bisa Makin Cepat Cairkan Dana Transaksi QRIS Lewat BCA, hingga 4 Kali Sehari - BCA.co.id",0.0,10750.0,56299600,0
2024-10-17,BBCA.JK,BCA (BBCA) Gelontorkan Green Financing Rp 200 Triliun Lebih - investor.id,0.0,10725.0,66993300,1
2024-10-17,BBCA.JK,Kontribusi BCA Tingkatkan Kesejahteraan Masyarakat Labuan Bajo - Liputan6.com,0.0,10725.0,66993300,1
2024-10-17,BBCA.JK,Mengulik Peran Keluarga Hartono dalam Pohon Bisnis Grup Djarum - olenka.id,0.0,10725.0,66993300,1
2024-10-17,BBCA.JK,Aset Kelolaan Bank Kustodian BCA Tembus Rp 417 Triliun per September 2024 - kontan.co.id,0.0,10725.0,66993300,1
2024-10-15,BBCA.JK,"Sajikan Opsi Baru Investasi, BCA Luncurkan Reksa Dana Saham Syariah BISEU - BCA.co.id",0.0,10625.0,66635200,0
2024-10-14,BBCA.JK,"IHSG Hijau Efek Sri Mulyani akan Jabat Menkeu Lagi? BBRI, BRMS, BMRI hingga BBCA Jadi Saham Trending - Bareksa.com",0.0,10500.0,31738600,1
2024-10-14,BBCA.JK,"Hadir Melayani Nasabah Lebih Dekat, BCA Buka KCP Kas Mayang di Jambi - BCA.co.id",0.0,10500.0,31738600,1
2024-10-11,BBCA.JK,BCA dan Batavia Prosperindo AM Luncurkan Reksa Dana Saham Syariah BISEU - Infobanknews,0.0,10375.0,44632100,1
2024-10-11,BBCA.JK,BCA Luncurkan Reksa Dana Syariah BISEU - Kompas.com,0.0,10375.0,44632100,1
2024-10-09,BBCA.JK,"Reksadana BCA: Jenis, Kelebihan, Risiko, dan Cara Belinya - finansialku.com",-0.6,10425.0,56835200,1
2024-10-08,BBCA.JK,"Bareksa Insight: Oktober Bulan Cuan? Simak Rekomendasi Saham BBRI, BMRI, BBCA, MYOR hingga SMRA - Bareksa.com",0.0,10400.0,99622900,1
2024-10-08,BBCA.JK,"News & Features BCA - Mari mengenal BISEU, Reksa Dana Saham Syariah Offshore Baru di BCA - BCA.co.id",0.0,10400.0,99622900,1
2024-10-07,BBCA.JK,"IHSG Menguat 0,11% Didukung TPIA-BUKA, tetapi Dihambat BBCA - Bloomberg Technoz",0.6,10300.0,91867900,1
2024-10-07,BBCA.JK,InfoUpdateBCABukaLowonganuntukFreshGraduatedanProfesionalCekPosisidanSyaratnya - https://sumateraekspres.bacakoran.co/ - sumateraekspres,0.0,10300.0,91867900,1
2024-10-07,BBCA.JK,"Terapkan Efisiensi Sangat Tinggi, Wisma BCA Foresta Raih Sertifikat Green Mark Super Low Energy Building Pertama di Indonesia - BCA.co.id",0.0,10300.0,91867900,1
2024-10-07,BBCA.JK,Wisma BCA Foresta Becomes Indonesia’s First to Earn Green Mark Super Low Energy Building Certificate for Outstanding Efficiency - BCA.co.id,0.0,10300.0,91867900,1
2024-10-07,BBCA.JK,5 Cara Transfer BCA ke DANA Lewat ATM dan Mobile Banking - Tempo.co,0.0,10300.0,91867900,1
2024-10-02,BBCA.JK,Siap-Siap! Segini Estimasi Dividen Interim BCA & BRI Akhir Tahun - CNBC Indonesia,0.6,10500.0,86746200,0
2024-10-02,BBCA.JK,Kolaborasi BCA dan WARLAMI: Menghidupkan Kembali Wastra Warna Alam Sumba Timur - Flores Terkini - Flores Terkini,0.0,10500.0,86746200,0
2024-10-01,BBCA.JK,"Saham Big Bank Koreksi, Kesempatan Cicil Beli Mulai Lagi? - CNBC Indonesia",0.0,10550.0,59797700,0
2024-10-01,BBCA.JK,"Limit Transaksi Kartu Xpresi BCA, Lengkap Biaya Admin dan Syarat Pendaftarannya - Liputan6.com",0.0,10550.0,59797700,0
2024-09-30,BBCA.JK,"Saham BBRI, BBCA dan BMRI Kompak Turun, Begini Strategi Investasinya - Bareksa.com",-0.6,10325.0,144692100,1
2024-09-27,BBCA.JK,Saham BBCA: Emiten dengan Kapitalisasi Pasar Terbesar - Ajaib,0.0,10650.0,93027400,0
2024-09-27,BBCA.JK,BCA Life dan Bank BCA Hadirkan Produk Asuransi MyGuard di myBCA - Press Release Indonesia,0.0,10650.0,93027400,0
2024-09-27,BBCA.JK,Cara transfer BRI ke BCA lewat m-banking BRImo dengan cepat - ANTARA News,0.0,10650.0,93027400,0
2024-09-26,BBCA.JK,"Bobot Emiten Big Cap BREN, BBCA, BBRI, BMRI, TLKM, ASII ke IHSG Turun - kontan.co.id",-0.6,10700.0,84960100,0
2024-09-25,BBCA.JK,"Saham BBCA Sempat Sentuh All Time High, Bagaimana Prospeknya? - Bisnis.com",0.6,10850.0,158369100,0
2024-09-25,BBCA.JK,"Saham BBCA Sumringah Meski Ada Stimulus Jumbo China, Begini Prospek Cuannya - Bareksa.com",0.6,10850.0,158369100,0
2024-09-25,BBCA.JK,"Trading Saham di Bareksa Makin Mudah, Bisa Daftar Pakai Rekening Bank Apapun - Bareksa.com",0.0,10850.0,158369100,0
2024-09-24,BBCA.JK,"Hati-Hati Penipuan Mengatasnamakan CS BCA, Kenali Modusnya! - Liputan6.com",0.0,10800.0,105191100,1
2024-09-24,BBCA.JK,Mewakili Indonesia! BCA Kembali Jadi Bank Paling Dipercaya di Dunia Versi Majalah Newsweek - BCA.co.id,0.0,10800.0,105191100,1
2024-09-24,BBCA.JK,BCA (BBCA) Ungkap Tantangan Likuiditas di Masa Mendatang - Bisnis.com,0.0,10800.0,105191100,1
2024-09-23,BBCA.JK,"Pegang Saham BBCA, KBLI, BBRI, BSDE hingga NCKL, Cuan Reksadana Sucorinvest dan Prospera Melambung - Bareksa.com",0.0,10950.0,72553800,0
2024-09-23,BBCA.JK,BCA Umumkan Daftar Pemenang Program The New Gebyar Hadiah BCA Tahun 2024 - Liputan6.com,0.0,10950.0,72553800,0
2024-09-23,BBCA.JK,"BCA Sebar Puluhan Vespa dan Mercedes, Siapa Nasabah yang Beruntung? - Liputan6.com",0.6,10950.0,72553800,0
2024-09-19,BBCA.JK,Harga Saham Bank Central Asia (BBCA) Tembus Level Tertinggi Usai BI Rate Turun - TradingView,-0.6,10900.0,140886600,0
2024-09-18,BBCA.JK,"The Fed Pangkas Bunga Acuan, Ini Efek Bagi Bank Sentral di Asia - Bloomberg Technoz",0.0,10625.0,65420200,1
2024-09-17,BBCA.JK,Tangan Dingin Mochtar Riady Membangun BCA: Dari 27 Karyawan Kini Jadi Bank Terbesar di Asia - olenka.id,0.0,10500.0,89745000,1
2024-09-17,BBCA.JK,BYC Meet The Fest: Ajang Kolaborasi Bisnis Muda dari BCA untuk Masa Depan - beritajatim.com,0.0,10500.0,89745000,1
2024-09-13,BBCA.JK,"Daftar Saham 9 Naga di Indonesia, Mana Paling Cuan Dikoleksi? - Medcom.id",0.0,10425.0,70057100,1
2024-09-12,BBCA.JK,"Mengenal BCA Xpresi, Solusi Perbankan Modern untuk Generasi Milenial dan Gen Z - Liputan6.com",0.0,10475.0,70759100,0
2024-09-12,BBCA.JK,Limit Transfer BCA Mobile 2024 ke Sesama Rekening BCA dan Bank Lainnya - Liputan6.com,0.0,10475.0,70759100,0
2024-09-10,BBCA.JK,Segera Daftar! Beasiswa Bakti BCA Dibuka Lagi buat Mahasiswa S1: Tawarkan Dana Pendidikan hingga Program Pengembangan Diri - BCA.co.id,0.0,10350.0,55093100,1
2024-09-10,BBCA.JK,"MIND ID Dapat Pinjaman US$1,5 M dari Sejumlah Bank Asing - Bloomberg Technoz",0.0,10350.0,55093100,1
2024-09-09,BBCA.JK,Daftar Perusahaan 9 Naga di Indonesia dan Sahamnya - Medcom.id,0.0,10275.0,36185100,1
2024-09-06,BBCA.JK,"Daftar 10 Saham RI dengan Kapitalisasi Pasar Terbesar, BBCA Bukan No 1 - CNBC Indonesia",0.0,10300.0,31541800,0
2024-09-06,BBCA.JK,BBCA Minta Emiten Tri Ramadi Penuhi Syarat Raih Pinjaman Rp669 Miliar - Hallobisnis.com - Hallo Bisnis,0.0,10300.0,31541800,0
2024-09-06,BBCA.JK,"BCA Raih KEJAR Award dari OJK, Bukti Komitmen Dukung Peningkatan Literasi Keuangan Generasi Muda - BCA.co.id",0.0,10300.0,31541800,0
2024-09-04,BBCA.JK,BCA (BBCA) Gabungkan Dua Entitas Pembiayaan - Bloomberg Technoz,0.0,10300.0,44817000,0
2024-09-04,BBCA.JK,"BCA Resmi Gabungkan 2 Anak Usaha, Apa Tujuannya? - Liputan6.com",0.0,10300.0,44817000,0
2024-09-03,BBCA.JK,"Simak Nih! Bocoran Dividen Bank Mandiri, BNI hingga BCA Tahun Buku 2024 - Infobanknews",0.6,10175.0,50950200,1
2024-09-03,BBCA.JK,"BCA Finance dan BCA Multi Finance Resmi Merger, Ini Nasib Nasabahnya - CNBC Indonesia",0.0,10175.0,50950200,1
2024-09-03,BBCA.JK,Daftar 10 Aplikasi Saham Terbaik di Indonesia - Rekomendasi Aplikasi - Gramedia,0.0,10175.0,50950200,1
2024-09-02,BBCA.JK,"BI Adakan Pertemuan dengan Bank Sentral Se-Asia Pasifik, Ini Hasilnya - CNBC Indonesia",0.0,10275.0,72008600,0
2024-08-30,BBCA.JK,"Ini Bocoran Dividen BBRI, BMRI, BBCA, dan BBNI Tahun Depan - CNBC Indonesia",0.6,10325.0,158403700,0
2024-08-30,BBCA.JK,BI Gandeng Bank Sentral Korsel untuk Penggunaan Mata Uang Lokal Lintas Negara - Medcom.id,0.0,10325.0,158403700,0
2024-08-29,BBCA.JK,BBCA Berusaha Jaga Kualitas Aset - KONTAN,0.0,10225.0,53004700,1
2024-08-29,BBCA.JK,BCA (BBCA) Raih Dana Kelolaan di Bisnis Wealth Management Rp243 Triliun - SWA.co.id,0.0,10225.0,53004700,1
2024-08-29,BBCA.JK,"BCA Operasikan 2 Aplikasi Mobile Banking Berbeda, Apa Alasannya? - Tempo.co",0.0,10225.0,53004700,1
2024-08-28,BBCA.JK,"Harga Saham Tembus Rp 10 Ribu, BBCA Bakal Stock Split Lagi? - Liputan6.com",0.0,10350.0,38489900,0
2024-08-27,BBCA.JK,Siapa Pemilik BCA? Ini Jawabannya! - IDN Times,0.0,10200.0,60448400,1
2024-08-23,BBCA.JK,"Tembus Rekor Tertinggi, Lebih Cuan Emas atau Saham dalam Jangka Panjang? - Kompas.com",0.6,10325.0,46651600,0
2024-08-21,BBCA.JK,"Mewakili Indonesia, BCA Raih 6 Penghargaan Internasional dalam Sebulan - BCA.co.id",0.0,10425.0,84848800,0
2024-08-20,BBCA.JK,"Kemampuan Cicil Masyarakat Tetap Baik, Meski Ekonomi Sedang Lesu - TradingView",0.0,10425.0,60304400,0
2024-08-19,BBCA.JK,"Target dan Rekomendasi Saham BBRI, BBCA, BMRI, dan BBNI - Bloomberg Technoz",0.0,10375.0,51054400,1
2024-08-19,BBCA.JK,BCA (BBCA) Buka Suara soal Potensi IPO Anak Usaha BCA Digital Blu - Bisnis.com,0.0,10375.0,51054400,1
2024-08-19,BBCA.JK,Alasan Presiden Direktur BCA Tak Mendorong BCA Finance Melantai di BEI Usai Merger - kontan.co.id,0.0,10375.0,51054400,1
2024-08-19,BBCA.JK,BCA Sebut 10% Pengajuan KPR Ditolak Gara-Gara Gagal Bayar Pinjol - KONTAN,0.0,10375.0,51054400,1
2024-08-16,BBCA.JK,"Saham ITMG Jadi Sorotan, Berpeluang Cuan Besar dari Sentimen ini - KabarBursa.com",0.0,10325.0,40731400,1
2024-08-13,BBCA.JK,Perusahaan Swasta Mulai Letakkan Batu Pertamanya di IKN - Kompas.id,0.0,10300.0,55207100,0
2024-08-13,BBCA.JK,BCA (BBCA) Buka Kantor Cabang Baru di IKN - Bloomberg Technoz,0.0,10300.0,55207100,0
2024-08-13,BBCA.JK,"Bank BCA Buka Lowongan Kerja Buat Fresh Graduate Agustus 2024, Cek Posisi yang Dibuka - KONTAN",0.0,10300.0,55207100,0
2024-08-13,BBCA.JK,Adopsi Teknologi Jadi Alasan Sejumlah Bank Tutup Layanan Bank Draft - kontan.co.id,0.0,10300.0,55207100,0
2024-08-12,BBCA.JK,"Groundbreaking Kantor PT Bank Central Asia Tbk di Kawasan Ibu Kota Nusantara, Kabupaten Penajam Paser Utara, Provinsi Kalimantan Timur, 12 Agustus 2024 - Sekretariat Kabinet Republik Indonesia",0.0,10200.0,40364100,1
2024-08-12,BBCA.JK,Kantar Nobatkan BCA Sebagai Merek Paling Bernilai di Asia Tenggara Tahun 2024 - BCA.co.id,0.0,10200.0,40364100,1
2024-08-12,BBCA.JK,BCA Expo Kembali Hadir! Banjir Promo dan Diskon Spesial pada Bulan Kemerdekaan - Press Release Indonesia,0.0,10200.0,40364100,1
2024-08-12,BBCA.JK,Presiden Jokowi resmikan peletakan batu pertama kantor perbankan swasta di IKN - ANTARA News,0.0,10200.0,40364100,1
2024-08-12,BBCA.JK,"Lowongan Kerja Bank BCA Terbaru untuk S1 Semua Jurusan, Fresh Graduate Bisa Melamar - Kompas.tv",0.0,10200.0,40364100,1
2024-08-09,BBCA.JK,Dari Pagelaran Hingga Pasar Rakyat! Bakti BCA Akan Hadirkan “Gebyar BCA Merah Putih: Indonesia Banget!” di Area Prambanan - BCA.co.id,0.0,10150.0,47062400,1
2024-08-07,BBCA.JK,"Minat Masyarakat Berinvestasi Makin Tinggi, BCA Rilis Reksa Dana Indeks Saham BIPI - InvestorTrust",0.0,10100.0,52327400,1
2024-08-07,BBCA.JK,BCA (BBCA) Pada 12 Agustus Groundbreaking Kantor di IKN - SWA.co.id,0.0,10100.0,52327400,1
2024-08-07,BBCA.JK,"Ironi Bank Beraset Rp1.400 Triliun, Pansus DPD: BCA Kemplang Duit BLBI Hampir Rp27 Triliun - Inilah.com",0.0,10100.0,52327400,1
2024-08-07,BBCA.JK,"BCA Ternyata Masih Punya Utang Rp26,5 Triliun Terkait BLBI - Rmol.id",0.0,10100.0,52327400,1
2024-08-07,BBCA.JK,"Bidik First Home Buyer, BCA Andalkan KPR Online - kontan.co.id",0.0,10100.0,52327400,1
2024-08-06,BBCA.JK,"3 Cara Ambil Uang Tanpa Kartu ATM BCA, Begini Langkah-Langkahnya - Liputan6.com",0.0,10000.0,78473900,1
2024-08-06,BBCA.JK,"Berikut 10 Bank yang Operasional Paling Efisien di Semester I, BCA Diposisi Teratas - kontan.co.id",0.0,10000.0,78473900,1
2024-08-05,BBCA.JK,"Direksi BCA Tampil Bersama Regulator, Bankir, Jurnalis, dan Seniman pada Ketoprak Financial Majapahit Ratu Kencono Wungu - BCA.co.id",0.0,9875.0,126328300,1
2024-08-05,BBCA.JK,BCA Jadi Merek Paling Bernilai di ASEAN Tahun 2024 - Marketeers,0.0,9875.0,126328300,1
2024-08-02,BBCA.JK,Harga Saham BCA Terbaru 2024 + Data Historisnya - Bizhare,0.0,10200.0,55699900,0
2024-08-01,BBCA.JK,"Jam Operasional Bank BCA yang Wajib Disimak Nasabah, Hari Sabtu Tetap Buka - Liputan6.com",0.0,10375.0,61176200,0
2024-08-01,BBCA.JK,Lengkap! Kode Bank BCA dan Lainnya untuk Transfer Antar Bank - detikFinance,0.0,10375.0,61176200,0
2024-07-29,BBCA.JK,"Laba Tumbuh Dua Digit, Saham BBCA Tembus All Time High - detikNews",0.6,10250.0,69092500,0
2024-07-26,BBCA.JK,"Laba Melesat, 32 Analis Rekomendasi Beli Saham BBCA - Market - Bloomberg Technoz",0.6,10325.0,75565800,0
2024-07-26,BBCA.JK,"Lanjutkan Sinergi dengan Pasar Modal, BCA Teken Kerja Sama sebagai Bank Administrator RDN dan Bank Pembayaran 2024-2029 - BCA.co.id",0.0,10325.0,75565800,0
2024-07-26,BBCA.JK,BCA Sukses Jadi Merek dengan Valuasi Tertinggi di Asia Tenggara - pasardana.id,0.0,10325.0,75565800,0
2024-07-25,BBCA.JK,"Kinerja Keuangan BCA Cemerlang di Semester I 2024, Ini Rekomendasi Saham BBCA - Bareksa.com",0.6,10300.0,98088100,1
2024-07-25,BBCA.JK,"Rilis Kinerja Paruh Pertama, BBRI vs BBCA Mana yang Terbaik? - Mikir Duit",0.0,10300.0,98088100,1
2024-07-25,BBCA.JK,"Harga Saham Tembus Rp10.000, Bos BCA Tegaskan Tak Ada Rencana Stock Split - Infobanknews",0.0,10300.0,98088100,1
2024-07-25,BBCA.JK,"NPL BCA (BBCA) Naik, Ini Penyebabnya - CNBC Indonesia",0.6,10300.0,98088100,1
2024-07-25,BBCA.JK,"Kredit Naik 15,5%, Tumbuh Positif di Seluruh Segmen - PintarSaham",0.6,10300.0,98088100,1
2024-07-24,BBCA.JK,"Tahun Ini, BCA Tidak Ada Rencana Stock Split Saham - Validnews",0.0,10075.0,24658000,1
2024-07-24,BBCA.JK,"Harga Saham Tembus Rp 10.075, BCA Pastikan Tak Akan Stock Split di 2024 - kumparan.com - Kumparan.com",0.0,10075.0,24658000,1
2024-07-24,BBCA.JK,"Kredit Naik 15,5%, Tumbuh Positif di Seluruh Segmen - BCA.co.id",0.6,10075.0,24658000,1
2024-07-24,BBCA.JK,"Cetak Sejarah Baru! Juara Miss Supranational 2024, Harashta Haifa Zahra tiba di Tanah Air Disambut BCA dan YPI - BCA.co.id",0.0,10075.0,24658000,1
2024-07-24,BBCA.JK,"Bank BCA (BBCA) Raup Laba Bersih Rp 26,9 Triliun di Semester I 2024, Tumbuh 11,1% - kontan.co.id",0.6,10075.0,24658000,1
2024-07-23,BBCA.JK,"Konsisten Berkontribusi Bagi Pendapatan Negara, BCA Kembali Raih Penghargaan Wajib Pajak 2024 - BCA.co.id",0.0,10175.0,39321100,0
2024-07-22,BBCA.JK,"Jadi Bank RDN, BCA Syariah Siap Bangun Minat Masyarakat Bertransaksi Saham Syariah - Infobanknews",0.0,10100.0,31285300,1
2024-07-19,BBCA.JK,KGI Sekuritas Terbitkan 2 Waran Terstruktur dengan Aset Dasar BBCA dan TLKM - InvestorTrust,0.0,10125.0,53880300,0
2024-07-19,BBCA.JK,"Lengkapi Pilihan Investasi Nasabah, BCA Luncurkan Reksa Dana Indeks Saham BIPI - BCA.co.id",0.0,10125.0,53880300,0
2024-07-19,BBCA.JK,Daftar Lengkap Besaran Bunga Deposito di BCA-BRI-BNI dan Bank Mandiri - CNBC Indonesia,0.0,10125.0,53880300,0
2024-07-17,BBCA.JK,"BCA Luncurkan Reksa Dana BIPI, Bisa Dibeli Mulai Rp 10.000 - Kompas.com",0.0,9800.0,90666000,1
2024-07-16,BBCA.JK,"News & Features BCA - Kenalan dengan BIPI, Reksa Dana Indeks Saham Baru di BCA - BCA.co.id",0.0,9950.0,37192700,0
2024-07-16,BBCA.JK,"Begini Proyeksi Kinerja Saham Sektor Perbankan, Bakal Makin Cuan? - Infobanknews",0.0,9950.0,37192700,0
2024-07-15,BBCA.JK,"Wahana Inti (NASI) Ungkap Dana IPO Sisa Rp2,3M Masuk Bank BCA (BBCA) - Emitennews.com",0.0,10050.0,36682600,0
2024-07-15,BBCA.JK,Lima Sektor Diyakini Catat Kinerja Positif - Kompas.id,0.6,10050.0,36682600,0
2024-07-15,BBCA.JK,BCA terus kembangkan sistem keamanan siber secara berlapis - ANTARA News,0.0,10050.0,36682600,0
2024-07-12,BBCA.JK,Total ekuitas dari PT Bank Central Asia Tbk – IDX:BBCA - TradingView,0.0,10075.0,62646500,0
2024-07-10,BBCA.JK,BCA Pastikan Blokir dan Laporkan Rekening yang Terlibat Judi Online - Tempo.co,0.0,10100.0,62325900,0
2024-07-09,BBCA.JK,BCA Digugat Nasabahnya Rp10 Miliar Karena Lelang Aset Jaminan - beritajatim.com,0.0,10075.0,61853200,1
2024-07-05,BBCA.JK,"Bakti BCA Program CSR Terbaik Se-Asia, Ini Dampak Nyatanya - SWA.co.id",0.0,9950.0,36946900,1
2024-07-05,BBCA.JK,Tarik Tunai EDC BCA Kena Biaya Admin Rp4.000 Mulai Hari Ini - CNN Indonesia,0.0,9950.0,36946900,1
2024-07-04,BBCA.JK,"IHSG Berpotensi Naik di Juli-Agustus, Seberapa Cerah Prospek Saham BBRI, BMRI, BBNI dan BBCA? - Bareksa.com",0.6,9825.0,67054000,1
2024-07-04,BBCA.JK,Meminimalisir Risiko Volatilitas Pasar dengan Diversifikasi Melalui Reksa Dana - BCA.co.id,-0.6,9825.0,67054000,1
2024-07-04,BBCA.JK,Bank BCA Menutup Layanan Bank Draft Remitansinya Mulai 12 Agustus 2024 - kontan.co.id,0.0,9825.0,67054000,1
2024-07-03,BBCA.JK,"Juni 2024, market cap BREN geser BBCA - IDNFinancials",0.0,10000.0,55860200,0
2024-07-02,BBCA.JK,BCA Finance dan BCA Multi Finance Bakal Merger - pasardana.id,0.0,9900.0,78848500,1
2024-07-02,BBCA.JK,"BCA Finance dan BCA Multi Finance akan Merger, Perkuat Pembiayaan Otomotif - Tempo.co",0.0,9900.0,78848500,1
2024-07-01,BBCA.JK,"Direstui OJK, Dua Anak Usaha BCA Siap Merger - Infobanknews",0.0,9875.0,68634600,1
2024-07-01,BBCA.JK,"BCA Finance dan BCA Multifinance Bakal Merger, Target Kelar Pada 1 September 2024 - kontan.co.id",0.0,9875.0,68634600,1
2024-07-01,BBCA.JK,"BCA Finance dan BCA Multi Finance Bakal Merger, Ini Alasannya - Liputan6.com",0.0,9875.0,68634600,1
2024-07-01,BBCA.JK,"Dapat Restu OJK, BCA Finance dan BCA Multi Finance Siap Merger - Marketeers",0.0,9875.0,68634600,1
2024-07-01,BBCA.JK,"Perkokoh Pembiayaan Otomotif, PT BCA Finance dan PT BCA Multi Finance Berencana Melakukan Merger - BCA.co.id",0.0,9875.0,68634600,1
2024-07-01,BBCA.JK,"Perkuat Bisnis Pembiayaan Otomotif, BCA Finance dan BCA Multifinance Resmi Merger - kontan.co.id",0.0,9875.0,68634600,1
2024-07-01,BBCA.JK,Menyorot Kinerja Bank BCA dalam Penerapan CSR - RM.ID,0.0,9875.0,68634600,1
2024-06-28,BBCA.JK,"Saham Bank Raksasa Tancap Gas: BRI, BNI, Mandiri & BCA Siapa Juara? - CNBC Indonesia",0.0,9925.0,166172300,0
2024-06-27,BBCA.JK,"IHSG Melesat; Investor Asing Net Buy Rp340 M, Saham BBCA Diborong - Market - Bloomberg Technoz",0.0,9750.0,89150700,1
2024-06-27,BBCA.JK,"Saham-saham Prajogo Pangestu Punya Bobot 14% di IHSG, Lewati BBCA - CNBC Indonesia",0.0,9750.0,89150700,1
2024-06-27,BBCA.JK,10 Saham Terbaik untuk Investasi Jangka Panjang - finansialku.com,0.0,9750.0,89150700,1
2024-06-26,BBCA.JK,"Aplikasi BCA Mobile Error, Begini Respons Manajemen - Liputan6.com",0.0,9500.0,77913200,1
2024-06-26,BBCA.JK,"Nasabah Keluhkan M-Banking Error, Ini Penjelasan BCA - CNN Indonesia",0.0,9500.0,77913200,1
2024-06-26,BBCA.JK,"Gangguan BCA Mobile, Manajemen: Masih dalam Proses Perbaikan - Tempo.co",0.0,9500.0,77913200,1
2024-06-24,BBCA.JK,Analisa Sistem Pengendalian Manajemen BCA - BeritaSatu.com,0.0,9600.0,79592300,0
2024-06-21,BBCA.JK,"Petaka Anjloknya Saham Big Bank Pada 2015, Mirip Kayak 2024? - Mikir Duit",-0.6,9600.0,166841200,0
2024-06-20,BBCA.JK,Forbes Kembali Nobatkan BCA Jadi Bank Terbaik di Indonesia - BCA.co.id,0.0,9425.0,81474800,1
2024-06-19,BBCA.JK,"Sosok Armand Wahyudi Hartono, Pewaris Kerajaan Bisnis Djarum - Liputan6.com",0.0,9050.0,100051000,1
2024-06-14,BBCA.JK,"Tak Lagi Gratis, Tarik Tunai di EDC BCA Kena Biaya Rp 4.000 per 5 Juli 2024 - Tempo.co",0.0,9200.0,52986300,0
2024-06-12,BBCA.JK,"Menilik Kisah Sukses Perjalanan BCA, Brand Perbankan Terkuat di Dunia dengan Segudang Pencapaian Besar - olenka.id",0.0,9250.0,49785700,0
2024-06-12,BBCA.JK,BCA Kembali Raih Penghargaan HR Asia Award 2024: Bukti Komitmen Terhadap Kesejahteraan Karyawan - beritajatim.com,0.0,9250.0,49785700,0
2024-06-11,BBCA.JK,"Sudah 6 Tahun Berturut-turut, BCA Sabet Lagi Penghargaan Sebagai Tempat Kerja Terbaik di 2024 - BCA.co.id",0.0,9300.0,68690900,0
2024-06-11,BBCA.JK,"Utamakan karyawan, BCA sabet dua penghargaan HR Asia Award 2024 - topik.id",0.0,9300.0,68690900,0
2024-06-11,BBCA.JK,BCA Wins Best Workplace Award for The Sixth Time in A Row - BCA.co.id,0.0,9300.0,68690900,0
2024-06-10,BBCA.JK,Deretan Saham Bank Big Caps yang Memiliki Valuasi Terdiskon - CNBC Indonesia,0.0,9525.0,45584700,0
2024-06-10,BBCA.JK,Cara Beli Saham BCA Online untuk Pemula - Medcom.id,0.0,9525.0,45584700,0
2024-06-10,BBCA.JK,Upaya Revitalisasi Kebun Kopi Cikoneng Bogor - detikFinance,0.0,9525.0,45584700,0
2024-06-07,BBCA.JK,Melihat Daftar Bank Paling Favorit di Negara Asia-Pasifik - Liputan6.com,0.0,9325.0,51599800,1
2024-06-06,BBCA.JK,"Cara Tarik Tunai Tanpa Kartu BCA yang Mudah, Penting saat Lupa Bawa ATM - Liputan6.com",0.0,9475.0,44991300,0
2024-06-05,BBCA.JK,6 Jurus Investasi Anti Nyangkut di Saham BBCA dan BBRI - Bareksa.com,0.0,9450.0,82087300,1
2024-06-05,BBCA.JK,Cerita Bos BCA Kasih Saham Rp74 M Untuk 2 Putrinya - CNBC Indonesia,0.0,9450.0,82087300,1
2024-06-05,BBCA.JK,"Mewakili Indonesia, BCA Raih 4 Penghargaan Terbaik di Asia: CEO, CFO, CSR dan Investor Relations - BCA.co.id",0.0,9450.0,82087300,1
2024-06-04,BBCA.JK,"3 Jenis Investasi Top, Modal Kecil Hasil Gede - INDODAX",0.0,9350.0,75353100,1
2024-06-04,BBCA.JK,"Hadirkan BCA UMKM Pride 2024, BCA Berikan Wadah Berkembang Bagi UMKM - BCA.co.id",0.0,9350.0,75353100,1
2024-06-03,BBCA.JK,Jahja Setiaatmadja Presdir BCA Tambah Kepemilikan Saham BBCA - Bareksa.com,0.0,9275.0,72197700,1
2024-06-03,BBCA.JK,"Saham Bank Jumbo BRI BCA Mandiri Rebound, Lanjut Naik Nggak Nih? - CNBC Indonesia",0.6,9275.0,72197700,1
2024-06-03,BBCA.JK,Cerita Telkomsel dan BCA Gunakan Teknologi AI untuk Pelanggannya - Tempo.co,0.0,9275.0,72197700,1
2024-05-30,BBCA.JK,"Valuasi Saham Perbankan Big Caps Setelah Harganya Ambruk, Makin Murah? - CNBC Indonesia",-0.6,9000.0,207115100,1
2024-05-30,BBCA.JK,Mau Kerja di BCA? Ada Lowongan Buat Lulusan SMA hingga Sarjana Nih - Liputan6.com,0.0,9000.0,207115100,1
2024-05-27,BBCA.JK,Harga Wajar Saham BBCA Update Kuartal 1 2024 - PintarSaham,0.0,9300.0,128578500,0
2024-05-27,BBCA.JK,"Perkuat Dukungan untuk UMKM, BCA Salurkan KUR kepada Pengusaha Kedai Kopi di Bali - BCA.co.id",0.0,9300.0,128578500,0
2024-05-22,BBCA.JK,"Harga Saham Melonjak 14 Kali Lipat, BREN Salip BCA Jadi Penguasa IHSG - CNBC Indonesia",0.0,9425.0,121712700,0
2024-05-22,BBCA.JK,"IHSG Dibuka Menguat Jelang Libur Panjang, Saham BBRI dan BBCA Topang Transaksi Bursa - Bareksa.com",0.6,9425.0,121712700,0
2024-05-22,BBCA.JK,Catat! Ini Jadwal Operasional Bank BCA Saat Libur Waisak pada 23-24 Mei 2024 - Kompas.tv,0.0,9425.0,121712700,0
2024-05-21,BBCA.JK,Jadwal Buka BCA saat Long Weekend Libur Waisak - CNN Indonesia,0.0,9375.0,75311400,1
2024-05-20,BBCA.JK,BCA Digital Gandeng Garuda Indonesia Gaet Millenial dan Gen Z - Liputan6.com,0.0,9475.0,87890100,0
2024-05-20,BBCA.JK,Tahapan Xpresi BCA: Pilihan Favorit Gen Z untuk Tabungan Masa Kini - Marketeers,0.0,9475.0,87890100,0
2024-05-17,BBCA.JK,Kunci Sukses BCA Sebagai Tempat Kerja Favorit Gen Z - Marketeers,0.0,9750.0,99848500,0
2024-05-17,BBCA.JK,"Bank Terbaik di Indonesia Versi Forbes 2024, BCA Nomor Wahid - Narasi Tv",0.0,9750.0,99848500,0
2024-05-16,BBCA.JK,"Rincian Limit Transfer BCA dan Biaya Administrasi 2024 Terbaru, Naik Per Awal Tahun - Liputan6.com",0.6,9600.0,61126000,1
2024-05-16,BBCA.JK,"Entitas Grup Djarum Akuisisi Anak Usaha Surya Semesta (SSIA) Senilai Rp 3,1 Triliun - kontan.co.id",0.0,9600.0,61126000,1
2024-05-15,BBCA.JK,Bank BCA Syariah Buka Peluang Konsolidasi dengan Bank Syariah Lain - kontan.co.id,0.0,9500.0,54741900,1
2024-05-13,BBCA.JK,5 Saham yang Bisa Bagger dalam 3-7 Tahun Lagi - Mikir Duit,0.0,9525.0,145469900,1
2024-05-08,BBCA.JK,Kenali Produk Reksa Dana dari Manajer Investasi di BCA - BCA.co.id,0.0,9375.0,112808900,1
2024-05-07,BBCA.JK,10 Raksasa IDX 30 dengan Kenaikan Laba Jumbo: Ada Alfamart - BCA - CNBC Indonesia,0.6,9700.0,66746800,0
2024-05-06,BBCA.JK,"Saham Bank Raksasa RI Kompak Bangkit, BCA Masih di Zona Merah - CNBC Indonesia",0.0,9800.0,53076200,0
2024-04-26,BBCA.JK,"BBCA Tumbang, BREN Jadi Emiten Kapitalisasi Pasar Nomor 1 di RI - CNBC Indonesia",0.0,9625.0,100932900,1
2024-04-26,BBCA.JK,30+ Saham Blue Chip 2024 LQ45 Terbaik di Indonesia - Bizhare,0.0,9625.0,100932900,1
2024-04-26,BBCA.JK,"m-Banking BCA Error Hari Ini Jumat 26 April 2024, Coba Cara Ini untuk Atasi Gangguan - Pikiran Rakyat",0.0,9625.0,100932900,1
2024-04-25,BBCA.JK,"Saham BBCA vs BBRI, Siapa yang Paling Menarik? - Mikir Duit",0.0,9775.0,104874100,0
2024-04-23,BBCA.JK,"Kinerja BBCA di Kuartal I 2024 Mengesankan, Segini Target Harga Sahamnya - Bareksa.com",0.0,9725.0,178833000,1
2024-04-23,BBCA.JK,"Profil dan Fakta Menarik Armand Wahyudi Hartono Anak Orang Terkaya di Indonesia, Pernah Raup Cuan Miliaran Rupiah Hanya dari Dividen Saham - KapanLagi.com",0.6,9725.0,178833000,1
2024-04-23,BBCA.JK,"BI Intervensi Jaga Rupiah, Bos BCA: Seperti Buang Garam ke Laut - CNBC Indonesia",0.0,9725.0,178833000,1
2024-04-23,BBCA.JK,"Profil dan Fakta Menarik Armand Wahyudi Hartono Anak Orang Terkaya di Indonesia, Dikenal Punya Gaya Hidup Sederhana - Fimela",0.0,9725.0,178833000,1
2024-04-22,BBCA.JK,"BCA's Loan Book Grew 17.1%, Solid Performance Across All Segments - BCA.co.id",0.0,9350.0,128908000,1
2024-04-19,BBCA.JK,Euromoney Awarded BCA as The Best Bank for Premium Customers - BCA.co.id,0.0,9475.0,147784300,0
2024-04-18,BBCA.JK,"BCA Kembali Hadirkan Bunga Spesial Kredit Mulai dari 3,21% untuk Perempuan Pengusaha - Press Release Indonesia",0.0,9475.0,127134000,0
2024-04-17,BBCA.JK,Indodana Finance dan Bank BCA Jalin Kerja Sama Pembiayaan - Press Release Indonesia,0.0,9525.0,95620700,0
2024-04-16,BBCA.JK,"IHSG Merah Pasca Liburan, BBRI dan BBCA Anjlok 4% Tapi Antrean Beli Segini - Bareksa.com",-0.6,9475.0,283265900,1
2024-04-16,BBCA.JK,Untung Maksimal dari Saham BBCA? Cek Analisis dan Rekomendasinya! - finansialku.com,0.6,9475.0,283265900,1
2024-04-16,BBCA.JK,"Terbaru! Ini Daftar 20 Bank Raksasa di Asia, Ada BRI dan BCA! - CNBC Indonesia",0.0,9475.0,283265900,1
2024-04-05,BBCA.JK,"10 Perusahaan Paling Berharga di ASEAN, Bank BCA - BRI Jadi Juara! - CNBC Indonesia",0.0,9825.0,70428600,0
2024-04-05,BBCA.JK,Anak Orang Terkaya di Indonesia Raup Cuan Miliaran dari THR Dividen BCA - Bisnis.com,0.6,9825.0,70428600,0
2024-04-04,BBCA.JK,Jadwal Operasional BCA Selama Libur dan Cuti Bersama Lebaran 2024 - BCA.co.id,0.0,9850.0,75993500,0
2024-04-03,BBCA.JK,"Rupiah Melemah Bikin IHSG dan Saham Bank Berguguran, BBCA & BBRI Turun 2% - Bareksa.com",-0.6,9525.0,177418400,1
2024-04-03,BBCA.JK,"Saham Big Bank Koreksi, Mana yang Sudah Murah? - Mikir Duit",0.0,9525.0,177418400,1
2024-04-03,BBCA.JK,Gak Usah Bingung! Ini Penyebab Saham Perbankan Raksasa RI Rontok - CNBC Indonesia,0.0,9525.0,177418400,1
2024-04-03,BBCA.JK,"Dukung Penyelenggaraan Puteri Indonesia 2024, Bos BCA Beri Literasi Keuangan di Hadapan 42 Finalis - BCA.co.id",0.0,9525.0,177418400,1
2024-04-02,BBCA.JK,BCA Operational Schedule During 2024 Eid and Public Holiday - BCA.co.id,0.0,9900.0,76763100,0
2024-04-01,BBCA.JK,"Investor Asing Mudik, Saham Bank Besar Ini Tertekan - Bareksa.com",0.0,9850.0,79248700,1
2024-03-27,BBCA.JK,"Lagi, Direksi Bank BCA (BBCA) Tambah Kepemilikan Saham - Bareksa.com",0.0,10075.0,39514100,0
2024-03-27,BBCA.JK,"Mau Dapat Dividen Rp5 Juta/Bulan dari Big Bank, Harus Modal Berapa? - CNBC Indonesia",0.6,10075.0,39514100,0
2024-03-27,BBCA.JK,"Senantiasa di Sisi Nasabah, BCA Raih Penghargaan Gallup Customer Engagement Tiga Tahun Beruntun - BCA.co.id",0.0,10075.0,39514100,0
2024-03-26,BBCA.JK,"BBCA: Laba Bersih Naik 19,4% dan All Time High, Bukti Solid Kinerja Perusahaan? - finansialku.com",0.6,10050.0,65742700,1
2024-03-26,BBCA.JK,Direksi dan Komisaris BCA (BBCA) Aktif Borong Saham saat Momen Bagi-bagi Dividen - Bisnis.com,0.6,10050.0,65742700,1
2024-03-25,BBCA.JK,BCA Sekuritas: Saham Sektor Perbankan Menjanjikan pada 2024 - BCA.co.id,0.0,10075.0,66971000,0
2024-03-25,BBCA.JK,"Saham ASII, BBCA, BBRI, MDKA, dan TLKM jadi Underlying Kontrak Berjangka Saham - Bareksa.com",0.0,10075.0,66971000,0
2024-03-22,BBCA.JK,"Direksi-Komisaris BCA Barengan Borong Saham Rp 14,5 M Jelang Cum Date - CNBC Indonesia",0.0,10100.0,91968200,0
2024-03-22,BBCA.JK,"BCA (BBCA) Bagi Dividen Rp 227,5/Saham, Begini Caranya kalau Mau Dapat, 22 Maret Penting - Indo Premier Sekuritas",0.6,10100.0,91968200,0
2024-03-22,BBCA.JK,BCA Dinobatkan Sebagai Brand Perbankan Terkuat di Dunia oleh Brand Finance - BCA.co.id,0.0,10100.0,91968200,0
2024-03-21,BBCA.JK,"ABM Group Kantongi Pendanaan Rp 1 Triliun dari BCA, untuk Apa? - Liputan6.com",0.0,10125.0,90279400,0
2024-03-21,BBCA.JK,"Targetkan Pertumbuhan Bisnis, PT ABM Tanda Tangani Perjanjian Kredit Rp1 T Bersama BCA - TangerangNews.com",0.6,10125.0,90279400,0
2024-03-19,BBCA.JK,Begini Caranya kalau Mau Dapat Dividen BCA (BBCA) - Indo Premier Sekuritas,0.6,10175.0,55004800,0
2024-03-19,BBCA.JK,Ini Jadwal Pembagian Dividen Tunai BBCA - Bareksa.com,0.6,10175.0,55004800,0
2024-03-19,BBCA.JK,"BCA Mau Bagi THR Dividen Rp 33,28 T, Catat Tanggal Cum Datenya - CNBC Indonesia",0.6,10175.0,55004800,0
2024-03-19,BBCA.JK,Begini Caranya kalau Mau Dapat Dividen BCA (BBCA) - investor.id,0.6,10175.0,55004800,0
2024-03-19,BBCA.JK,"Dividen Besar Bank Jumbo BBRI, BMRI, BBCA dan BBNI - Bisnis.com",0.6,10175.0,55004800,0
2024-03-19,BBCA.JK,"Menyambut Hari Raya Idulfitri 2024, BCA Siapkan Uang Tunai Hingga Rp68,80 Triliun - BCA.co.id",0.0,10175.0,55004800,0
2024-03-19,BBCA.JK,Inisiatif Ramah Lingkungan BCA Bawa Gedung Wisma BCA BSB Raih Sertifikat Green Building - BCA.co.id,0.0,10175.0,55004800,0
2024-03-18,BBCA.JK,"Jangan Sampai Terlewat, Ini Jadwal Pembayaran Dividen BBCA Total Rp 28 Triliun - TradingView",0.6,10150.0,62444100,1
2024-03-18,BBCA.JK,Sikap BlackRock hingga Goldman Sachs untuk Saham 4 Bank Besar RI - Bloomberg Technoz,0.0,10150.0,62444100,1
2024-03-18,BBCA.JK,BBCA Bagi-bagi Duit Lagi! Bersiap Terima Dividen Jumbo Maret 2024 - finansialku.com,0.6,10150.0,62444100,1
2024-03-18,BBCA.JK,"BCA SYNRGY Academy Batch 7 Bina 250 Calon Talenta Digital, Dukung Indonesia Emas 2045 - Press Release Indonesia",0.0,10150.0,62444100,1
2024-03-18,BBCA.JK,"BCA Dinobatkan Jadi Bank Terkuat di Dunia, Kok Bisa? - Marketeers",0.0,10150.0,62444100,1
2024-03-18,BBCA.JK,"Adu Laba Bank Raksasa ASEAN, BRI Rangking Berapa? - CNBC Indonesia",0.6,10150.0,62444100,1
2024-03-15,BBCA.JK,"BCA, BRI, Mandiri, dan BNI Bagi THR Dividen saat Ramadan, Siapa Terbesar? - Bisnis.com",0.6,10150.0,154176800,0
2024-03-14,BBCA.JK,"BCA Gelar Rapat Umum Pemegang Saham Tahunan, Tetapkan Dividen Rp270,00 per Saham - BCA.co.id",0.6,10325.0,110681100,0
2024-03-14,BBCA.JK,"BCA (BBCA) akan Bagikan Lagi Dividen Rp227,50 per Saham - Bareksa.com",0.6,10325.0,110681100,0
2024-03-14,BBCA.JK,"Ada Saham Cetak Rekor, Dikoleksi Anthoni Salim hingga Dipuji Lo Kheng Hong - Indo Premier Sekuritas",0.6,10325.0,110681100,0
2024-03-14,BBCA.JK,"Dividend Yield Diprediksi Naik, Harga Saham BBCA Dibuka Langsung Melesat - Bareksa.com",0.6,10325.0,110681100,0
2024-03-14,BBCA.JK,"Meski Rasio Naik, Dividen Yield BCA Tampak Mini dan Kurang Menarik - TradingView",0.6,10325.0,110681100,0
2024-03-14,BBCA.JK,Video: BCA Tebar Dividen Rp 270 Per Saham - CNBC Indonesia,0.6,10325.0,110681100,0
2024-03-14,BBCA.JK,"Gelar RUPS, BCA Tebar Dividen Rp 270 per Lembar Saham - Marketeers",0.6,10325.0,110681100,0
2024-03-14,BBCA.JK,"Selain Putuskan Dividen, Ini Hasil Lengkap RUPST BCA (BBCA) - Bisnis.com",0.6,10325.0,110681100,0
2024-03-14,BBCA.JK,"RUPST BCA Sepakat Bagikan Dividen Rp33,28 Triliun, Naik 31,7 Persen - Infobanknews",0.6,10325.0,110681100,0
2024-03-14,BBCA.JK,"BCA Tebar Dividen Rp33 Triliun, 68,4% Dari Laba 2023 - Bloomberg Technoz",0.6,10325.0,110681100,0
2024-03-14,BBCA.JK,RUPST BCA setujui bagikan dividen Rp270 per saham - ANTARA News,0.6,10325.0,110681100,0
2024-03-14,BBCA.JK,Tok! BCA Tebar Dividen Rp 33 Triliun ke Investor atau Rp 270/Saham - CNBC Indonesia,0.6,10325.0,110681100,0
2024-03-14,BBCA.JK,"Tok, BCA Bagikan Dividen Rp33,28 Triliun - Industry.co.id",0.6,10325.0,110681100,0
2024-03-14,BBCA.JK,"BCA Gelar Rapat Umum Pemegang Saham Tahunan, Tetapkan Dividen Rp 270,00 per Saham - Press Release Indonesia",0.6,10325.0,110681100,0
2024-03-14,BBCA.JK,"Not Only Become Crazy Rich, BCA Solitaire and Prioritas Allows Customers Earns More Profit Easier - BCA.co.id",0.0,10325.0,110681100,0
2024-03-13,BBCA.JK,"Pasar Koreksi Pasca Rekor, Saham BBCA, BRIS dan SSIA Naik hingga 8,9%, Mau Take Profit? - Bareksa.com",0.6,10000.0,141622600,1
2024-03-13,BBCA.JK,BCA Buka-bukaan Alasan Meluncurkan Aplikasi myBCA - BCA.co.id,0.0,10000.0,141622600,1
2024-03-08,BBCA.JK,"Saham BBCA Cetak Rekor Lagi di Rp10.200, Investor Tunggu Dividen - CNBC Indonesia",0.6,10150.0,100947200,0
2024-03-08,BBCA.JK,"BCA (BBCA) Sahamnya Melejit Jelang RUPST, sempat Dibilang Lo Kheng Hong Begini - Indo Premier Sekuritas",0.0,10150.0,100947200,0
2024-03-08,BBCA.JK,CCV Ungkap Sejumlah Sektor Digital yang Menarik bagi Investor di Tengah Kondisi Menantang - BCA.co.id,0.0,10150.0,100947200,0
2024-03-07,BBCA.JK,"Saham Bank Besar BBCA, BBRI, BMRI Dibuka Loncat, Siap Ikut Borong atau Jual? - Bareksa.com",-0.6,10125.0,118369300,1
2024-03-07,BBCA.JK,"Saham Emiten Ini Melejit, Dikoleksi Anthoni Salim hingga Disebut Lo Kheng Hong Wonderful - Indo Premier Sekuritas",0.0,10125.0,118369300,1
2024-03-05,BBCA.JK,"Berpeluang Diakuisisi BSI, Begini Respons BCA Syariah dan Mega Syariah - kontan.co.id",0.0,9800.0,61952900,1
2024-03-05,BBCA.JK,"Cara Cek Saldo BCA via SMS, ATM, dan Mobile Banking - finansialku.com",0.0,9800.0,61952900,1
2024-03-04,BBCA.JK,Investasi Reksa Dana Lebih Mudah Lewat Fitur Investasi di myBCA - BCA.co.id,0.0,9750.0,43822900,1
2024-03-04,BBCA.JK,"BCA Offers Special Interest Rate of 2.67% for Mortgages, Perfect for New Families Looking for a Home - BCA.co.id",0.0,9750.0,43822900,1
2024-02-29,BBCA.JK,"Saham BBCA Sentuh Rp 10.000 & Dekati ATH, Bakal Stock Split Lagi? - CNBC Indonesia",0.0,9875.0,126671200,0
2024-02-29,BBCA.JK,"BCA Expoversary 2024 Hadir Hari Ini dengan Super Promo, Diskon & Bunga Rendah di BSD - Press Release Indonesia",0.0,9875.0,126671200,0
2024-02-29,BBCA.JK,Berburu Penawaran Spesial di BCA Expo 2024 - detikFinance,0.0,9875.0,126671200,0
2024-02-29,BBCA.JK,"BCA Expoversary Dibuka, Ada Promo Bunga KPR 2,67% dan DP Kendaraan 0% - Katadata.co.id",0.0,9875.0,126671200,0
2024-02-28,BBCA.JK,Ini Kata Bos BBCA Soal Potensi Stock Split Usai Saham Tembus Rp 10.000 - CNBC Indonesia,0.0,10000.0,54043100,0
2024-02-27,BBCA.JK,"Dukung Implementasi ESG, BCA Daur Ulang 12,2 Ton Limbah Seragam - BCA.co.id",0.0,9875.0,43735800,1
2024-02-26,BBCA.JK,"Cetak Laba Rp 2,35 T, Emiten Ini segera Rights Issue, BCA (BBCA) Ikut Ambil Bagian - Indo Premier Sekuritas",0.6,9800.0,41356000,1
2024-02-26,BBCA.JK,Kisah Bos BCA Hibahkan Saham Senilai Rp 74 Miliar ke Anak - CNBC Indonesia,0.0,9800.0,41356000,1
2024-02-26,BBCA.JK,"HUT ke-67 BCA: Daur Ulang 12,2 Ton Limbah Seragam Sebagai Langkah Dukung Implementasi ESG - Marketing.co.id",0.0,9800.0,41356000,1
2024-02-23,BBCA.JK,"Melirik Saham-Saham Defensif yang Jadi Incaran Investor, Cermati Saham Berikut - TradingView",0.0,9825.0,55192300,0
2024-02-23,BBCA.JK,"Rayakan HUT ke-67, BCA Produksi Seragam Berbahan Daur Ulang untuk 25.000 Lebih Karyawan - BCA.co.id",0.0,9825.0,55192300,0
2024-02-22,BBCA.JK,"Bos BCA Sebut Harga Saham Masih Wajar, Belum Ada Rencana Stock Split - kumparan.com - Kumparan.com",0.0,9875.0,66913000,0
2024-02-22,BBCA.JK,"Ada Emiten Rights Issue Rp 6,7 Triliun, BCA (BBCA) Ikut Ambil Bagian - Indo Premier Sekuritas",0.0,9875.0,66913000,0
2024-02-21,BBCA.JK,"Belajar dari Vincent, Sekolahin Anak di Binus Butuh 105 Lot BBCA? - CNBC Indonesia",0.0,9975.0,75371600,0
2024-02-20,BBCA.JK,Fantastis! Biaya Sekolah SMA Binus Serpong Setara 10100 Lembar Saham BBCA - Suara.com,0.0,10025.0,63997700,0
2024-02-19,BBCA.JK,"Bukan Hanya Pekerjaan, Tapi Pengalaman! Segera Ikuti Program Pengembangan Diri di Bank Berikut Ini! - optika.id",0.0,9875.0,53341300,1
2024-02-16,BBCA.JK,Anthoni Salim Pegang Saham BCA (BBCA) Segini - Indo Premier Sekuritas,0.0,9950.0,142277200,0
2024-02-16,BBCA.JK,Anthoni Salim Pegang Saham BCA (BBCA) Segini - investor.id,0.0,9950.0,142277200,0
2024-02-15,BBCA.JK,"Saham BBCA Diborong Asing, Cetak Rekor Harga Tertinggi - Market - Bloomberg Technoz",0.6,9850.0,164748900,1
2024-02-15,BBCA.JK,"BCA (BBCA) Gelar RUPST Bulan Depan, Intip Perkiraan Dividen yang Dibagi - Bisnis.com",0.6,9850.0,164748900,1
2024-02-15,BBCA.JK,"Saham BBCA Diborong Asing, Cetak Rekor Harga Tertinggi - Bloomberg Technoz",0.6,9850.0,164748900,1
2024-02-15,BBCA.JK,"Mirip Lo Kheng Hong, Ini Strategi Investasi Saham Ala Bos BCA - CNBC Indonesia",0.0,9850.0,164748900,1
2024-02-15,BBCA.JK,"Maret, BCA, Mandiri, BRI, BNI, BTN Umumkan Dividen, Siapa Paling Gede? - CNBC Indonesia",0.6,9850.0,164748900,1
2024-02-12,BBCA.JK,"Cetak Rekor Harga Saham, Market Cap BBCA Tembus Rp1.208 Triliun - Bloomberg Technoz",0.6,9800.0,87949400,0
2024-02-12,BBCA.JK,"Jadi Bank Paling Untung, ROE Bank Central Asia (BBCA) Capai 23,5% pada 2023 - kontan.co.id",0.6,9800.0,87949400,0
2024-02-07,BBCA.JK,BCA Tegaskan Pengumuman Perubahan Transfer Antar Bank Menjadi Rp150.000/bulan adalah HOAX dan Penipuan - BCA.co.id,0.0,9700.0,92953500,1
2024-02-07,BBCA.JK,Jadwal Operasional BCA Selama Periode Libur Isra Mikraj dan Imlek 2024 - Press Release Indonesia,0.0,9700.0,92953500,1
2024-02-01,BBCA.JK,10 Nomor Call Center Halo BCA Di Indonesia Dan Luar Negeri Saat Darurat - cryptoharian.com,0.0,9700.0,104208700,0
2024-01-30,BBCA.JK,Mengintip Sumber Kekayaan Orang Terkaya Indonesia Duo Hartono - Liputan6.com,0.0,9650.0,73136400,0
2024-01-30,BBCA.JK,"Berbagi Guyonan Ala Bankir, Jurnalis, dan Seniman di Panggung Ketoprak Jurnalis “Ratu Kalinyamat: Tahta, Darah, dan Cinta” - BCA.co.id",0.0,9650.0,73136400,0
2024-01-30,BBCA.JK,"Perjalanan Panjang Bakti BCA Mendukung Pelestarian Budaya Nusantara, Dari Pagelaran Wayang Terbanyak Hingga Pentas Sudamala - BCA.co.id",0.0,9650.0,73136400,0
2024-01-25,BBCA.JK,"Ditopang Dana Murah (CASA), BCA Himpun Rp 1.102 T Dana Pihak Ketiga - CNBC Indonesia",0.0,9500.0,63212700,0
2024-01-25,BBCA.JK,Bank Central Asia (BBCA) Profit Soars 19.4% to IDR 48.6 Trillion in 2023 - KONTAN,0.0,9500.0,63212700,0
2024-01-23,BBCA.JK,Kisah BCA dan BLBI di Tengah Badai Krisis Moneter - Rmol.id,0.0,9600.0,92348600,0
2024-01-16,BBCA.JK,"Gerak Saham BBCA, BMRI, BBRI, & BBNI jelang Pengumuman BI Rate - Bisnis.com",0.0,9700.0,44869200,1
2024-01-16,BBCA.JK,"Mengenal BCA Digital, Apa Perbedaan dan Kelebihannya dengan Bank BCA, Simak Penjelasannya ! - rakyatbengkulu.com - Rakyat Bengkulu Online",0.0,9700.0,44869200,1
2024-01-15,BBCA.JK,"Kisah Inspiratif Robert Budi Hartono, yang Punya Djarum & BCA! - InvestasiKu",0.0,9725.0,88399500,0
2024-01-12,BBCA.JK,"IHSG Dibuka Menguat, Saham Big Caps (BBRI, BBNI, BBCA) Panen Cuan - Bisnis.com",0.6,9700.0,68253400,1
2024-01-09,BBCA.JK,"Market Cap BCA, BRI, Mandiri, dan BNI saat Saham Bank Pecah Rekor, BBCA Teratas - Bisnis.com",0.6,9625.0,59848600,0
2024-01-08,BBCA.JK,Hooray!! BCA Transaction Limit Increases Starting January 2024 - BCA.co.id,0.0,9575.0,50896000,1
2024-01-05,BBCA.JK,Cek! Adu Rekor Saham Bank Raksasa di Indonesia - CNBC Indonesia,0.6,9575.0,85290100,0
2024-01-05,BBCA.JK,"Bank BCA vs BNI, Mana yang Terbaik - duwitmu.com",0.0,9575.0,85290100,0
2024-01-04,BBCA.JK,Sejumlah Emiten Perbankan Ini Beri Sinyal Tebar Dividen dan Rekomendasi Analis - TradingView,0.6,9475.0,56501800,1
2024-01-04,BBCA.JK,"Investor Asing Net Buy Rp1,3 Triliun, Borong Saham BMRI-BBCA - Bisnis.com",0.0,9475.0,56501800,1
2024-01-04,BBCA.JK,"Saham Bank Jumbo (BMRI, BBCA, BBRI, BBNI) All Time High, Cek Rekomendasinya! - Bisnis.com",0.0,9475.0,56501800,1
2024-01-04,BBCA.JK,Rincian Biaya Admin BCA dan Limit Transaksi Terbaru Mulai 19 Januari 2024 - Liputan6.com,0.0,9475.0,56501800,1
2024-01-04,BBCA.JK,Intip Panduan Tukar Valas dan Tingkat Kurs Dollar-Rupiah di BCA pada Jumat (5/1) - TradingView,0.0,9475.0,56501800,1
2024-01-04,BBCA.JK,Biaya Admin BCA Naik Mulai 19 Januari - CNN Indonesia,0.6,9475.0,56501800,1
2024-01-03,BBCA.JK,"Deretan Penghargaan Domestik hingga Global Diraih Sepanjang 2023, Bukti Konsistensi Kualitas Halo BCA - BCA.co.id",0.0,9350.0,34603300,1
2024-01-02,BBCA.JK,"Harga Saham Bank Jumbo (BBRI, BMRI, BBCA, BBNI) saat IHSG All Time High - Bisnis.com",0.0,9425.0,30545200,0
2026-04-30,BBNI.JK,"Laba BNI Tembus Rp5,66 Triliun, Sinyal Kuat Sektor Perbankan Masih Tangguh - Mistar.id",0.6,3720.0,57549500,0
2026-04-30,BBNI.JK,"Adu Kinerja Laba dan Saham BBCA, BBRI, BMRI, & BBNI Kuartal I/2026 - DataIndonesia",0.6,3720.0,57549500,0
2026-04-30,BBNI.JK,BNI Sekuritas Berikan 6 Pilihan Saham Unggulan Saat IHSG Alami Tekanan di April 2026 - Desakarangbendo.id,-0.6,3720.0,57549500,0
2026-04-30,BBNI.JK,"IHSG Berpotensi Terkoreksi, Berikut 6 Rekomendasi Saham dari BNI Sekuritas (30/4) - kontan.co.id",-0.6,3720.0,57549500,0
2026-04-29,BBNI.JK,"Laba Jumbo, PBV di Bawah 1, Saham Diserok Terus - investor.id",0.6,3800.0,27956600,0
2026-04-29,BBNI.JK,Kenaikan Harga Saham Perbankan Besar di Sesi Awal Rabu 29 April 2026 BBNI BMRI Kompak - Desakarangbendo.id,0.6,3800.0,27956600,0
2026-04-29,BBNI.JK,"IHSG Diprediksi Melemah, BNI Sekuritas Sarankan 6 Saham Pilihan Berikut - Media Asuransi News",-0.6,3800.0,27956600,0
2026-04-29,BBNI.JK,Analisis Proyeksi IHSG Bergerak Datar dengan 5 Pilihan Saham Unggulan BNI Sekuritas 2026 - Desakarangbendo.id,0.0,3800.0,27956600,0
2026-04-29,BBNI.JK,"IHSG Diproyeksi Sideways, Berikut Rekomendasi Saham dari BNI Sekuritas (29/4) - kontan.co.id",0.0,3800.0,27956600,0
2026-04-28,BBNI.JK,"Rekomendasi Teknikal Saham EMAS, DSNG, BBNI untuk Perdagangan Rabu (29/4/2026) - kontan.co.id",0.0,3790.0,31602700,1
2026-04-28,BBNI.JK,"Saham Bank Besar Diserok Asing, PBV di Bawah 1 - investor.id",0.0,3790.0,31602700,1
2026-04-28,BBNI.JK,"Investor Asing Borong Saham BBNI Saat IHSG Melemah 6,61 Persen - AsatuNews.co.id",-0.6,3790.0,31602700,1
2026-04-28,BBNI.JK,Pilihan Saham Potensial dari BNI Sekuritas di Tengah Bayang Koreksi IHSG Mei 2026 - Desakarangbendo.id,0.0,3790.0,31602700,1
2026-04-28,BBNI.JK,"IHSG Masih Rawan Koreksi, Simak 6 Rekomendasi Saham dari BNI Sekuritas (28/4) - kontan.co.id",0.0,3790.0,31602700,1
2026-04-28,BBNI.JK,Investor Asing Akumulasi Saham BNI di Tengah Koreksi Harga - Readers.id,0.0,3790.0,31602700,1
2026-04-27,BBNI.JK,Investor Asing Diam-diam Borong BBNI Hingga CUAN Kala IHSG Merah - Bloomberg Technoz,0.0,3720.0,27549200,1
2026-04-27,BBNI.JK,"Saham Bank Besar Digempur, Hanya 1 yang Selamat - investor.id",0.0,3720.0,27549200,1
2026-04-27,BBNI.JK,"Saham Big Banks Kompak Melemah Hari Ini, Senin (27/4/2026) - kontan.co.id",-0.6,3720.0,27549200,1
2026-04-27,BBNI.JK,"IHSG Hari Ini: Saham BBCA dan BBRI Bangkit, BMRI-BBNI Masih Terkoreksi di Sesi I - Radar Bali",-0.6,3720.0,27549200,1
2026-04-27,BBNI.JK,Simak 6 Rekomendasi dari Saham BNI Sekuritas untuk Perdagangan Senin (27/4) - kontan.co.id,0.0,3720.0,27549200,1
2026-04-24,BBNI.JK,"IHSG Dibuka Turun ke 7.352, Top Losers LQ45:BBTN, MEDC dan BBNI, Jumat (24/2) - kontan.co.id",-0.6,3770.0,53993700,0
2026-04-24,BBNI.JK,"Pembagian Dividen Tunai BBNI dan BBCA Dimulai April 2026, Dana Akan Masuk ke Rekening Nasabah Secara Bertahap - USAID IUWASH Tangguh",0.6,3770.0,53993700,0
2026-04-24,BBNI.JK,"IHSG Masih Melemah, Intip 6 Rekomendasi Saham dari BNI Sekuritas (24/4) - kontan.co.id",-0.6,3770.0,53993700,0
2026-04-23,BBNI.JK,"IHSG Diprediksi Menguat, Berikut 6 Rekomendasi Saham Pilihan dari BNI Sekuritas - Media Asuransi News",0.6,3870.0,56532500,0
2026-04-22,BBNI.JK,Asing Kalap Serok Saham BBNI - investor.id,0.0,3830.0,58900700,1
2026-04-22,BBNI.JK,Asing Getol Borong EMAS Hingga BBNI Kala IHSG Lanjut Koreksi - CNBC Indonesia,0.0,3830.0,58900700,1
2026-04-22,BBNI.JK,"Fitch Ratings Berikan Outlook Negatif Perbankan Raksasa BBNI, BBCA, BBRI, BMRI - Katadata.co.id",-0.6,3830.0,58900700,1
2026-04-21,BBNI.JK,"MSCI Bekukan Rebalancing Saham RI, BBCA dan BBNI Dinilai Tetap Stabil - Kompas.com",0.0,3730.0,30514900,1
2026-04-21,BBNI.JK,"Foto : MSCI Bekukan Rebalancing Saham RI, BBCA dan BBNI Dinilai Tetap Stabil - Kompas.com",0.0,3730.0,30514900,1
2026-04-20,BBNI.JK,Investor Asing Diam-diam Borong BBNI Hingga CUAN Kala IHSG Merah - Market - Bloomberg Technoz,0.0,3670.0,36946800,1
2026-04-20,BBNI.JK,"Febrio Kacaribu Masuk, Ini Jajaran Lengkap Komisaris BNI (BBNI) - CNBC Indonesia",0.0,3670.0,36946800,1
2026-04-20,BBNI.JK,"Proyeksi BI 2026: Suku Bunga Diprediksi Stabil, Simak Rekomendasi Saham BBCA, BBRI, BMRI, dan BBNI untuk Investasi Jangka Panjang - USAID IUWASH Tangguh",0.0,3670.0,36946800,1
2026-04-20,BBNI.JK,"BI Diproyeksi Tahan Suku Bunga, Cermati Rekomendasi BBCA, BBRI, BMRI dan BBNI - kontan.co.id",0.0,3670.0,36946800,1
2026-04-16,BBNI.JK,BNI (BBNI) Berencana Terbitkan AT1 Baru dan Gelar Tender Offer untuk Optimalisasi Modal 2026 - PintarSaham,0.0,3700.0,30456000,1
2026-04-15,BBNI.JK,"IHSG Terkoreksi ke 7.623 Saat Asia Menguat, BBCA dan BBNI Semakin Tertekan - KabarBursa.com",0.0,3670.0,57711000,1
2026-04-15,BBNI.JK,"Masih di Zona Rebound, Saham Pilihan Hari Ini: BBNI, AMMN, VKTR, AADI, BUMI, dan EMTK - TopBusiness.id",0.0,3670.0,57711000,1
2026-04-15,BBNI.JK,"Rekomendasi Saham Hari Ini 15 April 2026: BBNI, AMMN, AADI, hingga BUMI - Liputan6.com",0.0,3670.0,57711000,1
2026-04-15,BBNI.JK,"Prediksi IHSG Hari Ini, Pantau Pergerakan Saham BBNI, HRTA hingga TINS - IDX Channel",0.0,3670.0,57711000,1
2026-04-15,BBNI.JK,Membedah Karakter Bisnis: Perbandingan Saham BBNI dan NISP di Tengah Tekanan Pasar - PintarSaham,-0.6,3670.0,57711000,1
2026-04-15,BBNI.JK,"IHSG Sesi I Naik ke 7.709, Saham Bank Jumbo BBCA, BBNI hingga BMRI Masih Lesu - Katadata.co.id",0.6,3670.0,57711000,1
2026-04-15,BBNI.JK,Tantangan Restrukturisasi Kredit BBNI: Mengapa Laba Tergerus Saat Ekspansi Agresif? - PintarSaham,0.6,3670.0,57711000,1
2026-04-15,BBNI.JK,Potensi Kenaikan IHSG Hari Ini Jadi Momen Pas Melirik 6 Pilihan Saham BNI Sekuritas 2026 - Desakarangbendo.id,0.6,3670.0,57711000,1
2026-04-15,BBNI.JK,"IHSG Berpotensi Lanjut Menguat ke 7.800, Cek Rekomendasi 6 Saham BNI Sekuritas Hari Ini! - stockwatch.id",0.6,3670.0,57711000,1
2026-04-15,BBNI.JK,"IHSG Diproyeksi Lanjut Menguat, Simak 6 Rekomendasi Saham dari BNI Sekuritas (15/4) - kontan.co.id",0.6,3670.0,57711000,1
2026-04-14,BBNI.JK,Harga Saham Big Banks Kompak Naik pada Selasa (14/4/2026) - kontan.co.id,0.6,3740.0,51368500,0
2026-04-14,BBNI.JK,"Rekomendasi Saham Hari Ini 14 April 2026: NCKL, INET, MBMA, hingga TPIA - Liputan6.com",0.0,3740.0,51368500,0
2026-04-14,BBNI.JK,"IHSG Berpeluang Menuju 7.600, BNI Sekuritas Rekomendasikan ‘Beli’ Deretan Saham Ini - stockwatch.id",0.0,3740.0,51368500,0
2026-04-14,BBNI.JK,"IHSG Berpotensi Menguat, Simak Rekomendasi Saham BNI Sekuritas Selasa (14/4) - kontan.co.id",0.6,3740.0,51368500,0
2026-04-13,BBNI.JK,"Saham Big Banks Kompak Melemah, Senin (13/4), Begini Rekomendasi Analis - kontan.co.id",-0.6,3680.0,36975400,1
2026-04-13,BBNI.JK,Potensi Penguatan IHSG Hari Ini 12 Januari 2026 dan Daftar Pilihan Saham BNI Sekuritas - Desakarangbendo.id,0.0,3680.0,36975400,1
2026-04-13,BBNI.JK,"Pembagian dividen tunai Rp13,02 triliun dari BBNI hari ini - Wajah Batam News",0.6,3680.0,36975400,1
2026-04-13,BBNI.JK,"IHSG Berpotensi Rebound, Berikut 6 Rekomendasi Saham Pilihan Hari Ini - Media Asuransi News",0.0,3680.0,36975400,1
2026-04-13,BBNI.JK,"IHSG Berpeluang Lanjut Rebound, Cek 6 Saham Pilihan BNI Sekuritas! Ada PTRO, DEWA dan AADI - stockwatch.id",0.0,3680.0,36975400,1
2026-04-10,BBNI.JK,"IHSG Uji Resistance 7.300-7.350, Cermati Saham BBNI hingga ASII - Bisnis.com",0.0,3730.0,58848500,0
2026-04-10,BBNI.JK,Saham BBNI hingga BRPT Bawa Indeks Bisnis-27 Dibuka Menguat - Bisnis.com,0.6,3730.0,58848500,0
2026-04-10,BBNI.JK,"IHSG uji resistance 7.300-7.350, cermati saham BBNI hingga ASII - MSN",0.0,3730.0,58848500,0
2026-04-10,BBNI.JK,"Waspadai Koreksi IHSG, Berikut Rekomendasi Saham BNI Sekuritas Jumat (10/4) - kontan.co.id",0.0,3730.0,58848500,0
2026-04-09,BBNI.JK,"IHSG Bakal Lanjut Naik ke Level Ini, Berburu Cuan dari 5 Saham - investor.id",0.6,3710.0,55090400,1
2026-04-09,BBNI.JK,Saham BBRI BBCA Cs Jangan-jangan Jadi Segini - investor.id,0.0,3710.0,55090400,1
2026-04-09,BBNI.JK,"Asing Gila Belanja, Saham Ini Diserok Habis-habisan - investor.id",0.0,3710.0,55090400,1
2026-04-09,BBNI.JK,"BBCA Hingga BBNI Diborong Asing, Cek Rekomendasi Saham Hari Ini - Suara.com",0.0,3710.0,55090400,1
2026-04-08,BBNI.JK,"Rekomendasi Saham Hari Ini: BBNI, ISAT, ITMG & JPFA, IHSG Berpeluang Rebound - Bareksa.com",0.0,3780.0,112845200,0
2026-04-08,BBNI.JK,"BBNI Memimpin Penguatan Saham Big Banks Hari Ini, Rabu (8/4/2026) - kontan.co.id",0.0,3780.0,112845200,0
2026-04-08,BBNI.JK,"Net Buy, Asing Naksir Saham Ini - investor.id",0.0,3780.0,112845200,0
2026-04-08,BBNI.JK,"Danantara Akuisisi Manajer Investasi BUMN, Ini Kata Pinnacle Investment - TradingView",0.0,3780.0,112845200,0
2026-04-08,BBNI.JK,"Ramalan Nasib BBRI, BMRI, BBNI - investor.id",0.0,3780.0,112845200,0
2026-04-08,BBNI.JK,BERITA POPULER: Geliat Harga Emas Perhiasan hingga Dividen BNI (BBNI) Cair - investor.id,0.6,3780.0,112845200,0
2026-04-08,BBNI.JK,Harga Saham Perbankan Besar Kompak Menguat di Sesi Siang Rabu 8 April 2026 BBNI Unggul - Desakarangbendo.id,0.6,3780.0,112845200,0
2026-04-08,BBNI.JK,"Saham BBNI Melonjak Hampir 8 Persen, Sinyal Rebound Bursa Makin Kuat - Herald ID",0.0,3780.0,112845200,0
2026-04-08,BBNI.JK,Kenaikan Saham Bank Besar Tembus Tinggi Saat Sesi Perdagangan Siang Ini 8 April 2026 BBNI Memimpin Lonjakan Harga - USAID IUWASH Tangguh,0.6,3780.0,112845200,0
2026-04-08,BBNI.JK,Yang Bikin Saham BBRI BBCA Cs Loncat - investor.id,0.0,3780.0,112845200,0
2026-04-08,BBNI.JK,Daftar Pilihan Saham Unggulan dari BNI Sekuritas untuk Transaksi Rabu 8 April 2026 - Desakarangbendo.id,0.0,3780.0,112845200,0
2026-04-08,BBNI.JK,"Danantara Akuisisi Manajer Investasi Milik Mandiri, BNI, BRI - Tempo.co",0.0,3780.0,112845200,0
2026-04-08,BBNI.JK,"Kalender Pembagian Dividen BNI, BCA, BRI, dan Mandiri April 2026 Terlengkap - netralnews.com",0.6,3780.0,112845200,0
2026-04-08,BBNI.JK,"Jadwal Pembagian Dividen BNI, BCA, BRI, dan Mandiri April 2026 - AsatuNews.co.id",0.6,3780.0,112845200,0
2026-04-07,BBNI.JK,Ada yang Kasih Bocoran soal BBNI - investor.id,0.0,3510.0,101448300,1
2026-04-07,BBNI.JK,"Dividen Rp 349 per Saham Cair, PBV di Bawah 1 - investor.id",0.6,3510.0,101448300,1
2026-04-07,BBNI.JK,"Cek Rekening, BBNI Tebar Dividen Tunai Rp13,02 Triliun Hari Ini - Bisnis.com",0.6,3510.0,101448300,1
2026-04-07,BBNI.JK,"BNI Tebar 'THR' Dividen buat Investor, Dibayarkan 7 April 2026 - Bloomberg Technoz",0.6,3510.0,101448300,1
2026-04-07,BBNI.JK,Saham BBRI Cs Jatuh Gara-gara Ini - investor.id,0.0,3510.0,101448300,1
2026-04-07,BBNI.JK,Saham BBRI BBCA Cs Jangan-jangan Jadi Segini - investor.id,0.0,3510.0,101448300,1
2026-04-07,BBNI.JK,"BBNI Bakal Tebar Dividen Rp 13,03 Triliun pada 7 April 2026, Jadwal 'Cum Date' Hari ini - Jawa Pos",0.6,3510.0,101448300,1
2026-04-07,BBNI.JK,"Saham Big Banks Tertekan Aksi Jual Asing, Simak Rekomendasi Analis - kontan.co.id",-0.6,3510.0,101448300,1
2026-04-07,BBNI.JK,"BBNI Bagi Dividen Tunai Sebesar Rp13,02 Triliun pada 2026 Ini Rinciannya - USAID IUWASH Tangguh",0.6,3510.0,101448300,1
2026-04-07,BBNI.JK,"BNI (BBNI) Tebar THR Dividen Rp13,03 Triliun ke Investor, Dibayarkan 7 April 2026 - IDX Channel",0.6,3510.0,101448300,1
2026-04-07,BBNI.JK,"BNI Tebar 'THR' Dividen buat Investor, Dibayarkan 7 April 2026 - Finansial - Bloomberg Technoz",0.6,3510.0,101448300,1
2026-04-07,BBNI.JK,"Rekomendasi Saham Hari Ini 7 April 2026: ESSA, MEDC, TPIA, ADMR, AADI, hingga LSIP - Liputan6.com",0.0,3510.0,101448300,1
2026-04-07,BBNI.JK,"BNI Tebar Dividen Tunai Rp13,02 Triliun Tahun Buku 2025 Hari Ini - AsatuNews.co.id",0.6,3510.0,101448300,1
2026-04-07,BBNI.JK,"IHSG Diproyeksi Rebound, Simak Rekomendasi Saham BNI Sekuritas Selasa (7/4) - kontan.co.id",0.0,3510.0,101448300,1
2026-04-07,BBNI.JK,"BNI Salurkan Dividen Tunai Rp13,02 Triliun kepada Pemegang Saham - Readers.id",0.6,3510.0,101448300,1
2026-04-06,BBNI.JK,"NIM Turun, Daya Tahan Yield BBNI Dipertanyakan - KabarBursa.com",-0.6,3640.0,45425200,0
2026-04-06,BBNI.JK,Siap-siap! BBCA dan BBNI Cairkan Dividen Pekan Ini - Lotus Andalan Sekuritas,0.6,3640.0,45425200,0
2026-04-06,BBNI.JK,30 Saham BUMN yang Terdaftar di Bursa dari Berbagai Sektor - InvestasiKu,0.0,3640.0,45425200,0
2026-04-06,BBNI.JK,"Saham Big Banks Kompak Melemah pada Perdagangan Hari Ini, Senin (6/4/2026) - kontan.co.id",-0.6,3640.0,45425200,0
2026-04-06,BBNI.JK,"Danantara Ambil Alih Manajer Investasi Milik BRI, BNI, Bank Mandiri Senilai Rp 2,7 T - kontan.co.id",0.0,3640.0,45425200,0
2026-04-06,BBNI.JK,Kinerja Saham Perbankan Besar Melemah pada Sesi Siang 6 April 2026 Kecuali Saham BBRI - Desakarangbendo.id,-0.6,3640.0,45425200,0
2026-04-06,BBNI.JK,"BBRI BBCA Cs Diterawang, Nasibnya Bisa Begini - investor.id",0.0,3640.0,45425200,0
2026-04-06,BBNI.JK,"IHSG Ada Potensi Menguat, Simak Rekomendasi Saham BNI Sekuritas Senin (6/4) - kontan.co.id",0.6,3640.0,45425200,0
2026-04-02,BBNI.JK,"Perbandingan PBV dan Kinerja Saham Big Banks April 2026: BBCA, BMRI, BBRI, dan BBNI - IDX Channel",0.0,3700.0,53750100,0
2026-04-02,BBNI.JK,"Saham BBCA Menguat, Sementara BMRI, BBRI, dan BBNI Melemah Hari Ini, Kamis (2/4). - kontan.co.id",0.0,3700.0,53750100,0
2026-04-02,BBNI.JK,Analisis Pergerakan IHSG dan 5 Pilihan Saham Potensial BNI Sekuritas Kamis 2 April 2026 - Desakarangbendo.id,0.0,3700.0,53750100,0
2026-04-02,BBNI.JK,"IHSG Diproyeksi Lanjut Menguat, Simak Rekomendasi Saham BNI Sekuritas Kamis (2/4) - kontan.co.id",0.6,3700.0,53750100,0
2026-04-01,BBNI.JK,"Susul ASII-ADRO-BBNI, Saham Blue Chip Ini akan Buyback Rp 2 T Mulai 1 April 2026 - kontan.co.id",0.6,3720.0,88881000,0
2026-04-01,BBNI.JK,"IHSG berpotensi konsolidasi, saham BBNI, BUMI hingga DEWA dijagokan analis - MSN",0.0,3720.0,88881000,0
2026-04-01,BBNI.JK,"Masuk Kuartal II, Asing Langsung Lepas Saham Ini - investor.id",0.0,3720.0,88881000,0
2026-04-01,BBNI.JK,"Pergerakan Harga Saham Big Banks Rabu (1/4) Bervariasi, Saham BBCA dan BBRI Menguat - kontan.co.id",0.6,3720.0,88881000,0
2026-04-01,BBNI.JK,Analisis Peluang Kenaikan IHSG Serta Daftar Pilihan Saham BNI Sekuritas Rabu 1/4/2026 - Desakarangbendo.id,0.6,3720.0,88881000,0
2026-03-31,BBNI.JK,Selama Maret 2026 Saham BNI Turun 11% - RRI.co.id,-0.6,3760.0,76852900,0
2026-03-31,BBNI.JK,Saham Pilihan BNI Sekuritas Saat IHSG Hari Ini (31/3) Berpotensi Menguat Terbatas - Bisnis.com,0.6,3760.0,76852900,0
2026-03-27,BBNI.JK,"BNI Sekuritas: Bearish bisa Berlanjut, Koleksi Saham SCMA, EMAS, BBRI, UNTR, INDY, dan AADI - TopBusiness.id",0.0,3900.0,76824500,0
2026-03-27,BBNI.JK,Cek Proyeksi IHSG dan Rekomendasi Saham dari BNI Sekuritas untuk Jumat (27/3) - kontan.co.id,0.0,3900.0,76824500,0
2026-03-25,BBNI.JK,"Saham BBCA dan BBNI Siap Bagikan Dividen Setelah Lebaran 2026, Simak Jadwalnya! - Ajaib",0.6,4040.0,247976300,0
2026-03-25,BBNI.JK,Prospek Saham BBCA dan BBNI Jelang Dividen Tahun Buku 2025 Cair - Bisnis Indonesia Premium,0.6,4040.0,247976300,0
2026-03-25,BBNI.JK,Saham BBNI Turun 8 Persen seiring Ex Dividen - IDX Channel,0.0,4040.0,247976300,0
2026-03-25,BBNI.JK,Saham BBNI Turun Gara-gara Ini - investor.id,-0.6,4040.0,247976300,0
2026-03-25,BBNI.JK,"Saham BBNI masuk ex dividen usai Lebaran, cermati arah pergerakan sahamnya - MSN",0.6,4040.0,247976300,0
2026-03-25,BBNI.JK,"Ada THR Susulan dari Dividen Bank Jumbo, BNI (BBNI) hingga BCA (BBCA) - Bisnis.com",0.6,4040.0,247976300,0
2026-03-25,BBNI.JK,"IHSG Dibuka Rebound Pasca-Lebaran, Intip Rekomendasi Saham BNI Sekuritas Hari Ini - Stabilitas.id",0.0,4040.0,247976300,0
2026-03-25,BBNI.JK,"Saham BBNI Masuk Ex Dividen Usai Lebaran, Cermati Arah Pergerakan Sahamnya - kontan.co.id",0.6,4040.0,247976300,0
2026-03-25,BBNI.JK,BNI Sekuritas Prediksi IHSG Berpeluang Menguat - Tempo.co,0.6,4040.0,247976300,0
2026-03-17,BBNI.JK,"BBNI ungkap jadwal tebar ‘THR’ dividen Rp13,03 triliun ke investor - IDNFinancials",0.6,4390.0,209818800,0
2026-03-17,BBNI.JK,"Saham Big Banks Kompak Menguat, BBNI Pimpin Kenaikan Selasa (17/3) - kontan.co.id",0.6,4390.0,209818800,0
2026-03-17,BBNI.JK,"BNI Masuki Cum Dividen, Investor Berpotensi Terima ‘THR’ Jelang Lebaran 2026 - KabarBursa.com",0.6,4390.0,209818800,0
2026-03-17,BBNI.JK,"BNI Bayarkan Dividen Tunai Rp 13,03 Triliun Pada 7 April 2026 - Kompas.com",0.6,4390.0,209818800,0
2026-03-16,BBNI.JK,BBNI akan lunasi global bond Tier 2 jatuh tempo US$500 juta - IDNFinancials,0.0,4320.0,126138200,1
2026-03-16,BBNI.JK,Cum Date Besok! Performa Negatif Saham BBNI Perlahan Terpangkas Jelang Pembagian Dividen Jumbo - Sinar Harapan - Sinar Harapan,0.0,4320.0,126138200,1
2026-03-16,BBNI.JK,"BNI (BBNI) Akan Buyback Rp 905 Miliar, Perkuat Fundamental dan Stabilkan Harga Saham - kontan.co.id",0.6,4320.0,126138200,1
2026-03-16,BBNI.JK,Berburu THR Dividen! Ini Daftar Saham yang Siap Bagi Dividen ke Investor - Ajaib,0.6,4320.0,126138200,1
2026-03-16,BBNI.JK,Emerald Daily Update 16 Maret 2026 - Beranda | BNI,0.0,4320.0,126138200,1
2026-03-16,BBNI.JK,"Danantara Raup Dividen Rp7,8 T dari BBNI - Market - Bloomberg Technoz",0.6,4320.0,126138200,1
2026-03-16,BBNI.JK,"Siap-Siap BNI Tebar Dividen Rp 13,03 Triliun, Investor Terima Rp 349,41 per Saham - kontan.co.id",0.6,4320.0,126138200,1
2026-03-16,BBNI.JK,"BNI Tebar 'THR' Dividen buat Investor, Dibayarkan 7 April 2026 - Beranda | BNI",0.6,4320.0,126138200,1
2026-03-16,BBNI.JK,Kesempatan Terakhir Dapat Dividen Rp 349/Saham - investor.id,0.6,4320.0,126138200,1
2026-03-16,BBNI.JK,"Saham BNI Naik Tajam, Big Banks Lain Malah Melemah di Awal Perdagangan 16 Maret 2026 - Desakarangbendo.id",0.0,4320.0,126138200,1
2026-03-13,BBNI.JK,"Data Terbaru Kepemilikan Saham BUMI, TLKM, BBNI, RAJA, BBCA, dan ADRO di Atas 1% - Ajaib",0.0,4240.0,99440600,1
2026-03-13,BBNI.JK,"BlackRock Tancap Gas Borong Saham BBNI Usai Hilal Dividen Rp13,02 Triliun - Bisnis Indonesia Premium",0.6,4240.0,99440600,1
2026-03-13,BBNI.JK,"BNI Tebar Dividen Rp 349,41 Per Saham, Cek Jadwal Pembayarannya - Kompas.com",0.6,4240.0,99440600,1
2026-03-13,BBNI.JK,"Usai BBCA & BBNI, Ini Saham Bank Besar yang Diprediksi Umumkan Dividen Jumbo - kontan.co.id",0.6,4240.0,99440600,1
2026-03-12,BBNI.JK,"Dividen BNI (BBNI) Rp 349 Per Saham Siap Cair, Cek Jadwal Lengkapnya! - kontan.co.id",0.6,4280.0,87013000,0
2026-03-12,BBNI.JK,"Pembayaran Dividen Jumbo BBNI Segera Cum Date, Ini Jadwal Lengkapnya - KONTAN",0.6,4280.0,87013000,0
2026-03-12,BBNI.JK,"Kelas Menengah Atas Jadi Bantalan Konsumsi, BNI Sekuritas Andalkan Saham Grup MAP - SWA.co.id",0.0,4280.0,87013000,0
2026-03-12,BBNI.JK,"BNI Bagikan Dividen Tunai Rp 349 per Saham, Simak Jadwal Pembayaran Resmi dari Bank - USAID IUWASH Tangguh",0.6,4280.0,87013000,0
2026-03-12,BBNI.JK,"BNI Bagikan Dividen Tunai Rp349 per Lembar Saham, Simak Jadwal Resminya di Sini! - USAID IUWASH Tangguh",0.6,4280.0,87013000,0
2026-03-11,BBNI.JK,"Bank BNI (BBNI) Bagi Dividen Rp349 per saham, Simak Jadwalnya! - Ajaib",0.6,4290.0,54719700,0
2026-03-11,BBNI.JK,"BNI (BBNI) Bagi Dividen Rp 349,41 Beri Potensi Yield 8,1%, Ini Jadwal Lengkapnya - TradingView",0.6,4290.0,54719700,0
2026-03-11,BBNI.JK,"BNI Buyback Saham BBNI hingga Rp905,48 M - maybanktrade.co.id",0.6,4290.0,54719700,0
2026-03-11,BBNI.JK,"BNI (BBNI) Tebar Dividen Rp349 Per Saham, Intip Jadwal Pembagiannya - CNBC Indonesia",0.6,4290.0,54719700,0
2026-03-11,BBNI.JK,"BBCA, BBRI, BMRI, BBNI: Saham Diskon dengan Potensi Dividen Jumbo - Bisnis Indonesia Premium",0.6,4290.0,54719700,0
2026-03-11,BBNI.JK,Investor BBNI Cuma Punya 6 Hari Sebelum Cum Date 17 Maret 2026 - kontan.co.id,0.0,4290.0,54719700,0
2026-03-11,BBNI.JK,"Yield Dividen Saham BBNI 3x Bunga Deposito, Cum Date 5 Hari Lagi - TradingView",0.6,4290.0,54719700,0
2026-03-11,BBNI.JK,"Yield dividen saham BBNI 3x bunga deposito, cum date 5 hari lagi - MSN",0.6,4290.0,54719700,0
2026-03-11,BBNI.JK,"Saham Big Banks: BBRI dan BBNI Menguat, BBCA dan BMRI Ditutup Melemah Rabu (11/3) - kontan.co.id",0.0,4290.0,54719700,0
2026-03-11,BBNI.JK,"BNI Bagikan Dividen Rp349 per Saham, Simak Jadwal Pembayaran Lengkapnya! - Desakarangbendo.id",0.6,4290.0,54719700,0
2026-03-11,BBNI.JK,"Ada Dividen Rp 349 per Saham, Ini Jadwalnya - investor.id",0.6,4290.0,54719700,0
2026-03-10,BBNI.JK,"BBCA, BBRI, BMRI, hingga BBNI Awali 2026 dengan Kinerja Kuat, Bagaimana Prospek Saham Bank? - Ajaib",0.6,4260.0,66622300,1
2026-03-10,BBNI.JK,"Target Baru Saham BBNI Usai Keputusan Dividen Rp13,02 Triliun - Bloomberg Technoz",0.6,4260.0,66622300,1
2026-03-10,BBNI.JK,"Saham BBNI Baru Naik Tipis Sejak Awal Tahun, Dua Aksi Korporasi Besar Siap Meluncur! - Sinar Harapan - Sinar Harapan",0.6,4260.0,66622300,1
2026-03-10,BBNI.JK,RUPST BNI Setujui Dividen Rp13 Triliun dan Buyback Saham Rp905 Miliar - Infobanknews,0.6,4260.0,66622300,1
2026-03-10,BBNI.JK,"Catat! BNI Bagikan Dividen Tunai Rp 13,03 Triliun untuk Tahun Buku 2026 - kontan.co.id",0.6,4260.0,66622300,1
2026-03-10,BBNI.JK,"IHSG Diprediksi Pulih, Ini Rekomendasi Saham BNI Sekuritas untuk Selasa (10/3) - Desakarangbendo.id",0.0,4260.0,66622300,1
2026-03-10,BBNI.JK,Saham Murah Dividennya Rp 349 per Saham - investor.id,0.6,4260.0,66622300,1
2026-03-09,BBNI.JK,"BBNI tetapkan dividen Rp13 triliun, kantongi restu buyback - IDNFinancials",0.6,4290.0,102376100,0
2026-03-09,BBNI.JK,"RUPST BNI (BBNI) Setujui Dividen Rp13,02 Triliun, Setara Rp349 per Saham Oleh Warta Ekonomi - Investing.com Indonesia",0.6,4290.0,102376100,0
2026-03-09,BBNI.JK,BBNI Bagikan Dividen Tunai 65% dari Laba 2025 - investor.id,0.6,4290.0,102376100,0
2026-03-09,BBNI.JK,Tok! BNI Direstui Bagikan Dividen Rp 13 Triliun dan Buyback Saham Rp 905 Miliar - kontan.co.id,0.6,4290.0,102376100,0
2026-03-09,BBNI.JK,BNI Setujui Dividen Rp 13 Triliun dan Buyback Saham Rp 905 Miliar - InvestorTrust,0.6,4290.0,102376100,0
2026-03-09,BBNI.JK,BNI (BBNI) Putuskan Dividen Rp13 Triliun dan Buyback Saham Rp905 Miliar - IDX Channel,0.6,4290.0,102376100,0
2026-03-09,BBNI.JK,Tok! BNI Bakal Buyback Saham Rp 905 Miliar - CNBC Indonesia,0.6,4290.0,102376100,0
2026-03-09,BBNI.JK,"Kantongi Restu RUPST, BNI Siap Eksekusi Buyback Saham Rp905,48 Miliar - Infobanknews",0.6,4290.0,102376100,0
2026-03-09,BBNI.JK,"Jaga Stabilitas Harga Saham BNI Bakal Buyback Saham Senilai Rp 905,48 Miliar - Kompas.com",0.6,4290.0,102376100,0
2026-03-09,BBNI.JK,"Awal Pekan, BNI Sekuritas Rekomendasikan Buy Saham BUMI, MEDC, ELSA, INCO, ARCI, dan TINS - TopBusiness.id",0.0,4290.0,102376100,0
2026-03-09,BBNI.JK,"Resmi! BNI Bakal Buyback Saham Maksimal Rp905,48 Miliar - Bisnis.com",0.6,4290.0,102376100,0
2026-03-09,BBNI.JK,RUPST BNI Setujui Dividen Rp13 Triliun dan Buyback Saham Rp905 Miliar - Inilah.com,0.6,4290.0,102376100,0
2026-03-09,BBNI.JK,RUPST BNI Setujui Dividen Rp13 T dan Buyback Saham Rp905 M - Validnews,0.6,4290.0,102376100,0
2026-03-09,BBNI.JK,BNI Bagikan Dividen Rp 13 Triliun - Tempo.co,0.6,4290.0,102376100,0
2026-03-09,BBNI.JK,"BNI (BBNI) Sepakat Bagikan Dividen Rp 349 per Saham, Siapkan Dana Rp 13 Triliun - Katadata.co.id",0.6,4290.0,102376100,0
2026-03-09,BBNI.JK,"BNI Umumkan Rencana Pembelian Kembali Saham Senilai Rp905,48 Miliar - USAID IUWASH Tangguh",0.0,4290.0,102376100,0
2026-03-09,BBNI.JK,"BNI Gelar RUPST Hari Ini, Bahas Penggunaan Laba 2025 hingga Buyback Saham - Bisnis.com",0.6,4290.0,102376100,0
2026-03-09,BBNI.JK,BNI Disetujui Bagi Dividen Tunai Rp 13 Triliun dan Lakukan Buyback Saham Senilai Rp 905 Miliar - Desakarangbendo.id,0.6,4290.0,102376100,0
2026-03-09,BBNI.JK,BNI Tebar Dividen Rp 13 Triliun & Buyback Saham Rp 905 Miliar - detikFinance,0.6,4290.0,102376100,0
2026-03-06,BBNI.JK,"Rekomendasi Saham Ajaib Sekuritas Hari Ini (BBNI, AADI, PGAS) - Ajaib",0.0,4270.0,47786400,1
2026-03-06,BBNI.JK,BNI Siapkan Rp905 Miliar untuk Buyback Saham - MetroTVNews.com,0.6,4270.0,47786400,1
2026-03-04,BBNI.JK,"BBNI turunkan alokasi dana buyback saham jadi Rp905,49 miliar - IDNFinancials",0.0,4150.0,101732000,1
2026-03-04,BBNI.JK,"Pasar Berfluktuasi, BNI (BBNI) Bakal Buyback Saham Rp905,48 Miliar Oleh Warta Ekonomi - Investing.com Indonesia",0.6,4150.0,101732000,1
2026-03-04,BBNI.JK,"BNI Mau Buyback Saham Rp905,48 Miliar, Minta Restu di RUPST 2026 - Infobanknews",0.6,4150.0,101732000,1
2026-03-04,BBNI.JK,"BNI (BBNI) Mau Buyback Saham Rp 905,48 Miliar - CNBC Indonesia",0.6,4150.0,101732000,1
2026-03-04,BBNI.JK,"BNI Siapkan Rp 905,48 M untuk Buyback Saham, RUPS Digelar 9 Maret 2026 - kumparan.com - Kumparan.com",0.6,4150.0,101732000,1
2026-03-04,BBNI.JK,"Update Rencana Buyback Saham BNI (BBNI), Maksimal Rp905,48 Miliar - Bisnis.com",0.6,4150.0,101732000,1
2026-03-04,BBNI.JK,"BNI (BBNI) Buyback Rp905 M, Rencana Eksekusi Pekan Depan - Bloomberg Technoz",0.6,4150.0,101732000,1
2026-03-04,BBNI.JK,"Saham Big Banks Kompak Melemah Rabu (4/3), BBNI Catat Penurunan Terdalam - kontan.co.id",-0.6,4150.0,101732000,1
2026-03-04,BBNI.JK,"Saham big banks kompak melemah Rabu (4/3), BBNI catat penurunan terdalam - MSN",-0.6,4150.0,101732000,1
2026-03-04,BBNI.JK,"Saham Big Banks Melemah Bersamaan, BNI Catat Penurunan Terparah pada 4 Maret 2026 - Desakarangbendo.id",-0.6,4150.0,101732000,1
2026-03-03,BBNI.JK,Cek Rekomendasi Saham Pilihan BNI Sekuritas untuk Perdagangan Selasa (3/3) - kontan.co.id,0.0,4300.0,34412500,0
2026-02-27,BBNI.JK,"Rekomendasi Saham Ajaib Sekuritas Hari Ini (BBNI, ARCI, ICBP) - Ajaib",0.0,4400.0,83010300,0
2026-02-26,BBNI.JK,"Rekomendasi Saham 26 Februari dari Tim Analis Bareksa: EXCL, BBNI, PGAS - Bareksa.com",0.0,4460.0,53377800,0
2026-02-26,BBNI.JK,"Musim Dividen Bank Dimulai, Ini Rencana Pembagian Dividen Big Banks - TradingView",0.6,4460.0,53377800,0
2026-02-26,BBNI.JK,"Laba Bank Negara Indonesia (BBNI) Januari 2026 di Rp 1,7 Triliun, Ini Rekomendasinya - kontan.co.id",0.6,4460.0,53377800,0
2026-02-25,BBNI.JK,"Berburu Cuan Dividen Bank Besar, Intip Potensi Yield Dividen BBCA, BMRI, BBRI, & BBNI - KONTAN",0.6,4500.0,53012100,0
2026-02-24,BBNI.JK,"Rekomendasi Saham Ajaib Sekuritas Hari Ini (BBNI, KLBF, SMDR) - Ajaib",0.0,4450.0,58150200,1
2026-02-24,BBNI.JK,💸 Laba Bersih Bank Only BMRI (+16% YoY) & BBNI (+3% YoY) Tumbuh di Jan–26 - Stockbit Snips,0.6,4450.0,58150200,1
2026-02-23,BBNI.JK,"BBNI Diramal Tebar Dividen Jumbo, Ini Hitungannya! - CNBC Indonesia",0.6,4500.0,34453500,0
2026-02-23,BBNI.JK,"Awal Pekan, BNI Sekuritas Rekomendasikan Enam Saham Ini: ERAA, ARCI, HRTA, MEDC, JPFA, dan AMRT - TopBusiness.id",0.0,4500.0,34453500,0
2026-02-19,BBNI.JK,"Harga Saham Bank Blue Chip Merosot Karena BI Rate Tak Turun, Pilih Beli / Jual? - TradingView",-0.6,4450.0,54011700,1
2026-02-13,BBNI.JK,WELCOME EMERALD EKSKLUSIF INVESTOR BNI SEKURITAS - Beranda | BNI,0.0,4480.0,25116200,1
2026-02-12,BBNI.JK,6 Rekomendasi Saham BNI Sekuritas untuk Trading Hari Ini Kamis (12/2) Oleh Warta Ekonomi - Investing.com Indonesia,0.0,4510.0,27571700,0
2026-02-12,BBNI.JK,"Pasar Masih akan Rebound, Saham Pilihan Hari Ini: BUMI, MAPA, BREN, BBCA, MDKA, dan ANTM - TopBusiness.id",0.0,4510.0,27571700,0
2026-02-11,BBNI.JK,"Saham Beken Lagi Diskon, Dividennya Diramal Rp 350/Saham - investor.id",0.6,4480.0,54082900,1
2026-02-09,BBNI.JK,"Saham Big Bank Lesu, Begini Rekomendasi dari Analis - TradingView",0.0,4520.0,51513700,0
2026-02-06,BBNI.JK,"Target Harga Saham BNI (BBNI) Direvisi Naik, Analis Ini Ungkap Faktor Penopang Berikut - InvestorTrust",0.6,4530.0,59930200,0
2026-02-06,BBNI.JK,IHSG Bergejolak & Trading Halt Beruntun! BNI Sekuritas Ungkap Strategi Bertahan di Tengah Badai Pasar - pasardana.id,0.0,4530.0,59930200,0
2026-02-05,BBNI.JK,Kinerja Big Banks Masih Kurang Cemerlang pada 2025 - TradingView,0.6,4570.0,94551800,0
2026-02-05,BBNI.JK,"Saham Bank BUMN Ijo Royo-royo, Berkah Danantara & BPJS? - CNBC Indonesia",0.0,4570.0,94551800,0
2026-02-04,BBNI.JK,"Saham Bank Besar Termurah, tapi Yield Dividen Paling Tinggi - investor.id",0.6,4630.0,92915700,0
2026-02-04,BBNI.JK,"IHSG Diprediksi Sideways, Saham MBMA, NCKL, CDIA, ARCI, BRMS, dan BUMI Dijagokan BNI Sekuritas di Hari Ini - SWA.co.id",0.0,4630.0,92915700,0
2026-02-03,BBNI.JK,"🏦 BBNI 2025: Laba Bersih -7% YoY, Sesuai Ekspektasi - Stockbit Snips",0.6,4590.0,82653800,1
2026-02-03,BBNI.JK,"Analis Sebut Tekanan Laba BBNI Bersifat Normalisasi, Begini Penjelasannya - TradingView",0.0,4590.0,82653800,1
2026-02-03,BBNI.JK,"Saham BRI, BNI & Mandiri Ngebut, Ini Ramalan Harga Terbaru dari Analis - CNBC Indonesia",0.0,4590.0,82653800,1
2026-02-02,BBNI.JK,"BNI Sekuritas Bongkar Strategi Swing Trading: Cara Main Saham Aktif Tanpa Nekat, Cocok untuk Pemula - pasardana.id",0.0,4500.0,85790700,1
2026-02-02,BBNI.JK,"BNI Rencanakan Buyback Saham hingga Rp1,50 Triliun, Digelar Usai RUPST Maret 2026 - Info Ekonomi",0.6,4500.0,85790700,1
2026-01-30,BBNI.JK,"Hadapi aksi jual, BBNI siap buyback saham Rp1,5 triliun - IDNFinancials",0.0,4490.0,167017600,1
2026-01-30,BBNI.JK,FAC Sekuritas - FAC Sekuritas,0.0,4490.0,167017600,1
2026-01-30,BBNI.JK,"BNI (BBNI) Umumkan Rencana Buyback Saham Rp1,5 Triliun - IDX Channel",0.6,4490.0,167017600,1
2026-01-29,BBNI.JK,"Siapkan Dana Buyback Saham Rp 1,5 Triliun, BBNI Minta Restu Pemegang Saham - TradingView",0.6,4420.0,242945800,1
2026-01-29,BBNI.JK,"Saham Big Banks Mulai Menguat Pasca Tekanan MSCI, BBCA Terangkat Rencana Buyback - TradingView",0.6,4420.0,242945800,1
2026-01-29,BBNI.JK,"Siapkan Dana Buyback Saham Rp 1,5 Triliun, BBNI Minta Restu Pemegang Saham - kontan.co.id",0.6,4420.0,242945800,1
2026-01-29,BBNI.JK,"Saham Big Banks Kompak Menguat, BBRI Pimpin Kenaikan Kamis (29/1) - TradingView",0.6,4420.0,242945800,1
2026-01-29,BBNI.JK,"BNI Sekuritas Fasilitasi Transaksi Strategis API – GMFI, Dukung Penguatan Struktur Keuangan dan Industri Penerbangan - pasardana.id",0.0,4420.0,242945800,1
2026-01-26,BBNI.JK,Target Harga dan Aksi Investor Kakap Saham BNI (BBNI) Awal 2026 - Bisnis Indonesia Premium,0.0,4530.0,79139000,0
2026-01-23,BBNI.JK,"BBCA & BBNI Teratas, Cek Saham Net Sell Terbesar Asing Akhir Pekan Ini, Jumat (23/1) - TradingView",-0.6,4600.0,37564400,0
2026-01-22,BBNI.JK,"Valuasi Saham 4 Bank Besar Berpotensi Pulih pada 2026, Simak Faktor Pendorongnya - KONTAN",0.0,4590.0,60255300,1
2026-01-21,BBNI.JK,"Saham Perbankan Lesu Pasca BI Tahan Suku Bunga, Simak Rekomendasi Analis - TradingView",0.0,4590.0,54281000,0
2026-01-19,BBNI.JK,"Mulai Bangkit Awal 2026, Sudah Waktunya Koleksi Saham BBCA, BBRI, BMRI, dan BBNI? - kontan.co.id",0.0,4620.0,123397300,0
2026-01-19,BBNI.JK,"Titik Terendah BBRI, BMRI, BBCA, BBNI Terlewati: Pilih 2 - investor.id",0.0,4620.0,123397300,0
2026-01-19,BBNI.JK,"Awal Pekan, Enam Saham Hari Ini: ASII, CUAN, INET, DEWA, BUVA, dan INKP Direkomendasikan Buy - TopBusiness.id",0.0,4620.0,123397300,0
2026-01-15,BBNI.JK,"Saham Bank Big Cap: BBCA, BBNI, BBRI Diprediksi Pulih 2026, Cek Target Harga - KONTAN",0.0,4540.0,132483000,1
2026-01-15,BBNI.JK,"Big Banks Pimpin Penguatan Sektor Perbankan, Cek Saham yang Menarik Dikoleksi - TradingView",0.0,4540.0,132483000,1
2026-01-15,BBNI.JK,"Saham BBNI, BBRI dan BMRI Terbang, IHSG Melejit ke 9.085 - CNBC Indonesia",0.0,4540.0,132483000,1
2026-01-14,BBNI.JK,BBNI Melonjak Paling Tajam Kemarin (13/1): Kenapa Saham Big Banks Kompak Menghijau? - kontan.co.id,0.0,4360.0,41778700,1
2026-01-13,BBNI.JK,BBNI Melonjak Paling Tajam Kemarin (13/1): Kenapa Saham Big Banks Kompak Menghijau? - TradingView,0.0,4340.0,76022000,1
2026-01-13,BBNI.JK,"Prospek BBRI, BMRI, BBNI, dan BBTN Menurut Danantara dan Outlook Perbankan 2026 - Bisnis Indonesia Premium",0.6,4340.0,76022000,1
2026-01-13,BBNI.JK,"Pasar Segera Buka, Cek Rekomendasi Saham Pilihan dari BNI Sekuritas Hari Ini (13/1) - kontan.co.id",0.0,4340.0,76022000,1
2026-01-08,BBNI.JK,"Laksanakan UU Nomor 16 Tahun 2025, PT Danantara Asset Management Kurangi Porsi Kepemilikan Sahamnya di BBNI - pasardana.id",0.0,4210.0,40059400,0
2026-01-08,BBNI.JK,"Pengalihan Saham BNI, BRI dan Mandiri dari Danantara ke BP BUMN - Koran BUMN",0.0,4210.0,40059400,0
2026-01-08,BBNI.JK,Video: Danantara Alihkan Sebagian Saham BRI & BNI ke BP BUMN - CNBC Indonesia,0.0,4210.0,40059400,0
2026-01-08,BBNI.JK,"Danantara Tebar Saham BRI, BNI, Mandiri, dan BTN ke BP BUMN - KabarBursa.com",0.0,4210.0,40059400,0
2026-01-08,BBNI.JK,"Danantara Alihkan Sebagian Saham Himbara BRI, BNI, Bank Mandiri, BTN ke BP BUMN - Bisnis.com",0.0,4210.0,40059400,0
2026-01-07,BBNI.JK,"Danantara Alihkan 223,78 Juta Saham BNI (BBNI) ke BP BUMN - CNBC Indonesia",0.0,4200.0,39295200,1
2026-01-07,BBNI.JK,BNI (BBNI) Umumkan Pengalihan Saham Seri B Milik Danantara kepada BP BUMN - Bisnis.com,0.0,4200.0,39295200,1
2026-01-06,BBNI.JK,"Dampak Konflik AS ke Venezuela Relatif Minim, BNI Sekuritas Unggulkan Saham Emiten Emas di Perdagangan Selasa Ini - SWA.co.id",0.0,4240.0,53908900,0
2026-01-05,BBNI.JK,"Saham Blue Chip Bank di BEI Lanjut Turun Awal 2026, Hari Ini (5/1) Pilih Beli / Jual? - TradingView",-0.6,4230.0,48778200,1
2026-01-05,BBNI.JK,"BNI Sekuritas Mengunggulkan 6 Saham Ini, Ada BUMI, CUAN, Hingga GOTO - SWA.co.id",0.0,4230.0,48778200,1
2026-01-02,BBNI.JK,"Saham Konglomerat Bangkit, Obligasi Berjaya: Bagini Peta Investasi 2026 Versi BNI Sekuritas - pasardana.id",0.0,4260.0,32693200,0
2025-12-30,BBNI.JK,"Harga Saham PT Bank Negara Indonesia (Persero) Tbk (BBNI) Hari Ini, 30 December 2025 - FORTUNE Indonesia",0.0,4370.0,44229200,0
2025-12-29,BBNI.JK,"IHSG Melemah, BNI Sekuritas Sarankan ‘Beli’ BUMI, SUPA, CDIA dan Tiga Saham Lainnya - stockwatch.id",-0.6,4260.0,24490400,1
2025-12-24,BBNI.JK,"Harga Saham PT Bank Negara Indonesia (Persero) Tbk (BBNI) Hari Ini, 24 December 2025 - FORTUNE Indonesia",0.0,4270.0,18160600,0
2025-12-24,BBNI.JK,BNI Sekuritas Prediksi IHSG Tembus 9.100 di Tahun 2026 - TradingView,0.0,4270.0,18160600,0
2025-12-23,BBNI.JK,Simak Rekomendasi Saham BNI Sekuritas untuk Perdagangan Selasa (23/12) - kontan.co.id,0.0,4290.0,26801700,0
2025-12-22,BBNI.JK,"🏦 BBNI Bank Only Nov–2025: Kredit Terakselerasi, Opex Melonjak - Stockbit Snips",0.0,4330.0,28113800,0
2025-12-19,BBNI.JK,"Harga Saham PT Bank Negara Indonesia (Persero) Tbk (BBNI) Hari Ini, 19 December 2025 - FORTUNE Indonesia",0.0,4340.0,47290300,0
2025-12-19,BBNI.JK,Simak Rekomendasi Saham BNI Sekuritas untuk Perdagangan Jumat (19/12) - kontan.co.id,0.0,4340.0,47290300,0
2025-12-18,BBNI.JK,Diam-Diam Asing Akumulasi Saham BNI (BBNI) Sejak Awal Pekan - CNBC Indonesia,0.0,4380.0,45694900,0
2025-12-18,BBNI.JK,"Harga Saham PT Bank Negara Indonesia (Persero) Tbk (BBNI) Hari Ini, 18 December 2025 - FORTUNE Indonesia",0.0,4380.0,45694900,0
2025-12-17,BBNI.JK,"Harga Saham PT Bank Negara Indonesia (Persero) Tbk (BBNI) Hari Ini, 17 December 2025 - FORTUNE Indonesia",0.0,4370.0,27653900,1
2025-12-17,BBNI.JK,"Value Investing: Rapat Umum Pemegang Saham Luar Biasa BNI, Perkokoh Pondasi dan Tata Kelola Hadapi 2026 - Kompasiana.com - Kompasiana.com",0.0,4370.0,27653900,1
2025-12-17,BBNI.JK,"Siap-siap Serok! Ini Target Harga Saham BRPT, BUMI, hingga BKSL versi BNI Sekuritas - stockwatch.id",0.0,4370.0,27653900,1
2025-12-16,BBNI.JK,Pejabat Kemenkeu Jadi Komisaris BNI - pasardana.id,0.0,4400.0,36287500,0
2025-12-16,BBNI.JK,ASSA Umumkan Pemberian Jaminan Rekening Giro kepada Bank BNI atas Fasilitas Kredit yang Diterima Anak Usaha - pasardana.id,0.0,4400.0,36287500,0
2025-12-16,BBNI.JK,"Harga Saham PT Bank Negara Indonesia (Persero) Tbk (BBNI) Hari Ini, 16 December 2025 - FORTUNE Indonesia",0.0,4400.0,36287500,0
2025-12-16,BBNI.JK,"Hadapi Perubahan Regulasi pada 2026, BNI Perkuat Tata Kelola - TopBusiness.id",0.0,4400.0,36287500,0
2025-12-15,BBNI.JK,"Bank Mandiri, BRI, BNI, BCA Bakal Seperti JP Morgan & Goldman Sachs? - Bareksa.com",0.0,4440.0,57531500,0
2025-12-15,BBNI.JK,"Saham Semua Bank Mendadak Melesat Hari Ini, Saatnya Berburu Saham Ini? - InvestorTrust",0.0,4440.0,57531500,0
2025-12-15,BBNI.JK,BBNI Naik Lebih dari 3% ke 4.390 di Tengah Berlangsungnya RUPS Luar Biasa - fxstreet-id.com,0.6,4440.0,57531500,0
2025-12-15,BBNI.JK,"IHSG Ditutup di Zona Merah, Saham BBRI, BBNI Dkk Justru Melesat - Bloomberg Technoz",0.0,4440.0,57531500,0
2025-12-15,BBNI.JK,"Pegang BBCA, BBRI dan BBNI, Reksadana Saham Sucor & Batavia Naik 4% saat IHSG Turun - Bareksa.com",0.0,4440.0,57531500,0
2025-12-15,BBNI.JK,Hasil RUPSLB: Febrio Kemenkeu Jadi Komisaris BNI - Bloomberg Technoz,0.0,4440.0,57531500,0
2025-12-15,BBNI.JK,RUPSLB BNI (BBNI) Angkat Febrio Kacaribu Jadi Komisaris - CNBC Indonesia,0.0,4440.0,57531500,0
2025-12-15,BBNI.JK,"Jelang RUPSLB, Saham Bank BNI (BBNI) Menguat hingga 2,12% - kontan.co.id",0.6,4440.0,57531500,0
2025-12-15,BBNI.JK,"Hasil RUPSLB BNI 2025, Salah Satunya Tunjuk Febrio jadi Komisaris Gantikan Suminto - Bisnis.com",0.0,4440.0,57531500,0
2025-12-15,BBNI.JK,"Awal Pekan, Berikut Saham Rekomendasi Hari Ini: BRMS, PSAB, BRPT, TINS, EXCL, dan AMMN - TopBusiness.id",0.0,4440.0,57531500,0
2025-12-12,BBNI.JK,"IHSG Berpeluang Rebound, Rekomendasi BNI Sekuritas: ‘Beli’ ENRG, PTRO, TINS dan Saham – saham Ini - stockwatch.id",0.0,4240.0,23240100,1
2025-12-11,BBNI.JK,Himbara Berpotensi Naikkan Dividen? Ini Simulasi Yield Terbarunya - Ajaib,0.6,4230.0,43389300,1
2025-12-11,BBNI.JK,"Saham Big Banks Kompak Melemah Usai The Fed Pangkas Suku Bunga, Simak Rekomendasinya - kontan.co.id",-0.6,4230.0,43389300,1
2025-12-11,BBNI.JK,"Saham Big Banks Kompak Melemah pada Penutupan Bursa Kamis, 11 Desember 2025 - kontan.co.id",-0.6,4230.0,43389300,1
2025-12-11,BBNI.JK,"IHSG Diproyeksi Lanjut Menguat, Berikut Rekomendasi Saham BNI Sekuritas Kamis (11/12) - kontan.co.id",0.6,4230.0,43389300,1
2025-12-10,BBNI.JK,"Rekomendasi Saham Tim Analis Bareksa: PWON & BBNI, Fed Rate Turun Jadi 3,5-3,75% - Bareksa.com",-0.6,4310.0,19908000,0
2025-12-10,BBNI.JK,"Harga Saham PT Bank Negara Indonesia (Persero) Tbk (BBNI) Hari Ini, 10 December 2025 - FORTUNE Indonesia",0.0,4310.0,19908000,0
2025-12-10,BBNI.JK,"IHSG Berpotensi Rebound, Saran BNI Sekuritas: Beli’ BKSL, WIFI, CDIA dan Deretan Saham Ini - stockwatch.id",0.0,4310.0,19908000,0
2025-12-09,BBNI.JK,"Awas Pasar Koreksi, Koleksi Saham Ini: BKSL, HUMI, JARR, ASII, COAL, dan CDIA - TopBusiness.id",0.0,4320.0,34461400,0
2025-12-09,BBNI.JK,"Ini Rekomendasi Saham BKSL, HUMI, JARR, ASII, COAL dan CDIA untuk Hari Ini (9/12) - kontan.co.id",0.0,4320.0,34461400,0
2025-12-09,BBNI.JK,"Prediksi IHSG Melemah, BNI Sekuritas Beri Rekomendasi ‘Beli’ ASII, COAL, CDIA dan Saham-saham Ini - stockwatch.id",-0.6,4320.0,34461400,0
2025-12-08,BBNI.JK,"IHSG Berpotensi Menguat, Saran BNI Sekuritas: ‘Beli’ CUAN, SCMA, BWPT dan Saham-saham Ini - stockwatch.id",0.6,4310.0,28219300,1
2025-12-08,BBNI.JK,"IHSG Berpotensi Naik, Berikut Rekomendasi Saham BNI Sekuritas Senin (8/12) - kontan.co.id",0.6,4310.0,28219300,1
2025-12-05,BBNI.JK,"Saham Big Banks Bergerak Variatif pada Jumat (5/12): BBCA Menguat, BBRI Terkoreksi - kontan.co.id",0.0,4290.0,28877500,1
2025-12-04,BBNI.JK,"Harga Saham PT Bank Negara Indonesia (Persero) Tbk (BBNI) Hari Ini, 04 December 2025 - FORTUNE Indonesia",0.0,4310.0,23544900,0
2025-12-04,BBNI.JK,"IHSG Berpeluang Rebound, BNI Sekuritas Menjagokan 6 Saham Ini - SWA.co.id",0.0,4310.0,23544900,0
2025-12-04,BBNI.JK,"Cek Rekomendasi Saham MINA, ENRG, BRMS, EMTK, RATU dan WIFI untuk Kamis (4/12) - kontan.co.id",0.0,4310.0,23544900,0
2025-12-03,BBNI.JK,Saham BNI (BBNI) Fluktuatif Usai Tunjuk Direktur Baru - KabarBursa.com,0.0,4260.0,28263900,1
2025-12-03,BBNI.JK,"Profil Munadi Herlambang, Direktur Baru BNI - KabarBursa.com",0.0,4260.0,28263900,1
2025-12-03,BBNI.JK,"Rekomendasi Saham BNI Sekuritas Rabu (3/12): BRMS, DEWA, PTRO, BRPT, INET dan WIFI - kontan.co.id",0.0,4260.0,28263900,1
2025-12-02,BBNI.JK,"Rekomendasi Saham BNI Sekuritas Rabu (3/12): BRMS, DEWA, PTRO, BRPT, INET dan WIFI - Shoesmart.co.id",0.0,4270.0,39091800,0
2025-12-01,BBNI.JK,"Saham Big Banks Kembali Bangkit Pasca Ditinggal Asing, Begini Rekomendasi Sahamnya - kontan.co.id",0.0,4310.0,19335100,0
2025-12-01,BBNI.JK,"Bank Negara Indonesia (BBNI) Meraup Laba Rp 16,93 Triliun Pada Oktober 2025 - kontan.co.id",0.6,4310.0,19335100,0
2025-11-28,BBNI.JK,🏦 BMRI & BBNI 10M25: Laba Bersih Bank Only -10% YoY & -6% YoY - Stockbit Snips,0.6,4260.0,40758200,1
2025-11-28,BBNI.JK,Tujuh Aplikasi Saham Terbaik Ini Bisa Dipertimbangkan untuk Capai Keberhasilan Investasi - Tempo.co,0.0,4260.0,40758200,1
2025-11-27,BBNI.JK,"Harga Saham Bank BUMN Tren Melemah Akhir Nov 2025, Apakah Saatnya Beli / Tahan? - kontan.co.id",-0.6,4350.0,33618200,0
2025-11-27,BBNI.JK,Saham Big Banks Kompak Melemah pada Penutupan Bursa Kamis (27/11) - kontan.co.id,-0.6,4350.0,33618200,0
2025-11-27,BBNI.JK,"Waspada Pasar Bearish, Saham INDY, MINA, SCMA, INCO, ARCI, dan VKTR Direkomendasikan - TopBusiness.id",0.0,4350.0,33618200,0
2025-11-25,BBNI.JK,Historia Bisnis: Cuan Tebal dari IPO BNI (BBNI) - Bisnis Indonesia Premium,0.0,4420.0,36142900,0
2025-11-25,BBNI.JK,Simak Kinerja Saham Big Banks Selasa (25/11): BBNI Pimpin Kenaikan - kontan.co.id,0.6,4420.0,36142900,0
2025-11-24,BBNI.JK,6 Saham Layak Koleksi Hari Ini: Rekomendasi BNI Sekuritas Saat IHSG Berpotensi Rebound - Media Jabejabe - Media Jabejabe,0.0,4390.0,76652700,1
2025-11-21,BBNI.JK,"Investor Asing Borong Saham BMRI, BBCA, BBRI Hingga BBNI - Bloomberg Technoz",0.0,4390.0,45565700,0
2025-11-21,BBNI.JK,"Kinerja Saham Big Banks Jumat (21/11): BBCA, BBRI, BBNI Melemah, BMRI Justru Menguat - kontan.co.id",0.0,4390.0,45565700,0
2025-11-21,BBNI.JK,"Ide Trading Akhir Pekan, Koleksi Saham BBNI, BRMS, EMTK, CDIA, SCMA, dan GZCO - TopBusiness.id",0.0,4390.0,45565700,0
2025-11-20,BBNI.JK,"Prospek Saham Bank BNI Dinilai Masih Menarik, Potensi Naik 24 Persen Jelang Tutup Tahun - Kompas.com",0.6,4460.0,54706000,0
2025-11-20,BBNI.JK,"Saham BBNI Dinilai Prospektif, Ini Alasannya - Liputan6.com",0.6,4460.0,54706000,0
2025-11-19,BBNI.JK,"Reliance Sekuritas Jagokan 4 Saham Hari Ini, Ada TPIA hingga BWPT - InvestorTrust",0.0,4460.0,34300600,0
2025-11-19,BBNI.JK,"Saham BBCA, BBNI, BBRI, & BMRI Kompak Naik Saat BI Kembali Tahan Suku Bunga - Bisnis.com",0.6,4460.0,34300600,0
2025-11-19,BBNI.JK,"Ini Rekomendasi Saham BUMI, DEWA, MBMA, INET, BREN dan RAJA untuk Rabu (19/11) - kontan.co.id",0.0,4460.0,34300600,0
2025-11-18,BBNI.JK,"Saham Big Banks Ditutup Beragam, BBNI Menguat Paling Tajam Selasa (18/11) - kontan.co.id",0.6,4460.0,36957300,0
2025-11-18,BBNI.JK,"Net Buy Lagi, Duit Asing Bertebaran di Saham Ini - investor.id",0.0,4460.0,36957300,0
2025-11-17,BBNI.JK,"IHSG Berpotensi Rebound, Berikut Rekomendasi Saham BNI Sekuritas Senin (17/11) - kontan.co.id",0.0,4390.0,28453300,1
2025-11-14,BBNI.JK,BNI Sekuritas Bongkar Fakta Mengejutkan! Hanya Investor Bertipe Ini yang Bisa Tahan Gejolak Pasar! - pasardana.id,0.0,4390.0,34602500,0
2025-11-14,BBNI.JK,"IHSG Berpotensi Menguat, Ini Rekomendasi Saham BNI Sekuritas Jumat (14/11) - kontan.co.id",0.6,4390.0,34602500,0
2025-11-13,BBNI.JK,"Aset Cuma Rp5 T, Cap IMPC Pepet BBNI & Pemiliknya Jadi 'OKB' - Bloomberg Technoz",0.0,4420.0,20207300,0
2025-11-13,BBNI.JK,"IHSG Diproyeksi Lanjut Menguat, Ini Rekomendasi Saham BNI Sekuritas Kamis (13/11) - kontan.co.id",0.6,4420.0,20207300,0
2025-11-12,BBNI.JK,"Kisi-kisi Kapan Asing Kembali Masuk ke Saham Big Banks (BBCA, BBRI, BMRI, BBNI) - Bisnis Indonesia Premium",0.0,4460.0,35386800,0
2025-11-11,BBNI.JK,"IHSG Perpeluang Naik, Saran BNI Sekuritas: ‘Buy’ BRMS, BUMI, INET dan Saham-Saham Ini - stockwatch.id",0.6,4420.0,48792200,1
2025-11-07,BBNI.JK,"IHSG 7 November 2025 Menguat, Tapi Tak Semua Saham Bank Besar Naik! - Sonora.id",0.6,4500.0,36148800,0
2025-11-07,BBNI.JK,Kinerja Saham Big Banks Jumat (7/11): BBCA dan BBNI Menguat - kontan.co.id,0.6,4500.0,36148800,0
2025-11-06,BBNI.JK,"IHSG Masih Berpotensi Menguat, BNI Sekuritas Sarankan ‘Buy’ CDIA, UNVR, WIFI dan 3 Saham Ini - stockwatch.id",0.6,4440.0,31809500,1
2025-11-05,BBNI.JK,Saham Big Banks Kompak Menguat pada Penutupan Bursa Rabu (5/11) - TradingView,0.6,4460.0,43447700,0
2025-11-04,BBNI.JK,"Imbal Hasil Naik 1,25% Sehari, Reksadana Manulife Punya Saham IMPC, TLKM & BBNI - Bareksa.com",0.6,4450.0,73342900,1
2025-11-04,BBNI.JK,"Saham Big Bank Kembali Jadi Incaran Investor Asing, Cermati Rekomendasi Analis - TradingView",0.0,4450.0,73342900,1
2025-11-04,BBNI.JK,"Saham Big Banks Bergerak Variatif, BBNI Menguat Sementara BBRI dan BMRI Melemah - MSN",0.0,4450.0,73342900,1
2025-11-03,BBNI.JK,"Trading Idea di Awal Pekan, Koleksi Saham Ini: DATA, MINA, BBNI, NCKL, UNVR dan CDIA - TopBusiness.id",0.0,4430.0,40455000,1
2025-10-30,BBNI.JK,"Alasan Mempertimbangkan Saham BNI (BBNI), Siap Rebound? - Bisnis.com",0.0,4410.0,91042600,0
2025-10-30,BBNI.JK,"Bunga The Fed Dipangkas, Cek Rekomendasi Saham BBRI, BMRI, Dkk - Market - Bloomberg Technoz",0.0,4410.0,91042600,0
2025-10-30,BBNI.JK,"Tenaga Baru Saham Bank Besar, Tren Positif Berlanjut? - IDX Channel",0.6,4410.0,91042600,0
2025-10-29,BBNI.JK,"Intip 5 Rekomendasi Saham AKRA, ASII, BBCA, BBNI, ICBP untuk Perdagangan Rabu (29/10) - MSN",0.0,4440.0,71743700,0
2025-10-28,BBNI.JK,"Investor Asing Lepas Saham, BBNI hingga BBCA Jadi Incaran - Bisnis.com",0.0,4370.0,58463900,1
2025-10-27,BBNI.JK,"Saham Ini Kuat saat IHSG Roboh, Harga Diskon Diramal ke Rp 5.000 - investor.id",0.0,4370.0,102355700,0
2025-10-27,BBNI.JK,Simak! 6 Rekomendasi Saham Buat Kantongi Cuan Hari Ini - MetroTVNews.com,0.0,4370.0,102355700,0
2025-10-24,BBNI.JK,Fundamental BNI (BBNI) Kasih Sinyal Kuat Saham Bakal Bangkit - CNBC Indonesia,0.0,4370.0,177603900,0
2025-10-24,BBNI.JK,BBNI - Analisis Fundamental - brights.id,0.0,4370.0,177603900,0
2025-10-24,BBNI.JK,"BNI (BBNI) Cetak Laba Rp 15,12 Triliun di Kuartal III 2025, Kredit Tumbuh ke Rp 812,2 Triliun - InvestorTrust",0.6,4370.0,177603900,0
2025-10-24,BBNI.JK,"🛣️ BBNI 9M25: Laba Bersih -7% YoY, Sejalan Ekspektasi - Stockbit Snips",0.6,4370.0,177603900,0
2025-10-24,BBNI.JK,Morgan Stanley Cs Ramai-Ramai Pasang Target Anyar Harga Saham BNI - Bisnis Indonesia Premium,0.0,4370.0,177603900,0
2025-10-24,BBNI.JK,"Sahamnya Mengamuk 2 Hari, Intip Laba BNI 10 Tahun Terakhir! - CNBC Indonesia",0.6,4370.0,177603900,0
2025-10-24,BBNI.JK,"Saham Elite Mumpung Murah, Potensi Cuannya Segini - investor.id",0.0,4370.0,177603900,0
2025-10-24,BBNI.JK,"Harga Saham PT Bank Negara Indonesia (Persero) Tbk (BBNI) Hari Ini, 24 October 2025 - FORTUNE Indonesia",0.0,4370.0,177603900,0
2025-10-24,BBNI.JK,"Cermati Rekomendasi Saham Beli untuk Hari Ini (24/10), IHSG Diproyeksi Lanjut Menguat - kontan.co.id",0.6,4370.0,177603900,0
2025-10-23,BBNI.JK,"Harga Saham BBNI Masih Murah, Waktunya Beli atau Wait and See? - CNBC Indonesia",0.0,4240.0,130641200,1
2025-10-22,BBNI.JK,6 Rekomendasi Saham Hari Ini saat IHSG Terancam Koreksi - MetroTVNews.com,0.0,4030.0,81226400,1
2025-10-22,BBNI.JK,"Prediksi IHSG Melemah, BNI Sekuritas Rekomendasikan ‘Buy’ PTRO, INDY, WIFI dan 3 Saham Ini - stockwatch.id",-0.6,4030.0,81226400,1
2025-10-21,BBNI.JK,"Fundamental Solid, BBNI Diprediksi Bakal Pimpin Rebound Saham Perbankan - Infobanknews",0.0,4050.0,88064800,0
2025-10-21,BBNI.JK,"Sinyal Rebound Kian Kuat, BBNI Siap Memimpin Reli Perbankan - SWA.co.id",0.0,4050.0,88064800,0
2025-10-21,BBNI.JK,"Saham Big Banks Kompak Menghijau pada Selasa (21/10), Begini Rekomendasi Sahamnya - TradingView",0.0,4050.0,88064800,0
2025-10-20,BBNI.JK,"IHSG Sesi I Melesat 1,97% Terkerek Saham Big Bank, Ada BBCA hingga BBNI - InvestorTrust",0.0,4040.0,146203400,1
2025-10-20,BBNI.JK,Prospek Saham Bank Besar BBCA-BBNI Cs Jelang RDG BI - IDX Channel,0.6,4040.0,146203400,1
2025-10-20,BBNI.JK,Pilah-pilih Emiten Danantara dengan Dividen Menarik di Tahun 2025 - TradingView,0.6,4040.0,146203400,1
2025-10-20,BBNI.JK,"Saham BBRI BMRI BBNI Laris Manis, Harga Melonjak - investor.id",0.0,4040.0,146203400,1
2025-10-20,BBNI.JK,"Saham Bank Gendong IHSG! BMRI Naik 4,2%, BBRI Ngegas 3,71% - CNBC Indonesia",0.6,4040.0,146203400,1
2025-10-20,BBNI.JK,"BBCA hingga BBRI Comeback, Topang IHSG Melesat 1% Lebih - Bloomberg Technoz",0.0,4040.0,146203400,1
2025-10-20,BBNI.JK,"Awal Pekan, Ini 6 Rekomendasi Saham Buat Raup Cuan - MetroTVNews.com",0.0,4040.0,146203400,1
2025-10-20,BBNI.JK,"Cek Rekomendasi Saham dari BNI Sekuritas Hari Ini (20/10), IHSG Berpeluang Rebound - kontan.co.id",0.0,4040.0,146203400,1
2025-10-17,BBNI.JK,"Saham Big Bank Masih Lesu di Akhir Pekan Ini, Simak Rekomendasi Analis - TradingView",0.0,3800.0,60733400,1
2025-10-17,BBNI.JK,"Harga Saham Big Banks Turun, BPJS Ketenagakerjaan Lakukan Akumulasi Saham - kontan.co.id",-0.6,3800.0,60733400,1
2025-10-17,BBNI.JK,Jurus BBNI Bertahan di Tengah Ekonomi yang Menantang - investor.id,0.0,3800.0,60733400,1
2025-10-16,BBNI.JK,"Saham Big Banks Melonjak, BBNI Naik Paling Tinggi - kontan.co.id",0.6,3850.0,55980800,0
2025-10-16,BBNI.JK,"Vanguard & Mereka yang Serok Saham BBCA, BMRI, BBNI hingga BBRI saat Diskon Harga - Bisnis Indonesia Premium",0.0,3850.0,55980800,0
2025-10-15,BBNI.JK,"Cek Rekomendasi Saham Hari Ini (15/10), Spec Buy: GZCO, SCMA, BWPT, BSKL, MINA, HRUM - kontan.co.id",0.0,3770.0,84578200,1
2025-10-14,BBNI.JK,Nasib Saham BBCA BBRI BMRI BBNI - investor.id,0.0,3800.0,69452000,0
2025-10-14,BBNI.JK,"IHSG Berpeluang Rebound, BNI Sekuritas Menjagokan Saham CDIA, ANTM, WIFI, MLPL, AMMN, dan EMTK. - SWA.co.id",0.0,3800.0,69452000,0
2025-10-13,BBNI.JK,"Saham Big Banks Kompak Ambruk Tahun Ini, Begini Rekomendasi Analis - TradingView",-0.6,3900.0,38351600,0
2025-10-13,BBNI.JK,"Saham Bank Bersiap Rebound, Cek Target Harganya - Bloomberg Technoz",0.0,3900.0,38351600,0
2025-10-10,BBNI.JK,"Saham Perbankan Koreksi, Ternyata ini Penyebabnya - KabarBursa.com",0.0,3970.0,48778300,0
2025-10-09,BBNI.JK,"Bukan Blackrock tapi State Street yang Konsisten Borong Saham BBCA, BMRI, BBRI & BBNI - KONTAN",0.0,4100.0,106114200,0
2025-10-08,BBNI.JK,Intip Rekomendasi 6 Saham Buat Trading Hari Ini - MetroTVNews.com,0.0,3940.0,28812600,1
2025-10-06,BBNI.JK,"Beda Strategi Investor Kakap di Saham Bank Jumbo BBCA, BBRI, BMRI, BBNI - Bisnis Indonesia Premium",0.0,4000.0,35060200,0
2025-10-06,BBNI.JK,"Tiga Saham Perbankan ini Susah Naik, Begini Alasannya - KabarBursa.com",0.6,4000.0,35060200,0
2025-10-06,BBNI.JK,"Cek Rekomendasi Saham WIFI, BUVA, WIRG, BUMI, BRMS dan TOBA untuk Senin (6/10) - kontan.co.id",0.0,4000.0,35060200,0
2025-10-03,BBNI.JK,"Harga Saham BBRI, BMRI, dan BBNI Turun, Sinyal Beli atau Hindari? - Sonora.id",-0.6,4040.0,26763100,0
2025-10-02,BBNI.JK,"Harga 4 Saham Blue Chip Bank Rontok, Manakah yang Layak Beli Hari Ini (3/10)? - TradingView",0.0,4040.0,34730200,0
2025-10-02,BBNI.JK,"IHSG Diprediksi Rebound, Ini 6 Saham Pilihan dari BNI Sekuritas untuk Kamis (2/10) - kontan.co.id",0.0,4040.0,34730200,0
2025-10-01,BBNI.JK,"Airlangga Usulkan Peserta Magang Nasional Buka Rekening di Bank BRI (BBRI), BNI (BBNI), Mandiri (BMRI), BTN (BBTN), dan BSI (BRIS) - Sinar Harapan - Sinar Harapan",0.0,4050.0,37812400,0
2025-10-01,BBNI.JK,Analisis Mengapa Saham Bank Besar (Big Four) Indonesia Terus Anjlok Akhir-Akhir Ini - KalderaNews,-0.6,4050.0,37812400,0
2025-10-01,BBNI.JK,"IHSG Diprediksi Rebound, Ini 6 Saham Pilihan dari BNI Sekuritas untuk Kamis (2/10) - MSN",0.0,4050.0,37812400,0
2025-10-01,BBNI.JK,Ini 6 Rekomendasi Saham Buat Trading di Awal Oktober - MetroTVNews.com,0.0,4050.0,37812400,0
2025-09-30,BBNI.JK,"UPDATE IDX : Big Caps Perbankan Pimpin Penguatan Bursa Hari Ini, BBCA BBRI BBNI BMRI Kinclong - Pikiran Rakyat Bengkulu - Pikiran Rakyat Bengkulu",0.0,4100.0,60162600,0
2025-09-29,BBNI.JK,"Kinerja Saham Big Banks Senin (29/9): BBCA Menghijau, BBRI-BMRI-BBNI Melemah - Pusat Data Kontan",-0.6,4170.0,41037000,0
2025-09-29,BBNI.JK,"Menkeu Purbaya Sidak ke Kantor Pusat BNI, Ada apa? - Liputan6.com",0.0,4170.0,41037000,0
2025-09-26,BBNI.JK,"Intip Rekomendasi Saham FUTR, ENRG, CDIA, MINA, PGAS dan MLPL untuk Hari Ini (26/9) - kontan.co.id",0.0,4180.0,39380500,0
2025-09-25,BBNI.JK,Emerald Daily Update 25 September 2025 - Beranda | BNI,0.0,4190.0,35633900,0
2025-09-25,BBNI.JK,Simak! BNI Sekuritas Beberkan Strategi Investasi Saat Pasar Saham Tertekan - Infobanknews,0.0,4190.0,35633900,0
2025-09-24,BBNI.JK,"BBNI Pangkas Target NIM di 2025, Begini Prospeknya - Mikir Duit",0.6,4190.0,28653700,0
2025-09-23,BBNI.JK,"Saham Big Banks Selasa (23/9): BBCA Menguat Sementara BMRI, BBRI, dan BBNI Melemah - Pusat Data Kontan",0.0,4200.0,39154400,0
2025-09-23,BBNI.JK,"Cermati Rekomendasi Saham Beli ARCI, BRPT, BUVA dan ENRG untuk Hari Ini (23/9) - kontan.co.id",0.0,4200.0,39154400,0
2025-09-22,BBNI.JK,"Banyak Sentimen Positif, Harga Saham Blue Chip Bank Pelat Merah Mix, Pilih Beli/Jual? - kontan.co.id",0.0,4210.0,63520200,0
2025-09-19,BBNI.JK,"BI Rate Turun Dorong Kredit, Saham BBNI dan BBTN Diuntungkan - Bloomberg Technoz",0.0,4270.0,100584800,0
2025-09-19,BBNI.JK,Penyebab IHSG Lompat ke Zona Hijau Kala Tutup Pasar - Bloomberg Technoz,0.0,4270.0,100584800,0
2025-09-19,BBNI.JK,"Cek Rekomendasi Saham CDIA TOBA, EMTK, WIRG, BRMS dan AMMN untuk Jumat (19/9) - kontan.co.id",0.0,4270.0,100584800,0
2025-09-18,BBNI.JK,"Diprediksi Melesat, Analis Saran Beli Saham Bank Blue Chip Ini Usai BI Rate Turun - TradingView",-0.6,4340.0,90929900,0
2025-09-18,BBNI.JK,"Video: Diguyur Dana Rp 200 T, Begini Valuasi Saham BRI, Mandiri-BNI - CNBC Indonesia",0.0,4340.0,90929900,0
2025-09-18,BBNI.JK,Elnusa Peroleh Tambahan Fasilitas Kredit Bank BNI Jadi USD 70 Juta - Liputan6.com,0.0,4340.0,90929900,0
2025-09-17,BBNI.JK,Intip Rekomendasi Saham Emiten Perbankan di Tengah Sejumlah Sentimen Positif - TradingView,0.6,4450.0,54546000,0
2025-09-17,BBNI.JK,"Saham BNI 16 September 2025 Ditutup Melemah ke Rp4.370, Bagaimana dengan Hari Ini? Simak Prospeknya - Pikiran Rakyat Bengkulu - Pikiran Rakyat Bengkulu",0.0,4450.0,54546000,0
2025-09-17,BBNI.JK,"IHSG Berpotensi Sideways, BNI Sekuritas Sarankan ‘Spec Buy’ BBRI, WIRG, ADRO dan Saham-saham Ini! - stockwatch.id",0.0,4450.0,54546000,0
2025-09-15,BBNI.JK,"BBRI Jadi Primadona Baru, Goldman Sachs Angkat Target Harga - Bloomberg Technoz",0.0,4410.0,74523200,0
2025-09-15,BBNI.JK,"Dapat Kucuran Dana Jumbo dari Pemerintah, Ini Rencana Bank BNI (BBNI) - Sinar Harapan - Sinar Harapan",0.0,4410.0,74523200,0
2025-09-15,BBNI.JK,"Pemerintah Alirkan Dana Rp200 T: Intip Valuasi Saham BRI, Mandiri-BNI - CNBC Indonesia",0.0,4410.0,74523200,0
2025-09-15,BBNI.JK,"BBRI, ASII, BBNI Masuk Daftar Saham Diburu Sepekan Saat Asing Net Sell Rp 6,6 T - Katadata.co.id",-0.6,4410.0,74523200,0
2025-09-15,BBNI.JK,"Saham BBRI Anjlok Sendiri Di Tengah Kinerja Bank Big Caps Moncer, Cek Penguatan BMRI, BBCA dan BBNI - Pikiran Rakyat Bengkulu - Pikiran Rakyat Bengkulu",-0.6,4410.0,74523200,0
2025-09-12,BBNI.JK,"Menkeu Rilis Aturan Penempatan Rp200 Triliun Uang Negara di BBRI, BBNI, BMRI, BBTN & BRIS - Bareksa.com",0.0,4520.0,109797000,0
2025-09-12,BBNI.JK,Penyebab Goldman Sachs Naikkan Target Harga Saham Bank Himbara - Market - Bloomberg Technoz,0.6,4520.0,109797000,0
2025-09-12,BBNI.JK,"BBRI BMRI BBNI BBTN BRIS Diguyur Rp 200 T Mulai Hari Ini (12/9), Simak Kata Analis? - kontan.co.id",0.0,4520.0,109797000,0
2025-09-12,BBNI.JK,"Saham Bank BUMN Hijau Usai Dapat Suntikan Rp200 T, IHSG Bisa Menguat - Validnews",0.6,4520.0,109797000,0
2025-09-12,BBNI.JK,"Indeks Bisnis-27 Dibuka di Zona Hijau, BBCA, BBNI hingga BBRI Bergerak Bullish - Bisnis.com",0.0,4520.0,109797000,0
2025-09-12,BBNI.JK,Penyebab Goldman Sachs Naikkan Target Harga Saham Bank Himbara - Bloomberg Technoz,0.6,4520.0,109797000,0
2025-09-11,BBNI.JK,"IHSG Menguat 0,64%, Saham BBNI dan BBRI Melaju Kencang - Bloomberg Technoz",0.6,4420.0,130159900,1
2025-09-11,BBNI.JK,BBTN Berpeluang Paling Diuntungkan dari Penyaluran Dana Pemerintah Rp200 Triliun - Bareksa.com,0.6,4420.0,130159900,1
2025-09-11,BBNI.JK,"Purbaya Effect, Saham Bank Himbara Beterbangan - Bloomberg Technoz",0.0,4420.0,130159900,1
2025-09-11,BBNI.JK,"Tiga Saham Bank Jumbo Pesta, BBCA Kok Tak Bertenaga? - CNBC Indonesia",0.0,4420.0,130159900,1
2025-09-11,BBNI.JK,"IHSG Dibuka Naik 1% Lebih, Saham Bank Jumbo BBCA, BBRI, BBNI Bertenaga - Bisnis.com",0.6,4420.0,130159900,1
2025-09-11,BBNI.JK,"IHSG Meroket ke 7.747 Sore Ini, BBNI-BRIS Puncaki Top Gainers - iNews.ID",0.0,4420.0,130159900,1
2025-09-10,BBNI.JK,"IHSG Berpeluang Rebound, Cek 6 Saham Pilihan BNI Sekuritas untuk Rabu (10/9) - kontan.co.id",0.0,4100.0,64536400,1
2025-09-08,BBNI.JK,"Sentimen Reshuffle Kabinet Bayangi Pasar, Rekomendasi Saham Hari Ini BBNI, BBRI & BMRI - Bareksa.com",0.0,4180.0,55687200,0
2025-09-08,BBNI.JK,BNI (BBNI) Buka-bukaan Bocoran Dividen Tahun Depan-Target Kredit - CNBC Indonesia,0.6,4180.0,55687200,0
2025-09-08,BBNI.JK,"BNI (BBNI) Menjabarkan Tiga Jurus Bisnis untuk Mencetak Laba Rp10,1 Triliun - SWA.co.id",0.6,4180.0,55687200,0
2025-09-08,BBNI.JK,BNI beri sinyal rasio dividen tahun depan mirip dengan sebelumnya - ANTARA News,0.6,4180.0,55687200,0
2025-09-08,BBNI.JK,"Sri Mulyani Diganti, IHSG Langsung Turun 1% Lebih - Bloomberg Technoz",-0.6,4180.0,55687200,0
2025-09-04,BBNI.JK,"IHSG Menuju 7.900 Lagi, BMRI, BBRI, BBNI Diborong Asing - CNBC Indonesia",0.0,4370.0,17346200,0
2025-09-04,BBNI.JK,"Cek Rekomendasi Saham WEGE, BUMI, BSBK, INDY, SCMA dan TOBA untuk Kamis (4/9/2025) - kontan.co.id",0.0,4370.0,17346200,0
2025-09-03,BBNI.JK,"Return Saham Bank Kecil Melejit pada Agustus, Begini Proyeksi Analis untuk September - TradingView",0.0,4410.0,29754100,0
2025-09-03,BBNI.JK,"Punya BBRI, BBNI dan IMPC, Return Dua Reksadana Saham Manulife Melesat 1,8% Sehari - Bareksa.com",0.0,4410.0,29754100,0
2025-09-03,BBNI.JK,"Berikut Return Saham Perbankan Tertinggi di Agustus 2025, Bank Kecil Lebih Unggul - TradingView",0.0,4410.0,29754100,0
2025-09-03,BBNI.JK,"BEI Ingatkan Delisting Waran Terstruktur BBCA, BBNI dan BMRI per 15 September 2025 - Liputan6.com",0.0,4410.0,29754100,0
2025-09-02,BBNI.JK,BNI Sekuritas Pantau 6 Saham Ini Saat IHSG Ditaksir Landai - Hallobisnis.com - Hallo Bisnis,0.0,4310.0,28513000,1
2025-09-01,BBNI.JK,"Saham BBCA, BMRI, hingga BBNI Kompak Anjlok saat IHSG Dibuka Merah - Bisnis.com",-0.6,4320.0,60513100,0
2025-09-01,BBNI.JK,"Saham BBCA, BMRI, hingga BBNI Kompak Anjlok saat IHSG Dibuka Merah - MSN",-0.6,4320.0,60513100,0
2025-08-27,BBNI.JK,Top 5 Bank di Indonesia dengan Dividend Yield Tertinggi: Di Mana Posisi BBRI? - Ajaib,0.6,4450.0,45966700,1
2025-08-25,BBNI.JK,BFIN kantongi kredit Rp2 triliun dari BBNI - IDNFinancials,0.0,4450.0,53434200,1
2025-08-25,BBNI.JK,"Investor Asing Borong 10 Saham Ini: CUAN, BBRI, hingga BBNI - Bloomberg Technoz",0.0,4450.0,53434200,1
2025-08-22,BBNI.JK,"Peluang Saham Bank Usai BI Rate Dipangkas, Simak Rekomendasi BBCA, BMRI, BBNI, dan BBTN Ini - InvestorTrust",0.0,4390.0,32633000,1
2025-08-22,BBNI.JK,BNI (BBNI) Gelontorkan Rp2 Triliun ke BFI Finance (BFIN) - CNBC Indonesia,0.0,4390.0,32633000,1
2025-08-22,BBNI.JK,"Rahasia Terbongkar! Agustus Jadi Bulan Emas Saham Bank, Ini Datanya - CNBC Indonesia",0.0,4390.0,32633000,1
2025-08-22,BBNI.JK,BNI Sekuritas Pecahkan Rekor MURI Perdagangan Langsung Saham dengan Nasabah Terbanyak - Info Ekonomi,0.6,4390.0,32633000,1
2025-08-21,BBNI.JK,"BI Rate Turun, Cek Rekomendasi Saham yang Diuntungkan - Bloomberg Technoz",0.0,4490.0,60899400,0
2025-08-21,BBNI.JK,"IHSG Melemah 0,67% ke 7.890 Kamis (21/8), Saham Big Banks Bergerak Bervariasi - Pusat Data Kontan",-0.6,4490.0,60899400,0
2025-08-20,BBNI.JK,"Saham BBRI-BMRI-BBNI-BBTN Melesat, Bulan Ini Terbang Belasan Persen - CNBC Indonesia",0.0,4430.0,52897600,1
2025-08-20,BBNI.JK,Intip Gerak Saham Bank Besar BBRI-BBNI Cs Jelang RDG BI - IDX Channel,0.0,4430.0,52897600,1
2025-08-15,BBNI.JK,BNI Sekuritas Pecahkan Rekor MURI 'Live Trading' Saham dengan Nasabah Terbanyak di Gelaran BNI wondrX 2025 - InvestorTrust,0.6,4370.0,62301400,0
2025-08-15,BBNI.JK,"Bantu Pebisnis UMKM, BNI akan Luncurkan Platform Digital Baru - kontan.co.id",0.0,4370.0,62301400,0
2025-08-12,BBNI.JK,"Investor Fundamental Lagi Senyum-Senyum, Saham BBNI, BBRI, BMRI Lompat - CNBC Indonesia",0.0,4360.0,120908000,1
2025-08-12,BBNI.JK,"Asing Borong Saham RI Rp2,2 Triliun, Rekomendasi Hari Ini ADRO, BBNI & PNBN - Bareksa.com",0.0,4360.0,120908000,1
2025-08-05,BBNI.JK,"Punya BBCA, BMRI, BBNI & BBRI, Return Reksadana Indeks STAR AM dan Maybank AM Melesat 2% - Bareksa.com",0.0,4220.0,93772600,0
2025-08-05,BBNI.JK,Simak Prospek Saham CDIA dan COIN Usai Keluar dari FCA - kontan.co.id,0.6,4220.0,93772600,0
2025-07-31,BBNI.JK,Agung Prabowo Kurangi Porsi Kepemilikan Sahamnya di BBNI - pasardana.id,0.0,4010.0,50384500,0
2025-07-30,BBNI.JK,"Kinerja Semester I 2025: Laba BBRI & BBNI Turun, BBCA Solid, Ini Rekomendasi Sahamnya - Bareksa.com",0.0,4120.0,33919100,0
2025-07-28,BBNI.JK,"Laba Menurun pada Semester I-2025, Simak Rekomendasi Saham Bank BNI (BBNI) - kontan.co.id",0.6,4210.0,45451600,0
2025-07-25,BBNI.JK,"Kredit BBNI hanya tumbuh 7,1%, laba merosot 5,6% di semester I 2025 - IDNFinancials",0.6,4090.0,48597600,1
2025-07-25,BBNI.JK,"Video: Pendapatan Bunga Bersih BNI Tumbuh 2,33% ke Rp19,5 T di H1-2025 - CNBC Indonesia",0.6,4090.0,48597600,1
2025-07-25,BBNI.JK,"BBNI Turun ke 4.100, Perseroan Catat Laba di Atas Rp10 Triliun di Semester Pertama 2025 - fxstreet-id.com",0.0,4090.0,48597600,1
2025-07-25,BBNI.JK,Laporan Keuangan PT Bank Negara Indonesia Tbk (BBNI) Semester I 2025 - PintarSaham,0.0,4090.0,48597600,1
2025-07-25,BBNI.JK,"Laba BNI Rp 10 Triliun, Bakal Bagi Dividen Interim Gak Ya? - CNBC Indonesia",0.6,4090.0,48597600,1
2025-07-22,BBNI.JK,"IHSG Sempat Rekor ATH, Saham Pilihan Hari Ini BBNI, EXCL, HMSP & PNLF - Bareksa.com",0.6,4050.0,32607800,1
2025-07-22,BBNI.JK,"Baru 2 Pekan Listing, 'Market Cap' Saham CDIA Kalahkan BBNI - Bloomberg Technoz",0.0,4050.0,32607800,1
2025-07-22,BBNI.JK,"Baru 2 Pekan Listing, 'Market Cap' Saham CDIA Kalahkan BBNI - Market - Bloomberg Technoz",0.0,4050.0,32607800,1
2025-07-21,BBNI.JK,"Nasib BBCA, BBRI, BMRI - investor.id",0.0,4070.0,35004100,0
2025-07-18,BBNI.JK,"Membongkar Kinerja Saham BNI, Layak Dikoleksi? - detikFinance",0.0,4120.0,35072000,0
2025-07-18,BBNI.JK,"Emiten Prajogo Pangestu Dapat Kredit Rp 2,2 Triliun dari BNI (BBNI) - CNBC Indonesia",0.0,4120.0,35072000,0
2025-07-18,BBNI.JK,Musim Lapkeu Segera Tiba! Ini Jadwal BRI-BNI-Mandiri - CNBC Indonesia,0.0,4120.0,35072000,0
2025-07-16,BBNI.JK,BNI Go Global: Raksasa Himbara yang Ekspansi Keliling Dunia - detikFinance,0.6,4130.0,66349800,0
2025-07-16,BBNI.JK,"Intip Harga Saham CUAN, BBRI, dan BREN saat IHSG Menghijau Hari Rabu (16/7) - kontan.co.id",0.0,4130.0,66349800,0
2025-07-15,BBNI.JK,"Mengenal Sejarah BNI, Bank Pertama Milik RI - detikFinance",0.0,4050.0,30497400,1
2025-07-14,BBNI.JK,"Saham Bank BUMN Terkoreksi Tajam, Analis: Momentum Emas untuk Value Investing - InvestorTrust",-0.6,4040.0,68377100,1
2025-07-14,BBNI.JK,"Andai Punya 1 Lot Saham BNI, Berapa Dividen Setiap Tahunnya? - Kompas.com",0.6,4040.0,68377100,1
2025-07-14,BBNI.JK,Saham Big Bank Koreksi! Peluang Cuan Dividen Sampai 8% Datang Lagi - CNBC Indonesia,0.6,4040.0,68377100,1
2025-07-11,BBNI.JK,"3 Saham Bank Plat Merah yang Naik Hari Jumat (11/7): BBNI, BBRI, dan BMRI - kontan.co.id",0.6,4180.0,48939300,0
2025-07-11,BBNI.JK,Prospek Saham Bank Jumbo (BBCA hingga BMRI) di Paruh Kedua 2025 - Bisnis.com,0.6,4180.0,48939300,0
2025-07-11,BBNI.JK,"Ingin Berkarier di Industri Keuangan, BNI Finance Sedang Buka Lowongan Kerja - Liputan6.com",0.0,4180.0,48939300,0
2025-07-10,BBNI.JK,Terungkap! Ada Crazy Rich Pegang Saham BBRI dan BBNI - CNBC Indonesia,0.0,4110.0,44060900,1
2025-07-10,BBNI.JK,"Saham BBRI-BMRI Kompak Terbang, Ternyata Ini Penyebabnya - CNBC Indonesia",0.0,4110.0,44060900,1
2025-07-10,BBNI.JK,Alasan Hermanto Tanoko Tetap Jagokan Saham BBRI - Bloomberg Technoz,0.0,4110.0,44060900,1
2025-07-10,BBNI.JK,"Crazy Rich Hermanto Tanoko Bicara Prospek Saham BBRI, BBNI hingga ADRO - Bisnis.com",0.6,4110.0,44060900,1
2025-07-10,BBNI.JK,Taipan Hermanto Tanoko: Prospek Jangka Panjang Saham BBRI dan BBNI Menjanjikan - Infobanknews,0.6,4110.0,44060900,1
2025-07-10,BBNI.JK,"Saham Big Banks (BBRI, BBNI, BMRI, BBCA) Kompak Hijau, Ini Pendorongnya - Bisnis.com",0.0,4110.0,44060900,1
2025-07-10,BBNI.JK,"Orang Terkaya Indonesia Hermanto Tanoko Masih Pegang Sederet Saham Ini, Bagaimana Prospeknya? - Liputan6.com",0.6,4110.0,44060900,1
2025-07-08,BBNI.JK,MEDC Beri Jaminan kepada BNI Atas Fasilitas Kredit yang Diterima Anak Usaha Perseroan - pasardana.id,0.0,3970.0,27867600,1
2025-07-08,BBNI.JK,"Investasi Saham, Strategi Jangka Panjang Masih Ampuh Di Tengah Gejolak Global - Validnews",0.0,3970.0,27867600,1
2025-07-07,BBNI.JK,Vanguard Group Tercatat Rajin Borong Saham Big Banks Saat Harga Lagi Murah - TradingView,0.0,4000.0,28005400,0
2025-07-03,BBNI.JK,"Pasar Dikuasai Investor Ritel, Tapi Apakah Mereka Siap Hadapi Risiko Global? - pasardana.id",-0.6,3970.0,49947500,1
2025-06-26,BBNI.JK,Laba BNI (BBNI) Mei 2025 - investor.id,0.6,4120.0,31912200,0
2025-06-26,BBNI.JK,"Saham Bank Murah Lagi, Siap Serok Buat Investasi? - CNBC Indonesia",0.0,4120.0,31912200,0
2025-06-25,BBNI.JK,Asing Kompak Borong Saham BMRI dan BBNI Saat IHSG Bangkit - CNBC Indonesia,0.0,4110.0,33883900,1
2025-06-25,BBNI.JK,"Rangkuman Rekomendasi Saham Hari Ini, 25 Juni 2025 - Bloomberg Technoz",0.0,4110.0,33883900,1
2025-06-19,BBNI.JK,BNP Paribas Sri Kehati & BNI AM Indeks IDX30 Juara Reksadana Indeks Kelolaan Terbesar Mei 2025 - Bareksa.com,0.0,4130.0,87781700,0
2025-06-13,BBNI.JK,"Potensi Saham Bank Naik di Juli-Agustus Capai 80%, Ini Rekomendasi Investasinya! - Bareksa.com",0.6,4540.0,30548300,0
2025-06-11,BBNI.JK,"BBNI salurkan pembiayaan berkelanjutan senilai Rp182,2 triliun - IDNFinancials",0.0,4540.0,35008700,0
2025-06-11,BBNI.JK,"IHSG Bersiap Uji Level 7.300, Simak Enam Rekomendasi Saham BNI Sekuritas - InvestorTrust",0.0,4540.0,35008700,0
2025-06-03,BBNI.JK,"Pelemahan 4 Saham Big Bank Tekan IHSG, Intip kembali Target Harga BBCA, BBRI, BMRI, dan BBNI - InvestorTrust",0.0,4370.0,42954800,0
2025-06-03,BBNI.JK,Tiga Skema Peluang Danantara Ambil Alih BRIS dari BMRI dkk - Mikir Duit,0.0,4370.0,42954800,0
2025-06-02,BBNI.JK,BNI Sekuritas: IHSG Rentan Sentuh 7.145 Terpapar Perang Tarif - Hallo Bisnis - Hallo Bisnis,0.0,4370.0,68993300,0
2025-05-27,BBNI.JK,"Bukan Antam, Inilah Calon Produsen Emas Terbesar, Saham Masih Bisa Ngacir - investor.id",0.0,4530.0,40871300,0
2025-05-26,BBNI.JK,"BNI Sekuritas di Hari Ini Menjagokan PSAB, BRIS, ADRO, PGAS, MDKA, dan CUAN - SWA.co.id",0.0,4500.0,36713800,1
2025-05-23,BBNI.JK,"Erick Thohir Sebut Dividen BNI Rp13,9 Triliun Berkontribusi ke Perekonomian - MetroTVNews.com",0.6,4510.0,21621500,0
2025-05-21,BBNI.JK,"Rekomendasi Saham BBRI, BBNI, BMRI, BBCA Jelang Keputusan BI Rate - Bloomberg Technoz",0.0,4520.0,79967600,0
2025-05-19,BBNI.JK,BRI vs BNI vs Bank Mandiri: Siapa Paling Royal Bagi Dividen Tahun Ini? - CNBC Indonesia,0.6,4460.0,60120200,0
2025-05-16,BBNI.JK,"Prediksi IHSG Hari Ini Bisa Tembus Level Psikologis 7.000, Berikut 5 Saham yang Perlu Diamati Investor - BertuahPos",0.0,4500.0,88956700,0
2025-05-15,BBNI.JK,"Punya Saham BMRI, BBNI, BBRI, dan JPFA, Cuan Reksadana Saham Sucorinvest Melambung - Bareksa.com",0.0,4500.0,120598100,0
2025-05-15,BBNI.JK,BNI AM Sebut Meredanya Tensi Dagang AS-China Jadi Katalis Positif bagi IHSG - Infobanknews,0.6,4500.0,120598100,0
2025-05-09,BBNI.JK,"Investor Asing Mulai Net Buy, Saham BBNI Jadi Incaran Utama - InvestorTrust",0.0,4100.0,37787800,1
2025-05-05,BBNI.JK,Analisis BBNI Q2 2025 usai Kinerja Kuartal Pertama Stabil - KabarBursa.com,0.0,4210.0,60392100,0
2025-05-05,BBNI.JK,"BNI Sekuritas Kembali Gelar Kompetisi Trading Saham, Total Hadiah Rp2,5 Miliar - Infobanknews",0.0,4210.0,60392100,0
2025-05-05,BBNI.JK,"BNI Sekuritas Luncurkan New BIONS, Investasi Kini Makin Gampang! - kontan.co.id",0.0,4210.0,60392100,0
2025-05-02,BBNI.JK,"Valuasi Murah, Ini Rekomendasi dan Target Harga Saham BBNI - Bloomberg Technoz",0.0,4200.0,81966800,1
2025-04-30,BBNI.JK,"12 Rekomendasi Saham Hari Ini, 30 April 2025 & Target Harganya - Tirto.id",0.0,4180.0,85510000,1
2025-04-29,BBNI.JK,Transformasi Digital BNI Sekuritas: New BIONS Siap Menjadi Navigasi Investasi di Era Ketidakpastian - pasardana.id,0.0,4140.0,61824000,1
2025-04-28,BBNI.JK,"BBNI Catat Laba Rp5,4 Triliun di Kuartal I 2025, Ini Rekomendasi dan Target Harga Sahamnya! - Bareksa.com",0.6,4190.0,68481300,0
2025-04-28,BBNI.JK,"Kinerja Kinclong BNI: Laba Tumbuh, Kredit & DPK Naik, Wondr Laris - Bloomberg Technoz",0.6,4190.0,68481300,0
2025-04-28,BBNI.JK,"Danantara Siap Kerja Akhir Bulan Ini, Sektor Ini Strategis Jadi Fokus Utama! - Sinar Harapan - Sinar Harapan",0.0,4190.0,68481300,0
2025-04-25,BBNI.JK,"Dividen Rp 13,95 T dari BNI Cair Hari Ini, Saham BBNI Merangkak Naik - CNBC Indonesia",0.6,4200.0,102065100,0
2025-04-25,BBNI.JK,"Dividen Rp13,9 T Cair, Saham BBNI Turut Topang Indeks LQ45 - Bloomberg Technoz",0.6,4200.0,102065100,0
2025-04-25,BBNI.JK,"Dividen BNI Cair! Rp13,95 Triliun Dibagikan Hari Ini Ke Pemegang Saham - Validnews",0.6,4200.0,102065100,0
2025-04-25,BBNI.JK,"BNI Cairkan Dividen Tunai Rp 13,95 Triliun kepada Pemegang Saham - kumparan.com - Kumparan.com",0.6,4200.0,102065100,0
2025-04-25,BBNI.JK,"Rekomendasi Saham Hari Ini, 25 April 2025 dan Analisanya - Tirto.id",0.0,4200.0,102065100,0
2025-04-21,BBNI.JK,BPJS Ketenagakerjaan Serok Saat Asing Obral Saham Big Cap - BPJS Ketenagakerjaan,0.0,3990.0,67071400,1
2025-04-17,BBNI.JK,"Asing Terus Keluar dari Saham RI, Net Sell Sudah Nyaris Rp50 T - Bloomberg Technoz",-0.6,4040.0,68392500,0
2025-04-16,BBNI.JK,Kapan BBNI Bagi Dividen 2025? Ini Jadwal dan Besarannya - kumparan.com - Kumparan.com,0.6,4100.0,109735100,0
2025-04-15,BBNI.JK,"Saham BBNI Melemah 5,93% di Momen Bagi Dividen, Ada Apa? - Bloomberg Technoz",0.0,4280.0,156480600,0
2025-04-15,BBNI.JK,Tanggal Keramat Dividen Rp 374 per Saham - investor.id,0.6,4280.0,156480600,0
2025-04-14,BBNI.JK,"Ada Dividen Rp 374 per Saham, Harga Sahamnya Diramal Segini - investor.id",0.6,4550.0,162128800,0
2025-04-14,BBNI.JK,"BNI (BBNI) Mau Bagi-Bagi Rp 13,9 T, Cum Dividen Hari Ini - CNBC Indonesia",0.6,4550.0,162128800,0
2025-04-14,BBNI.JK,"Bank BNI - BTN Cum Date Hari Ini, Sudah Nampung Dividen Mana Saja? - CNBC Indonesia",0.6,4550.0,162128800,0
2025-04-11,BBNI.JK,"'Dua Badai' Terjang Saham BBNI, Investor Belum Mau Buy? - Bloomberg Technoz",0.0,4390.0,90221600,1
2025-04-11,BBNI.JK,"Dimulai Hari Ini (11/4), Pembayaran Dividen Saham Blue Chip Bank Ini Masuk Cum Date - kontan.co.id",0.6,4390.0,90221600,1
2025-04-11,BBNI.JK,Jadwal Pembagian Dividen BBNI 2025 dan Besaran Per Lembar - Tirto.id,0.6,4390.0,90221600,1
2025-04-11,BBNI.JK,"4 Bank BUMN Bagi Dividen, Cek Waktu Beli & Pembayaran - CNBC Indonesia",0.6,4390.0,90221600,1
2025-04-10,BBNI.JK,"Saham Bank Pelat Merah Menguat Jelang Cum Date, Cek Rekomendasi Analis - TradingView",0.6,4260.0,131182600,1
2025-04-10,BBNI.JK,"Saham BMRI, BBRI, BBNI, Sampai BBCA Sudah Murah, Saatnya Masuk? - Bloomberg Technoz",0.0,4260.0,131182600,1
2025-04-10,BBNI.JK,"Dimulai Hari Ini (11/4), Pembayaran Dividen Saham Blue Chip Bank Ini Masuk Cum Date - TradingView",0.6,4260.0,131182600,1
2025-04-10,BBNI.JK,Kamu Punya Saham BBRI dan BMRI di Harga Atas? Terapkan Strategi Ini! - Bareksa.com,0.0,4260.0,131182600,1
2025-04-10,BBNI.JK,"Simak! Jadwal Pembagian Dividen “Gemuk” BRI, Bank Mandiri, BNI, dan BTN - Infobanknews",0.6,4260.0,131182600,1
2025-04-10,BBNI.JK,"4 Bank BUMN Bagi Dividen, Cek Waktu Beli & Pembayaran - Bloomberg Technoz",0.6,4260.0,131182600,1
2025-04-10,BBNI.JK,"4 Bank BUMN Bagi Dividen, Cek Waktu Beli & Pembayaran - Market - Bloomberg Technoz",0.6,4260.0,131182600,1
2025-04-10,BBNI.JK,"Kinerja Perbankan Februari 2025 Pulih, Ini Rekomendasi Saham BBCA, BRIS hingga BBRI - Bareksa.com",0.0,4260.0,131182600,1
2025-04-09,BBNI.JK,"Harga Saham Rontok, 4 Saham Blue Chip Ini Akan Bayar Dividen Jumbo Rp 109,9 T - TradingView",0.6,4040.0,81414200,1
2025-04-09,BBNI.JK,"Catat, Cum Date Dividen BBNI-BBTN Berlangsung Senin Depan - Bloomberg Technoz",0.6,4040.0,81414200,1
2025-04-09,BBNI.JK,"IHSG jatuh, Dividen 12 Emiten Ini Jadi Jumbo: Ada Mandiri - CNBC Indonesia",0.6,4040.0,81414200,1
2025-04-08,BBNI.JK,"Saham Bank Jumbo (BBCA, BMRI, BBNI, BBRI) Merosot usai Trading Halt Dibuka - Bisnis.com",-0.6,4030.0,185281600,1
2025-04-08,BBNI.JK,"IHSG Jeblok, Peluang Saham Big Bank Jelang Cum-date Dividen Jumbo - Mikir Duit",0.6,4030.0,185281600,1
2025-03-27,BBNI.JK,Intip Kinerja BBNI FY2024 serta Menakar Besaran Dividennya - brights.id,0.6,4240.0,101189600,0
2025-03-27,BBNI.JK,Bursa Efek Jakarta & Indonesia | Pasar Keuangan Indonesia - IDNFinancials,0.0,4240.0,101189600,0
2025-03-27,BBNI.JK,"Perbandingan Yield Dividen Bank BUMN (BBRI, BMRI, BBNI, dan BBTN) - Bisnis.com",0.6,4240.0,101189600,0
2025-03-27,BBNI.JK,[INFOGRAFIS] Mucharom Tinggalkan BNI dan BBNI Overweight - KabarBursa.com,0.0,4240.0,101189600,0
2025-03-27,BBNI.JK,IFSH Informasikan Adanya Pengambilalihan Saham Anak Perusahaan Secara Tidak Langsung Perseroan - pasardana.id,0.0,4240.0,101189600,0
2025-03-27,BBNI.JK,"Adu Royal Dividen BRI, BNI & Bank Mandiri,: Ada Yang Berani Beri 10%? - CNBC Indonesia",0.6,4240.0,101189600,0
2025-03-26,BBNI.JK,"RUPST BNI Tetapkan Total Dividen Tunai Rp13,95T atau Rp374 per Saham - Beranda | BNI",0.6,4250.0,229422000,0
2025-03-26,BBNI.JK,"Pemegang Saham BNI Restui Buyback Saham Rp1,5 Triliun - Infobanknews",0.6,4250.0,229422000,0
2025-03-26,BBNI.JK,"Saham Bank BUMN Terbang Tinggi, BBNI 8,9%, BMRI 8,6%, BBRI 5,3% - CNBC Indonesia",0.0,4250.0,229422000,0
2025-03-26,BBNI.JK,Putrama Wahju Setyawan gantikan Royke Tumilaar jadi Dirut BBNI - IDNFinancials,0.0,4250.0,229422000,0
2025-03-26,BBNI.JK,"BNI (BBNI) Bagikan Dividen Rp13,95 T, Setara Rp374/Saham - Bloomberg Technoz",0.6,4250.0,229422000,0
2025-03-26,BBNI.JK,"Jelang RUPS, Harga Saham BBNI Ngegas 5,38 Persen - Infobanknews",0.0,4250.0,229422000,0
2025-03-26,BBNI.JK,"Ini Dividen Jumbo yang Diraih Danantara dari BMRI, BBRI dan BBNI - Bareksa.com",0.6,4250.0,229422000,0
2025-03-26,BBNI.JK,"RUPST Hari Ini, Dirut BNI (BBNI) Bocorkan Dividen hingga 65% - Bloomberg Technoz",0.6,4250.0,229422000,0
2025-03-26,BBNI.JK,"BBNI Bagi Dividen Jumbo & Buyback Saham Rp1,5 Triliun, Ini Rekomendasi Sahamnya - Bareksa.com",0.6,4250.0,229422000,0
2025-03-26,BBNI.JK,"Tok! BNI Kantongi Izin Buyback Saham Hingga Rp 1,5 Triliun - CNBC Indonesia",0.6,4250.0,229422000,0
2025-03-26,BBNI.JK,"RUPST BNI Sepakat Tebar Dividen Rp13,95 Triliun, Setara Rp374,05 per Saham - Infobanknews",0.6,4250.0,229422000,0
2025-03-26,BBNI.JK,"Reksadana Schroder dan Manulife Cuan 5% Sehari, Punya Saham BBRI, BBCA, BMRI, hingga BBNI - Bareksa.com",0.0,4250.0,229422000,0
2025-03-26,BBNI.JK,"Putrama Gantikan Royke Jadi Dirut BBNI, Alexandra Jadi Wadirut - Bloomberg Technoz",0.0,4250.0,229422000,0
2025-03-26,BBNI.JK,"Dividen Rp13,95 T, Rekor Tertinggi dalam Sejarah BNI (BBNI) - Bloomberg Technoz",0.6,4250.0,229422000,0
2025-03-26,BBNI.JK,"BNI Mau Umumkan Dividen Siang Nanti, Ini Bocorannya - CNBC Indonesia",0.6,4250.0,229422000,0
2025-03-26,BBNI.JK,"IHSG Mulai Bangkit, Saham Ini Malah Banyak Dilepas Asing - CNBC Indonesia",0.0,4250.0,229422000,0
2025-03-26,BBNI.JK,"Dividen Rp13,95 T, Rekor Tertinggi dalam Sejarah BNI (BBNI) - Market - Bloomberg Technoz",0.6,4250.0,229422000,0
2025-03-26,BBNI.JK,"Tok! BNI Sepakat Bagi Dividen Rp 13,95 T atau Setara Rp 374 per Saham - CNBC Indonesia",0.6,4250.0,229422000,0
2025-03-26,BBNI.JK,"RUPST BNI Sepakati Dividen Tunai Rp 13,9 T, Buyback Saham Rp 1,5 T - kumparan.com - Kumparan.com",0.6,4250.0,229422000,0
2025-03-26,BBNI.JK,"BNI Bagikan Dividen Rp13,95 Triliun, Pemegang Saham Dapat Rp374 per Lembar - Sinar Harapan - Sinar Harapan",0.6,4250.0,229422000,0
2025-03-26,BBNI.JK,"BNI (BBNI) Merombak Jajaran Direksi, Ini Daftarnya! - SWA.co.id",0.0,4250.0,229422000,0
2025-03-26,BBNI.JK,"BNI Tebar Dividen Rp13,95 Triliun atau Rp374,05 per Saham - Bisnis.com",0.6,4250.0,229422000,0
2025-03-26,BBNI.JK,"BNI Gelar RUPS Hari Ini, Putrama Calon Kuat Direktur Utama - kontan.co.id",0.0,4250.0,229422000,0
2025-03-26,BBNI.JK,"Putrama Dikabarkan Duet dengan Alexandra di BNI, Nixon Bertahan di BTN - Bisnis.com",0.0,4250.0,229422000,0
2025-03-26,BBNI.JK,"Hasil RUPS BNI: Pembagian Dividen, Direktur Utama dan Wakilnya Diganti - Kompas.com",0.6,4250.0,229422000,0
2025-03-26,BBNI.JK,"Bank BNI Bagi Dividen Jumbo, Cuan Paling Moncer Dalam 2 Dekade! - CNBC Indonesia",0.6,4250.0,229422000,0
2025-03-26,BBNI.JK,Profil Direktur Utama BNI Putrama Wahju Setyawan - Liputan6.com,0.0,4250.0,229422000,0
2025-03-25,BBNI.JK,"Sentimen Positif Jelang Lebaran, Ini Ide Trading Saham BBRI, BMRI, BBNI dan BBCA - Bareksa.com",0.6,3900.0,157671900,1
2025-03-25,BBNI.JK,BBNI Informasikan Pengangkatan Anggota Direksi Perseroan sebagai Anggota Direksi Bank BRI - pasardana.id,0.0,3900.0,157671900,1
2025-03-25,BBNI.JK,"Sebar Dividen, 4 Saham Bank Raksasa Ini Jadi Incaran - CNBC Indonesia",0.6,3900.0,157671900,1
2025-03-25,BBNI.JK,"Valuasi BRI, Mandiri & BNI Masih Menarik, Potensi Cuan Hingga 75% - CNBC Indonesia",0.0,3900.0,157671900,1
2025-03-24,BBNI.JK,Perusahaan-Perusahaan BUMN Kompak Alihkan Saham Seri B Untuk Danantara - CNBC Indonesia,0.0,3720.0,135658700,1
2025-03-24,BBNI.JK,Pemerintah Alihkan Saham Seri B Bank BUMN ke Holding Operasional Danantara - Bisnis.com,0.0,3720.0,135658700,1
2025-03-21,BBNI.JK,"RUPS Pekan Depan, Segini Bocoran Dividen BBNI - investor.id",0.6,3770.0,246727700,0
2025-03-21,BBNI.JK,BNI Sekuritas Jagokan Dua Saham Perusahaan Milik Prajogo Pengestu - Hallobisnis.com - Hallo Bisnis,0.0,3770.0,246727700,0
2025-03-20,BBNI.JK,Proyeksi Dividen Saham Bank BUMN Jelang RUPS Pekan Depan - Mikir Duit,0.6,4080.0,109598400,0
2025-03-19,BBNI.JK,"OJK Rilis Buyback Tanpa RUPS, Ini 11 Saham yang Mau Buyback - Mikir Duit",0.6,4170.0,110420100,0
2025-03-14,BBNI.JK,Saham Bank Besar RI Bagi Dividen: Saatnya Borong - Bloomberg Technoz,0.6,4430.0,50335900,0
2025-03-14,BBNI.JK,"Modal Rp10 Juta Investasi di BBNI, Cuan Bisa Buat Borong Drone! - CNBC Indonesia",0.0,4430.0,50335900,0
2025-03-14,BBNI.JK,"Adu Lari Dividen BRI, Mandiri-BNI dalam 10 Tahun: Siapa Paling Royal? - CNBC Indonesia",0.6,4430.0,50335900,0
2025-03-13,BBNI.JK,"Manuver Emiten Bank: BBRI, BBNI, BMRI, BNGA dan NISP Buyback Saham - Bisnis.com",0.6,4530.0,48947400,0
2025-03-10,BBNI.JK,"JP Morgan Naikkan Peringkat BBNI, Saham Melonjak 12,7% - Ajaib",0.6,4450.0,43038000,0
2025-03-10,BBNI.JK,"Goldman Sachs Pangkas Rating Saham RI! Saatnya Borong BBRI, BMRI, BBCA & BBNI? - Bareksa.com",0.0,4450.0,43038000,0
2025-03-10,BBNI.JK,"Saham Bank Besar RI Undervalued, BBRI Jadi Pilihan Utama - Market - Bloomberg Technoz",0.6,4450.0,43038000,0
2025-03-10,BBNI.JK,"Saham Bank Besar RI Undervalued, BBRI Jadi Pilihan Utama - Bloomberg Technoz",0.6,4450.0,43038000,0
2025-03-07,BBNI.JK,"Rogoh Kocek Rp 1,85 Miliar, 2 Bos BNI (BBNI) Borong Saham - CNBC Indonesia",0.0,4540.0,61630700,0
2025-03-05,BBNI.JK,"Bocoran RUPS BNI, Banyak Agenda Penting & Perubahan Manajemen - CNBC Indonesia",0.0,4460.0,101995600,1
2025-03-05,BBNI.JK,"Agenda RUPST BNI 2025, Ada Buyback Saham hingga Perubahan Pengurus - Bisnis.com",0.6,4460.0,101995600,1
2025-03-04,BBNI.JK,"Saham BRI, BNI & Mandiri Masih Berpotensi Naik, Bisa Cuan Berapa? - CNBC Indonesia",0.6,4220.0,71340000,1
2025-03-03,BBNI.JK,"Susul BBRI, JP Morgan Pasang Sikap Bullish untuk Saham BBNI - Bloomberg Technoz",0.0,4260.0,156616300,0
2025-02-28,BBNI.JK,"Begini Pergerakan Saham BBNI Vs IDX30 Vs LQ45, Lebih Bagus Mana? - CNBC Indonesia",0.0,4030.0,156574800,1
2025-02-28,BBNI.JK,"LQ45 - IDX30 Jeblok, Saham Bank BNI Ternyata Lebih Kuat! - CNBC Indonesia",0.0,4030.0,156574800,1
2025-02-28,BBNI.JK,"Laba Bersih BNI (BBNI) Tumbuh 9,7% di Januari 2025 - CNBC Indonesia",0.6,4030.0,156574800,1
2025-02-26,BBNI.JK,"Dividen 3 Saham Blue Chip Ini Diprediksi Rp 97 T, Mana yang Prospek Investasi Bagus? - TradingView",0.6,4350.0,42114300,0
2025-02-24,BBNI.JK,Menilik Dampak Kehadiran Danantara ke Kinerja Pasar Saham - TradingView,0.0,4200.0,61467000,1
2025-02-24,BBNI.JK,"Danantara Resmi Terbentuk, OJK Tetap Awasi Ketat BBRI, BMRI dan BBNI - Bareksa.com",0.0,4200.0,61467000,1
2025-02-24,BBNI.JK,Gerak Saham BUMN yang Masuk ke Danantara - Bloomberg Technoz,0.0,4200.0,61467000,1
2025-02-24,BBNI.JK,BNI AM Ungkap Tantangan dan Peluang Investasi Reksa Dana di 2025 - Infobanknews,0.0,4200.0,61467000,1
2025-02-20,BBNI.JK,"Jelang Peluncuran Danantara, Saham Bank BUMN Termasuk BBRI Terkoreksi, Kenapa? - Bareksa.com",-0.6,4460.0,49467500,0
2025-02-20,BBNI.JK,"Buy Saham BBCA, BBRI, BBNI, BMRI, dan BRIS, Berikut Penjelasan Sejumlah Analis - kontan.co.id",0.0,4460.0,49467500,0
2025-02-19,BBNI.JK,"Nilai Kredit Bermasalah BNI Mencapai Rp 14,9 Triliun - kontan.co.id",0.0,4520.0,72328000,0
2025-02-18,BBNI.JK,"BBNI akan buyback, ini tujuannya Oleh IDNFinancials.com - Investing.com Indonesia",0.6,4750.0,73992700,0
2025-02-18,BBNI.JK,"Setelah Mandiri, Giliran BNI Buyback Saham Senilai Rp1,5 Triliun - Bloomberg Technoz",0.6,4750.0,73992700,0
2025-02-18,BBNI.JK,"Saham 3 Bank BUMN Dilirik Investor, Cek Target Rekomendasi Harga - Bloomberg Technoz",0.0,4750.0,73992700,0
2025-02-17,BBNI.JK,BNI Umumkan Perubahan Jadwal RUPS Jadi Tanggal 26 Maret 2025 - CNBC Indonesia,0.0,4570.0,52492800,1
2025-02-14,BBNI.JK,"Dividen Bank BUMN: BBRI, BMRI, dan BBNI Kompak Bagi Dividen Jumbo! - Ajaib",0.6,4370.0,61932800,1
2025-02-12,BBNI.JK,"Cermati Bocoran Dividen Bank BBRI, BMRI, dan BBNI - TradingView",0.6,4300.0,57782300,0
2025-02-11,BBNI.JK,"Saham Bank Jumbo Ambruk, Bos BNI (BBNI): Tunggu Saja Pasti Balik - CNBC Indonesia",-0.6,4070.0,52994400,1
2025-02-11,BBNI.JK,"Tok, Grup Shopee Batal Masuk ke Hibank Milik BNI (BBNI) - CNBC Indonesia",0.0,4070.0,52994400,1
2025-02-11,BBNI.JK,Sea Group Tak Jadi Masuk Bank Digital BNI Hibank - Kompas.com,0.0,4070.0,52994400,1
2025-02-10,BBNI.JK,Analis Sebut Ada Kesempatan di Balik Penurunan BBNI hingga BBRI - Market - Bloomberg Technoz,0.0,4150.0,46856100,0
2025-02-10,BBNI.JK,Baru! Reksa Dana BNI-AM IDX Pefindo Prime Bank Kelas R1 - Cermati.com,0.0,4150.0,46856100,0
2025-02-06,BBNI.JK,"BNI Rencanakan Buyback Saham Besar-Besaran, Rp905 Miliar Disiapkan - Infobanknews",0.6,4290.0,72520900,0
2025-02-06,BBNI.JK,"BMRI, BBRI, BBNI, TLKM, ANTM, PTBA hingga PGEO Masuk Danantara, Cek Prospek & Potensi Cuan - Bareksa.com",0.6,4290.0,72520900,0
2025-02-06,BBNI.JK,"Saham Masih Tertekan, Dividen Big Banks Tawarkan Yield Menarik - Bloomberg Technoz",0.6,4290.0,72520900,0
2025-02-06,BBNI.JK,"BRI, Mandiri, BNI, dan BTN Bakal Gelar RUPS di Maret, Ini Jadwalnya - CNBC Indonesia",0.0,4290.0,72520900,0
2025-02-05,BBNI.JK,"Ini Bocoran Dividen Bank Mandiri (BMRI), BNI (BBNI) & BCA (BBCA) - CNBC Indonesia",0.6,4500.0,52077600,0
2025-02-05,BBNI.JK,BBNI Siapkan Bonus Rp905 Miliar Kepada Karyawan Hingga Direksi - Hallobisnis.com - Hallo Bisnis,0.0,4500.0,52077600,0
2025-02-03,BBNI.JK,"Likuiditas BNI Membaik, Analis Sebut Saham BBNI Bisa Melonjak ke Rp 6.000 per Lembar - InvestorTrust",0.0,4780.0,63072700,0
2025-02-03,BBNI.JK,"Dua Saham Blue Chip Ini Akan Di-buyback, Mana yang Paling Bagus Dibeli? - TradingView",0.6,4780.0,63072700,0
2025-01-30,BBNI.JK,BNI Salurkan Rp 978 M Kredit ke Anak Usaha WIFI Buat Proyek Ini - CNBC Indonesia,0.0,4640.0,23980100,1
2025-01-30,BBNI.JK,BNI (BBNI) Kucurkan Rp978 M ke Emiten Adik Prabowo Subianto - Bloomberg Technoz,0.0,4640.0,23980100,1
2025-01-30,BBNI.JK,BNI (BBNI) Kucurkan Rp978 M ke Emiten Adik Prabowo Subianto - Market - Bloomberg Technoz,0.0,4640.0,23980100,1
2025-01-30,BBNI.JK,Investor Tunggu Dividen! Ini Prediksi BCA-BNI-BRI-Mandiri Tahun Ini - CNBC Indonesia,0.6,4640.0,23980100,1
2025-01-30,BBNI.JK,"BNI Salurkan Kredit Rp 978 Miliar ke Anak Usaha Surge, Ini Tujuannya - Liputan6.com",0.0,4640.0,23980100,1
2025-01-23,BBNI.JK,"Mayoritas Analis Sarankan Buy Saham BBNI, Target Bisa Rp7.018 - Bloomberg Technoz",0.0,4650.0,86704800,0
2025-01-23,BBNI.JK,"Siap-siap, Segini Potensi Dividen BBNI di 2025 - Mikir Duit",0.6,4650.0,86704800,0
2025-01-22,BBNI.JK,"Laba Bersih BBNI Tumbuh Jadi Rp21,5 Triliun di 2024 Meski Tertekan Beban Pencadangan - Bareksa.com",0.6,4790.0,55899500,0
2025-01-22,BBNI.JK,"Jelang Rilis Laba 2024, Saham BNI (BBNI) Naik Makin Tinggi - CNBC Indonesia",0.6,4790.0,55899500,0
2025-01-22,BBNI.JK,"Jadi Kesayangan Investor: Saham BRI, Mandiri, BCA & BNI Terbang - CNBC Indonesia",0.0,4790.0,55899500,0
2025-01-22,BBNI.JK,"BNI (BBNI) Cetak Laba Rp21,46 T Sepanjang 2024 - CNBC Indonesia",0.6,4790.0,55899500,0
2025-01-20,BBNI.JK,"Ada BBRI, BMRI, BBNI dan PTRO dalam Portofolio, Cuan Reksadana Saham Trimegah Melesat - Bareksa.com",0.0,4620.0,67692300,1
2025-01-20,BBNI.JK,"Jadi Saham Pilihan, Transformasi BNI Dorong Perbaikan Biaya Dana - Bloomberg Technoz",0.0,4620.0,67692300,1
2025-01-15,BBNI.JK,"Investor Domestik Masih Serbu Saham BBNI, Ini Alasannya - CNBC Indonesia",0.0,4410.0,82038200,1
2025-01-13,BBNI.JK,"Harga BBRI, BMRI, BBCA dan BBNI Semakin Murah, Saatnya Serok Saham Big Banks? - Bareksa.com",0.0,4210.0,54029800,0
2025-01-13,BBNI.JK,Proyeksi Laba & Target Harga Saham Big Bank pada 2025 Menurut Analis - CNBC Indonesia,0.6,4210.0,54029800,0
2025-01-08,BBNI.JK,"Target Harga dan Rekomendasi Saham BBCA, BMRI, BBRI, dan BBNI - Bloomberg Technoz",0.0,4370.0,39476000,1
2025-01-08,BBNI.JK,"Masih Tertekan, Kapan Waktu yang Pas Akumulasi BBRI hingga BBCA? - Bloomberg Technoz",0.0,4370.0,39476000,1
2024-12-30,BBNI.JK,"Rotasi Top 10 Big Cap pada 2024: BREN di Puncak, ASII dan BBNI Terdepak - TradingView",0.0,4350.0,43899600,1
2024-12-30,BBNI.JK,Berikut 6 Keunggulan Investasi Saham Syariah Yang Wajib Anda Tahu - Marketing.co.id,0.0,4350.0,43899600,1
2024-12-16,BBNI.JK,"Imbal Hasil Dividen BBRI 2024 Bisa Capai 8,7%, Reksadana Borong Sahamnya Ratusan Miliar - Bareksa.com",0.6,4640.0,83736700,0
2024-12-11,BBNI.JK,Mantan Dirut BNI Syariah Ditunjuk Jadi Dirut Bank Muamalat - FORTUNE Indonesia,0.0,5075.0,39770900,0
2024-12-10,BBNI.JK,"Window Dressing, Simak Saham Bank yang Jadi Favorit - Bloomberg Technoz",0.0,5100.0,39158900,0
2024-12-10,BBNI.JK,Kenaikan Nasabah Prioritas Kerek AUM Segmen Wealth Management BNI - Market - Bloomberg Technoz,0.6,5100.0,39158900,0
2024-12-09,BBNI.JK,BNI Sekuritas Gandeng Karya Salemba Empat (KSE) untuk Tingkatkan Inklusi dan Literasi Finansial - SWA.co.id,0.0,5000.0,43938100,1
2024-12-06,BBNI.JK,BNI (BBNI) Blokir 4.249 Rekening Terindikasi Judi Online - CNBC Indonesia,0.0,4860.0,25735100,1
2024-12-03,BBNI.JK,"Adu Laba BRI, BCA, BNI, Mandiri per Oktober 2024 : Siapa Juaranya? - CNBC Indonesia",0.6,4780.0,60101100,1
2024-12-03,BBNI.JK,"IHSG Berpotensi Lanjut Melemah, Simak Rekomendasi Saham Berikut - Infobanknews",-0.6,4780.0,60101100,1
2024-12-02,BBNI.JK,Empat Saham Bank Besar RI Melemah Saat Inflasi November Lesu - Market - Bloomberg Technoz,-0.6,4710.0,49318100,1
2024-11-26,BBNI.JK,Sejarah Bicara IHSG Cemerlang di Desember: Tahun Ini Dibantu Prabowo? - CNBC Indonesia,0.6,4950.0,37322800,1
2024-11-25,BBNI.JK,"Target Harga dan Rekomendasi Saham BBNI, BMRI, BBCA dan BBRI - Bloomberg Technoz",0.0,4990.0,98405900,0
2024-11-25,BBNI.JK,"IHSG Sudah Bottom dan Berpotensi Rebound? Saham BBRI, BBCA, BMRI dan BBNI Siap Terbang - Bareksa.com",0.0,4990.0,98405900,0
2024-11-25,BBNI.JK,"Analis Rekomendasikan Buy Saham BBNI, Ini Alasannya! - Infobanknews",0.0,4990.0,98405900,0
2024-11-25,BBNI.JK,"Banyak Isu Positif, Saham Prajogo Pangestu Dorong IHSG Melesat - Market - Bloomberg Technoz",0.6,4990.0,98405900,0
2024-11-25,BBNI.JK,"Active In Green Transition, BBNI Shares Predicted IDR 6,700 Per Sheet - VOI.ID",0.0,4990.0,98405900,0
2024-11-25,BBNI.JK,Pergerakan Indeks Harga Saham Diperkirakan Naik Awal Pekan - RRI.co.id,0.6,4990.0,98405900,0
2024-11-25,BBNI.JK,Emerald Daily Update 20 November 2024 - Beranda | BNI,0.0,4990.0,98405900,0
2024-11-22,BBNI.JK,"Perluas Pembiayaan UMKM, BNI Gandeng Batumbu Untuk Channeling Kredit - CNBC Indonesia",0.0,4840.0,50258400,1
2024-11-20,BBNI.JK,"Dinilai Positif, BNI Terus Perkuat ESG Lewat Xpora UMKM - Infobanknews",0.6,4850.0,24693600,0
2024-11-20,BBNI.JK,"JP Morgan Rekomendasi Bullish BBRI, Puluhan Reksadana Punya Sahamnya hingga Ratusan Miliar - Bareksa.com",0.0,4850.0,24693600,0
2024-11-20,BBNI.JK,Mencermati Rekomendasi Saham Emiten Perbankan yang Harganya Masih Murah - kontan.co.id,0.0,4850.0,24693600,0
2024-11-18,BBNI.JK,"Harga Saham Blue Chip Ini Terus Melorot, Cek yang Layak Beli & Punya Prospek Cerah - TradingView",0.6,4870.0,22240200,0
2024-11-18,BBNI.JK,"Jadi Konstituen Indeks MSCI ESG Indonesia, Skor ESG BBNI Masuk 5 Terbaik - Infobanknews",0.0,4870.0,22240200,0
2024-11-18,BBNI.JK,"IHSG Ditinggal Asing, Pilih Saham-Saham Ini - Kontan TV",0.0,4870.0,22240200,0
2024-11-14,BBNI.JK,"Analis Prediksi Efek Trump ke Outflow Investor Asing Cuma Sementara, Ini Indikasinya - Infobanknews",0.0,4950.0,33431400,0
2024-11-12,BBNI.JK,"Harga Saham Blue Chip Di IDX BUMN20 Melorot, Cek yang Layak Beli & Prospek Cerah - TradingView",0.6,4930.0,70220900,1
2024-11-11,BBNI.JK,"IHSG Sesi I Drop 1,11%, Terbebani Saham BBRI dan BBCA - Market - Bloomberg Technoz",-0.6,4990.0,44028300,0
2024-11-11,BBNI.JK,IHSG Berpotensi Melemah Usai Derasnya Outflow Investor Asing - Infobanknews,-0.6,4990.0,44028300,0
2024-11-11,BBNI.JK,"BNI (BBNI) Raih Pinjaman Rp9,42 T dari Bank of America Dkk - CNBC Indonesia",0.0,4990.0,44028300,0
2024-11-07,BBNI.JK,"Trump Menang Tekan Saham Bank, Putusan The Fed Bisa Kerek BBRI, BBCA, BMRI dan BBNI? - Bareksa.com",0.0,5025.0,63745800,0
2024-11-06,BBNI.JK,"Kolaborasi BNI Sekuritas, TOMORO COFFEE, dan BEI Hadirkan SPM untuk Generasi Muda di Depok Oleh Pasar Dana - Investing.com Indonesia",0.0,5125.0,67214100,0
2024-11-05,BBNI.JK,Ini Keunggulan Fitur Investasi di wondr by BNI - CNBC Indonesia,0.0,5400.0,32446400,0
2024-11-01,BBNI.JK,"3 Saham Big Bank Tumbang, Siapa yang Sudah Diskon Besar? - Mikir Duit",0.0,5200.0,21870200,1
2024-11-01,BBNI.JK,"15 Bank Kakap Biayai Perusahaan Sawit Bermasalah, ini Daftarnya: OJK Mana? - KabarBursa.com",0.0,5200.0,21870200,1
2024-10-31,BBNI.JK,"BBRI, BMRI, BBNI, BBCA, Ini Dia Perbandingan Kinerja Bank Big 4 - Bloomberg Technoz",0.0,5250.0,50040800,0
2024-10-31,BBNI.JK,Emerald Daily Update 30 Oktober 2024 - Beranda | BNI,0.0,5250.0,50040800,0
2024-10-29,BBNI.JK,"Saham BBCA, BBNI hingga BDMN Rontok, Imbas Sentimen Sritex? - Infobanknews",0.0,5300.0,77068500,0
2024-10-29,BBNI.JK,"Pantau Gerak Saham Syariah Ini, Ada ADMR, INKP, ITMG hingga MAPA - InvestorTrust",0.0,5300.0,77068500,0
2024-10-28,BBNI.JK,Dirombak BEI! Cek Jajaran Saham LQ45 2024 Terbaru - Sinar Harapan - Sinar Harapan,0.0,5500.0,48523000,0
2024-10-25,BBNI.JK,"Laba BBNI Kuartal III Naik Jadi Rp16,31 Triliun Tapi NIM Turun, Begini Rekomendasi Sahamnya - Bareksa.com",0.6,5650.0,20200300,0
2024-10-25,BBNI.JK,Tanggapan Bank BNI (BBNI) Soal Rumor Akuisisi Schroders Indonesia - Bloomberg Technoz,0.0,5650.0,20200300,0
2024-10-25,BBNI.JK,"Jelang Akhir Pekan, IHSG Berbalik Dibuka Naik ke Level 7.731 - Infobanknews",0.6,5650.0,20200300,0
2024-10-24,BBNI.JK,"Prabowo akan Putihkan Utang UMKM, Ini Efeknya ke BBRI, BBNI, BMRI dan BBTN - Bareksa.com",0.0,5625.0,26445200,1
2024-10-21,BBNI.JK,BNI Sekuritas Raih Dua Penghargaan Bergengsi dari Euromoney - pasardana.id,0.0,5625.0,50980600,1
2024-10-18,BBNI.JK,"10 Saham yang Bagus Untuk Jangka Panjang, Pantau Terus Aplikasinya! - InvestasiKu",0.0,5650.0,58870300,0
2024-10-16,BBNI.JK,"Jelang Pengumuman Suku Bunga BI, IHSG Berpotensi Melemah - Infobanknews",-0.6,5475.0,26629100,1
2024-10-11,BBNI.JK,"BEI Tanya Soal Sea Group Masuk Hibank, Ini Jawaban BNI - CNBC Indonesia",0.0,5375.0,14488900,1
2024-10-11,BBNI.JK,"Bank Digital BBNI Bakal Dicaplok Sea Ltd., Bisa Jadi Raksasa? - Mikir Duit",0.0,5375.0,14488900,1
2024-10-11,BBNI.JK,"Sea Group Caplok Hibank, Berikut Penjelasan Bank BNI (BBNI) - Emitennews.com",0.0,5375.0,14488900,1
2024-10-10,BBNI.JK,"Prabowo Kenang Kisah Pendirian BNI, Bank Pertama Milik Indonesia - CNBC Indonesia",0.0,5325.0,25892500,1
2024-10-10,BBNI.JK,"Lo Kheng Hong sebut wonderful company saham ideal, BNI jadi contoh - ANTARA News",0.0,5325.0,25892500,1
2024-10-10,BBNI.JK,6 Kriteria yang Harus Diperhatikan Sebelum Beli Saham Menurut Lo Kheng Hong - TradingView,0.0,5325.0,25892500,1
2024-10-10,BBNI.JK,"Investor Daily Summit 2024, Lo Kheng Hong Ungkap 6 Kriteria Ideal Saham Layak Beli, BNI Masuk List - Mnctrijaya.com",0.0,5325.0,25892500,1
2024-10-10,BBNI.JK,"Lo Kheng Hong Sebut ""Wonderful Company"" Saham Ideal, BNI Jadi Contoh - Kompas.com",0.0,5325.0,25892500,1
2024-10-09,BBNI.JK,"Performa Indeks IDX BUMN20 Masih Tertekan, Cermati Saham Jagoan Analis - TradingView",0.0,5325.0,70831500,0
2024-10-09,BBNI.JK,Emerald Daily Update 08 Oktober 2024 - Beranda | BNI,0.0,5325.0,70831500,0
2024-10-09,BBNI.JK,Emerald Daily Update 10 September 2024 - Beranda | BNI,0.0,5325.0,70831500,0
2024-10-08,BBNI.JK,"Saham Bank BUMN Mendadak Terbang, BBRI ke Level Rp 5.025, Investor Asing Balik Masuk? - InvestorTrust",0.0,5350.0,90686900,0
2024-10-08,BBNI.JK,"Mau Beli Saham? Lo Kheng Hong Ungkap 6 Kriteria Wajib Ini, Dividen Terakhir - investor.id",0.6,5350.0,90686900,0
2024-10-04,BBNI.JK,"ANALIS MARKET (04/10/2024) : IHSG Berpotensi Sideways Cenderung Menguat, 6 Saham Ini Bisa Jadi Pilihan Trading - pasardana.id",0.6,5325.0,35822100,0
2024-10-03,BBNI.JK,Deretan Emiten yang Tersengat Deflasi 5 Bulan Beruntun - TradingView,0.0,5375.0,42597000,0
2024-10-01,BBNI.JK,"Saham Big Bank Koreksi, Kesempatan Cicil Beli Mulai Lagi? - CNBC Indonesia",0.0,5375.0,40085600,0
2024-09-26,BBNI.JK,Transformasi Digital dan Ekspansi Strategis Bawa Aset BNI Tumbuh Pesat - CNBC Indonesia,0.6,5600.0,59306200,0
2024-09-26,BBNI.JK,BNI Cetak Pertumbuhan Aset Mengesankan Berkat Transformasi Digital dan Ekspansi Global - Patra Indonesia,0.6,5600.0,59306200,0
2024-09-23,BBNI.JK,"4 Bank Raksasa RI Punya Aset Rp 1.000 Triliun Lebih, Mandiri Juara! - CNBC Indonesia",0.0,5800.0,48008700,0
2024-09-19,BBNI.JK,Emerald Daily Update 19 September 2024 - Beranda | BNI,0.0,5825.0,93847800,0
2024-09-19,BBNI.JK,4 Langkah Terhindar dari Praktik Insider Trading - Medcom.id,0.0,5825.0,93847800,0
2024-09-18,BBNI.JK,"11 Sekuritas Rekomendasikan Buy Saham BNI (BBNI), Segini Targetnya - CNBC Indonesia",0.0,5700.0,64489200,1
2024-09-18,BBNI.JK,"Banyak Sekuritas Rekomendasikan BUY Saham BNI (BBNI), Ini Alasannya - CNBC Indonesia",0.0,5700.0,64489200,1
2024-09-18,BBNI.JK,2 Faktor Ini Bikin Saham BRIS Terus Melaju? Begini Peluangnya - Mikir Duit,0.0,5700.0,64489200,1
2024-09-18,BBNI.JK,Emerald Daily Update 18 September 2024 - Beranda | BNI,0.0,5700.0,64489200,1
2024-09-18,BBNI.JK,Cara buka rekening saham secara online - ANTARA News,0.0,5700.0,64489200,1
2024-09-17,BBNI.JK,"Periode Buyback Berakhir, Bank Negara Indonesia (BBNI) Beli 40,51 Juta Saham - TradingView",0.6,5650.0,40776200,1
2024-09-13,BBNI.JK,"Daftar 14 Reksadana Pemberi Dividen di Bareksa Mencorong, Cuan hingga 5,84% Sebulan - Bareksa.com",0.6,5625.0,34311700,1
2024-09-12,BBNI.JK,"Kinerja Positif, Mirae Asset Sekuritas Rekomendasikan 2 Saham Bank Jumbo Ini - Infobanknews",0.6,5600.0,43318600,1
2024-09-12,BBNI.JK,"Catat Kinerja Positif, Analis Proyeksikan Potensi Pertumbuhan BBNI - Warta Ekonomi",0.6,5600.0,43318600,1
2024-09-12,BBNI.JK,IHSG Diperkirakan Menguat Setelah Rilis Data Inflasi AS - RRI.co.id,0.6,5600.0,43318600,1
2024-09-09,BBNI.JK,"IHSG Melemah 0,25%, Saham BBNI dan LQ45 Ini Justru Menghijau - Bloomberg Technoz",-0.6,5725.0,78827500,0
2024-09-05,BBNI.JK,6 Rekomendasi Saham untuk Trading Hari Ini - Medcom.id,0.0,5450.0,62221800,1
2024-09-03,BBNI.JK,"Simak Nih! Bocoran Dividen Bank Mandiri, BNI hingga BCA Tahun Buku 2024 - Infobanknews",0.6,5375.0,20288700,0
2024-09-03,BBNI.JK,"IHSG Berpotensi Sideways , Ini 6 Saham Rekomendasi - Medcom.id",0.0,5375.0,20288700,0
2024-09-03,BBNI.JK,Daftar 10 Aplikasi Saham Terbaik di Indonesia - Rekomendasi Aplikasi - Gramedia,0.0,5375.0,20288700,0
2024-09-02,BBNI.JK,Emerald Daily Update 02 September 2024 - Beranda | BNI,0.0,5350.0,22988100,1
2024-08-30,BBNI.JK,"IHSG Berpeluang Kembali Menguat, Simak Rekomendasi Saham Berikut - Infobanknews",0.6,5350.0,86718500,0
2024-08-30,BBNI.JK,"BNI Beri Bocoran Dividen Tahun Buku 2024, Bakal Lebih Besar? - Infobanknews",0.6,5350.0,86718500,0
2024-08-30,BBNI.JK,"Ini Bocoran Dividen BBRI, BMRI, BBCA, dan BBNI Tahun Depan - CNBC Indonesia",0.6,5350.0,86718500,0
2024-08-27,BBNI.JK,Solusi Sinergi Digital (WIFI) Incar Omset Rp650 Miliar di 2024 - SWA.co.id,0.0,5400.0,57135700,0
2024-08-26,BBNI.JK,"Pensiun Dinikan 1.008 Karyawan, Begini Performa Saham TLKM ! - Sinar Harapan - Sinar Harapan",0.0,5525.0,68435700,0
2024-08-22,BBNI.JK,BNI buka suara terkait rencana pelepasan saham BSI - ANTARA News,0.0,5275.0,72626600,1
2024-08-21,BBNI.JK,"IHSG Berpeluang Menguat Terbatas, 4 Saham Ini Dijagokan Cuan - Infobanknews",0.6,5450.0,92703900,0
2024-08-21,BBNI.JK,"IHSG Berpotensi Mendatar, Ini 6 Saham yang Layak Dikoleksi - Medcom.id",0.0,5450.0,92703900,0
2024-08-20,BBNI.JK,"Indeks BUMN20 Baru Ngebut Belakangan, Intip Saham-Saham Pelat Merah Pilihan - TradingView",0.0,5475.0,69978300,0
2024-08-20,BBNI.JK,"ANALIS MARKET (20/8/2024) : IHSG Berpotensi Bergerak Menguat Kembali, 6 Saham Ini Bisa Jadi Pilihan Trading - pasardana.id",0.6,5475.0,69978300,0
2024-08-19,BBNI.JK,"Target dan Rekomendasi Saham BBRI, BBCA, BMRI, dan BBNI - Bloomberg Technoz",0.0,5350.0,55661900,1
2024-08-16,BBNI.JK,"BNI Bakal Rilis Laporan Keuangan, Ini Bocoran Tanggalnya - Katadata.co.id",0.0,5300.0,33604900,1
2024-08-14,BBNI.JK,"Prospek dan Target Saham Elnusa (ELSA) Direvisi Naik, Berikut Faktor Penopang - InvestorTrust",0.6,5275.0,93112500,0
2024-08-05,BBNI.JK,"Stock Split Kian Dekat, Saham BNI (BBNI) Terbang ke Level Tertinggi Baru - InvestorTrust",0.0,4960.0,65485300,1
2024-08-05,BBNI.JK,"Pasar Tunggu Rilis Data Ekonomi, BMRI, BBNI, BRIS, BBRI Bisa Diamankan - Emitennews.com",0.0,4960.0,65485300,1
2024-08-05,BBNI.JK,IHSG Berisiko Melemah Terseret Anjloknya Bursa Saham AS - RRI.co.id,-0.6,4960.0,65485300,1
2024-08-02,BBNI.JK,BNI Sekuritas Siap Manjakan Nasabah dengan Promosi Eksklusif di BNI Expo 2024 - Beranda | BNI,0.0,5100.0,75959300,0
2024-07-30,BBNI.JK,"ANALIS MARKET (30/7/2024) : IHSG Berpotensi Sideways, 6 Saham Ini Bisa Jadi Pilihan Trading - pasardana.id",0.0,4950.0,36234500,1
2024-07-26,BBNI.JK,"Pemegang Saham Ritel BNI (BBNI) Ngegas, Jumlahnya Udah Segini - CNBC Indonesia",0.0,5000.0,41982600,1
2024-07-25,BBNI.JK,"Gelar RUPST, BNI Finance Tunjuk Ita Tetralastwati Sebagai Anggota Dewan Komisaris - kontan.co.id",0.0,5025.0,52463300,0
2024-07-19,BBNI.JK,Bedah Saham BBNI yang Punya Prospek Cemerlang di 2024 - Ajaib,0.6,5100.0,66907300,0
2024-07-19,BBNI.JK,"Menilik Sejarah Berdirinya BNI, Bank Pertama di Indonesia - TrenAsia",0.0,5100.0,66907300,0
2024-07-18,BBNI.JK,24 Nasabah Jadi Pemenang Bulanan Kompetisi Trading Saham BNI Sekuritas - detikFinance,0.0,5075.0,86127800,1
2024-07-15,BBNI.JK,"BNI (BBNI) Tak Terhantam Likuiditas Seret dan Rupiah, Ini Penyebabnya - CNBC Indonesia",0.0,5025.0,94794900,0
2024-07-15,BBNI.JK,"BNI Sekuritas Dukung JSMR, Gimana Prospeknya? - KabarBursa.com",0.6,5025.0,94794900,0
2024-07-12,BBNI.JK,Cara Mudah Beli Saham BNI di Ajaib - Ajaib,0.0,5025.0,151520700,0
2024-07-12,BBNI.JK,"Saham BNI (BBNI) Ngegas Tembus Rp 5.000, Sebulan Melejit 14% - CNBC Indonesia",0.0,5025.0,151520700,0
2024-07-10,BBNI.JK,FAC Sekuritas - FAC Sekuritas,0.0,4820.0,48700200,1
2024-07-10,BBNI.JK,Manuver Hermanto Tanoko - SWA.co.id,0.0,4820.0,48700200,1
2024-07-09,BBNI.JK,"Saham BBRI, BBNI dan BMRI Melesat Diborong Investor, Ini Penyebab dan Antrian Harganya - Bareksa.com",0.0,4860.0,87456600,0
2024-07-09,BBNI.JK,"Crazy Rich Hermanto Tanoko Serok Saham BBRI, BMRI, BBNI Usai Lego BDMN - CNBC Indonesia",0.0,4860.0,87456600,0
2024-07-05,BBNI.JK,"BNI (BBNI) Bakal Lanjut Divestasi Saham BSI (BRIS), Duitnya Buat Ini - CNBC Indonesia",0.0,4700.0,67585600,0
2024-07-05,BBNI.JK,BNI Bakal Lepas Saham BSI (BRIS) untuk Modal Ekspansi Anak Usaha - Bisnis.com,0.6,4700.0,67585600,0
2024-07-05,BBNI.JK,"BNI Luncurkan Wondr, Simak Keunggulan dan Diskon yang Ditawarkan - Bloomberg Technoz",0.0,4700.0,67585600,0
2024-07-05,BBNI.JK,"Bantu Nasabah Kelola Keuangan, BBNI Luncurkan wondr by BNI - Liputan6.com",0.0,4700.0,67585600,0
2024-07-04,BBNI.JK,"IHSG Berpotensi Naik di Juli-Agustus, Seberapa Cerah Prospek Saham BBRI, BMRI, BBNI dan BBCA? - Bareksa.com",0.6,4710.0,61435900,0
2024-07-01,BBNI.JK,"Suku Bunga Tinggi, Likuiditas & Kualitas Kredit BBNI Masih Sehat - CNBC Indonesia",0.0,4710.0,43250900,0
2024-07-01,BBNI.JK,"Mulai Diborong Asing, 5 Saham Bank Himbara Bangkit - CNBC Indonesia",0.0,4710.0,43250900,0
2024-06-28,BBNI.JK,"Saham Bank Raksasa Tancap Gas: BRI, BNI, Mandiri & BCA Siapa Juara? - CNBC Indonesia",0.0,4660.0,95384300,1
2024-06-27,BBNI.JK,Bank Digital Milik BNI: Begini Strategi Hibank Perluas Ekosistem - Bisnis.com,0.0,4580.0,85462100,1
2024-06-26,BBNI.JK,"Tren Koreksi Saham Penghuni LQ45-MSCI, dari BMRI hingga GOTO - CNBC Indonesia",0.0,4420.0,34063700,1
2024-06-24,BBNI.JK,"Analis Kasih Sinyal Saham BNI (BBNI) Menarik, Waktunya Serok? - CNBC Indonesia",0.0,4540.0,49112400,0
2024-06-24,BBNI.JK,"MUI Haramkan Short Selling pada Perdagangan BEI, Begini Tanggapan Manajer Investasi - TradingView",0.0,4540.0,49112400,0
2024-06-21,BBNI.JK,"Petaka Anjloknya Saham Big Bank Pada 2015, Mirip Kayak 2024? - Mikir Duit",-0.6,4540.0,108982500,0
2024-06-20,BBNI.JK,Pj. Wali Kota Dukung BNI Tumbuhkan Minat Investasi Generasi Muda - Portal Kota Malang,0.6,4400.0,50579900,1
2024-06-20,BBNI.JK,"ANALIS MARKET (20/6/2024) : IHSG Berpotensi Teknikal Rebound Terbatas, 6 Saham Ini Bisa jadi Pilihan Trading - pasardana.id",0.0,4400.0,50579900,1
2024-06-14,BBNI.JK,"BSI (BRIS) Cairkan Dividen Rp855,56 Miliar pada 20 Juni, BMRI, BBNI dan BBRI Dapat Segini - Bareksa.com",0.6,4310.0,65046900,0
2024-06-14,BBNI.JK,"Rupiah Jebol, Saham BBRI Rekor Terendah Sejak 2022 - Bloomberg Technoz",0.6,4310.0,65046900,0
2024-06-13,BBNI.JK,"Pantas Investor Ritel Kepincut Saham BBRI, Ini Alasannya! - CNBC Indonesia",0.0,4480.0,47763900,0
2024-06-13,BBNI.JK,"BSI Segera Cairkan Dividen Tunai Rp855,56 Miliar, Cek Jadwalnya - Infobanknews",0.6,4480.0,47763900,0
2024-06-13,BBNI.JK,Anda Punya Saham BSI? Siap-siap Dividennya Segera Cair - Iconomics,0.6,4480.0,47763900,0
2024-06-13,BBNI.JK,"Lika-liku Sigit Widyawan, Ipar Jokowi yang Jabat Komisaris Independen Bank BNI - Tempo.co",0.0,4480.0,47763900,0
2024-06-13,BBNI.JK,Rincian Tugas Komisaris Independen dalam Sebuah PT atau BUMN Menurut UU - Tempo.co,0.0,4480.0,47763900,0
2024-06-13,BBNI.JK,"Profil dan Gaji Sigit Widyawan, Ipar Jokowi yang Jadi Komisaris BNI sejak 2018 - SINDOnews Ekbis",0.0,4480.0,47763900,0
2024-06-12,BBNI.JK,"Begini Tugas Ipar Jokowi, Sigit Widyawan, Sebagai Komisaris BNI - Tempo.co",0.0,4430.0,112781100,1
2024-06-11,BBNI.JK,Informasi Savings Bond Ritel Seri SBR013 - Beranda | BNI,0.0,4480.0,95286400,0
2024-06-10,BBNI.JK,"Saham Melemah, Ini Rekomendasi & Target Harga Saham BBNI - Bloomberg Technoz",-0.6,4610.0,65704900,0
2024-06-10,BBNI.JK,Deretan Saham Bank Big Caps yang Memiliki Valuasi Terdiskon - CNBC Indonesia,0.0,4610.0,65704900,0
2024-06-10,BBNI.JK,"Saham GOTO Anjlok, Level Terendah Sepanjang Masa - Bloomberg Technoz",-0.6,4610.0,65704900,0
2024-06-10,BBNI.JK,Saham GOTO Dibanting ke Rp50 Usai Bertahan Satu Jam di Zona Hijau - Bloomberg Technoz,0.0,4610.0,65704900,0
2024-06-04,BBNI.JK,"ANALIS MARKET (04/6/2024) : IHSG Berpotensi Terkoreksi Kembali, 6 Saham Ini Bisa Jadi Pilihan Trading - pasardana.id",-0.6,4640.0,52885400,0
2024-06-04,BBNI.JK,"3 Jenis Investasi Top, Modal Kecil Hasil Gede - INDODAX",0.0,4640.0,52885400,0
2024-06-03,BBNI.JK,"Saham Bank Jumbo BRI BCA Mandiri Rebound, Lanjut Naik Nggak Nih? - CNBC Indonesia",0.6,4620.0,53865700,1
2024-06-03,BBNI.JK,"5 Saham Bank Raksasa Bangkit, Bantu IHSG Balik ke 7.000 - CNBC Indonesia",0.0,4620.0,53865700,1
2024-05-31,BBNI.JK,"IHSG Diprediksi Akan Turun Hingga Sebulan ke Depan, Ada Peluang Beli Saham Blue Chip - kontan.co.id",-0.6,4400.0,145978300,1
2024-05-30,BBNI.JK,"Valuasi Saham Perbankan Big Caps Setelah Harganya Ambruk, Makin Murah? - CNBC Indonesia",-0.6,4490.0,81608700,0
2024-05-28,BBNI.JK,"Bank BNI Masih Rajin Beri Pinjaman ke Proyek Energi Kotor, Nilainya Naik Jadi Rp26,4 Triliun - Suara.com",0.6,4710.0,25799600,0
2024-05-28,BBNI.JK,Tower Bersama (TBIG) Mau Tambah Bisnis & Buyback Saham - CNBC Indonesia,0.6,4710.0,25799600,0
2024-05-27,BBNI.JK,"Fundamental Kokoh, Ini Rekomendasi Analis untuk Saham MYOR - Bloomberg Technoz",0.0,4670.0,60499200,1
2024-05-27,BBNI.JK,BNI Sekuritas Ajak Investor Kenali Risiko Investasi Saham - pasardana.id,-0.6,4670.0,60499200,1
2024-05-22,BBNI.JK,"Libur dan Cuti Bersama Hari Raya Waisak, BNI Berlakukan Operasional Terbatas - AnalisaDaily.com",0.0,4760.0,60859500,0
2024-05-21,BBNI.JK,Wamen BUMN Blak-blakan Soal Investor Baru BSI - Infobanknews,0.0,4770.0,87501700,0
2024-05-20,BBNI.JK,"Mau Pensiun dari Duit Dividen Bank, Berapa Modalnya? - CNBC Indonesia",0.6,4980.0,76605300,0
2024-05-20,BBNI.JK,"ANALIS MARKET (20/5/2024) : IHSG Berpotensi Break Resistance Terdekat, 6 Saham Ini Bisa Jadi Pilihan Trading - pasardana.id",0.0,4980.0,76605300,0
2024-05-20,BBNI.JK,"Kelola 8 Produk Reksadana Indeks, BNI AM Berniat Luncurkan Indeks Offshore - kontan.co.id",0.0,4980.0,76605300,0
2024-05-16,BBNI.JK,"IHSG Semringah Lagi, 182 Saham Strong! - Infobanknews",0.0,5200.0,118382400,0
2024-05-15,BBNI.JK,BNI Sekuritas Catatkan Kinerja Positif di Tahun 2023 Berkat Transformasi Bisnis - Press Release Indonesia,0.6,5025.0,85730700,1
2024-05-14,BBNI.JK,Direksi Bank Negara Indonesia (BBNI) Tambah Kepemilikan Saham - Bareksa.com,0.0,4930.0,70014900,1
2024-05-14,BBNI.JK,"Rangkuman Rekomendasi Saham Hari Ini, 14 Mei 2024 - Bloomberg Technoz",0.0,4930.0,70014900,1
2024-05-07,BBNI.JK,"Saham BBRI Oversold , Tahan Atau Beli? - Bloomberg Technoz",0.0,4700.0,82580800,0
2024-05-07,BBNI.JK,"5+ BUMN Siap Bagikan Dividen di Tahun 2024, Cek Daftarnya! - finansialku.com",0.6,4700.0,82580800,0
2024-05-07,BBNI.JK,Ketidakpastian Global dan Perlambatan Kinerja Bikin Saham Bank Himbara Amblas - Kompas.id,-0.6,4700.0,82580800,0
2024-05-06,BBNI.JK,"Saham Bank Raksasa RI Kompak Bangkit, BCA Masih di Zona Merah - CNBC Indonesia",0.0,4810.0,81862000,0
2024-05-06,BBNI.JK,Bisa Hemat Rp950 Ribu! BNI Bagikan Promo Tiket Java Jazz Festival - Sinar Harapan - Sinar Harapan,0.0,4810.0,81862000,0
2024-05-03,BBNI.JK,"Harga Saham BNI Turun hingga 8 Persen, Apa Sebabnya? - Kompas.com",-0.6,4830.0,89058400,0
2024-05-03,BBNI.JK,Daftar Saham Sektor Keuangan di Bursa Efek Indonesia - Ajaib,0.0,4830.0,89058400,0
2024-05-02,BBNI.JK,"IHSG Sesi I Terguncang, BMRI dan BBNI jadi Saham Bank Jumbo Terboncos - TrenAsia",0.0,4830.0,183458300,0
2024-04-30,BBNI.JK,"Kredit Hijau BNI Tembus Rp67,4 Triliun per Maret 2024 - CNBC Indonesia",0.0,5250.0,73658500,0
2024-04-30,BBNI.JK,"Penyaluran Kredit Hijau Bank BNI BBNI Tembus Rp67,4 Triliun - Sinar Harapan - Sinar Harapan",0.0,5250.0,73658500,0
2024-04-29,BBNI.JK,"BNI Raup Laba Bersih Rp5,3 Triliun di Kuartal I-2024, Naik Tipis 2% - economy.okezone.com",0.6,5225.0,41068600,1
2024-04-24,BBNI.JK,Layanan Call Center Bank BNI 24 Jam - Cermati.com,0.0,5300.0,44771200,0
2024-04-22,BBNI.JK,"ANALIS MARKET (22/4/2024) : IHSG Berpotensi Sedikit Rebound, 6 Saham Ini Bisa Jadi Pilihan Trading - pasardana.id",0.0,5350.0,62509300,0
2024-04-19,BBNI.JK,"Abu Dhabi Islamic Bank Mau Caplok 15 Persen Saham BSI, Bos BNI Bilang Begini - Infobanknews",0.0,5225.0,52519300,1
2024-04-19,BBNI.JK,"Dikabarkan Mau Caplok 15% Saham BSI (BRIS), Ini Profil ADIB Bank - CNBC Indonesia",0.0,5225.0,52519300,1
2024-04-18,BBNI.JK,"Abu Dhabi Islamic Bank Minat Beli Saham BSI (BRIS) US$ 1,1 Miliar - investor.id",0.0,5300.0,57785900,0
2024-04-03,BBNI.JK,"Saham Big Bank Koreksi, Mana yang Sudah Murah? - Mikir Duit",0.0,5325.0,126994500,1
2024-04-03,BBNI.JK,"Outflow Dana Asing Saham Bank Jumbo Capai Rp1,7 Triliun, IHSG Makin ‘Boncos’ - Infobanknews",0.0,5325.0,126994500,1
2024-04-03,BBNI.JK,Gak Usah Bingung! Ini Penyebab Saham Perbankan Raksasa RI Rontok - CNBC Indonesia,0.0,5325.0,126994500,1
2024-04-03,BBNI.JK,"Barito Renewables (BREN) Akuisisi PLTB Sidrap Rp 1,6 Triliun, Dapat Dana dari BBNI - kontan.co.id",0.0,5325.0,126994500,1
2024-04-01,BBNI.JK,Banking — Unboxing 👀 📊 💵 — Stockbit Snips | Berita Saham - Stockbit Snips,0.0,5650.0,100174400,0
2024-04-01,BBNI.JK,"Investor Asing Mudik, Saham Bank Besar Ini Tertekan - Bareksa.com",0.0,5650.0,100174400,0
2024-04-01,BBNI.JK,Reksa Dana Indeks BNI Asset Management kini Hadir di Pasar Retail - RM.ID,0.0,5650.0,100174400,0
2024-03-25,BBNI.JK,"Yuk, Sisihkan THR untuk Investasi! Ini Dia 5 Tips Pilih Saham bagi Pemula - Press Release Indonesia",0.0,5925.0,43514000,1
2024-03-25,BBNI.JK,BNI Sekuritas sarankan sisihkan dana THR untuk investasi di saham - ANTARA News,0.0,5925.0,43514000,1
2024-03-20,BBNI.JK,Bos BNI Buka Suara Soal Isu Masuknya Sea Bank ke Hibank - CNBC Indonesia,0.0,5875.0,32725900,0
2024-03-19,BBNI.JK,"Bedah Keunggulan BNI (BBNI), Sahamnya Termurah di Kelas Bank Besar - investor.id",0.0,5850.0,34162200,1
2024-03-19,BBNI.JK,"3 Analis Prediksi Saham BBNI Bisa Segini, Valuasi Masih Murah - CNBC Indonesia",0.0,5850.0,34162200,1
2024-03-19,BBNI.JK,"Dividen Besar Bank Jumbo BBRI, BMRI, BBCA dan BBNI - Bisnis.com",0.6,5850.0,34162200,1
2024-03-18,BBNI.JK,Sikap BlackRock hingga Goldman Sachs untuk Saham 4 Bank Besar RI - Bloomberg Technoz,0.0,5800.0,48979300,1
2024-03-15,BBNI.JK,"IHSG Sesi I Drop 0,92% Tertekan Saham BBNI Melemah 5% Lebih - Market - Bloomberg Technoz",-0.6,5800.0,144447600,0
2024-03-15,BBNI.JK,"BCA, BRI, Mandiri, dan BNI Bagi THR Dividen saat Ramadan, Siapa Terbesar? - Bisnis.com",0.6,5800.0,144447600,0
2024-03-14,BBNI.JK,"Jelang Cum Date Dividen Saham BBNI Cetak Rekor lagi, Ini Kata Analis - CNBC Indonesia",0.6,6150.0,88145400,0
2024-03-13,BBNI.JK,"Catat Jadwal Cum Date BBNI, BBTN dan BMRI Selama Ramadan 2024 - Bisnis.com",0.0,6225.0,87861700,0
2024-03-13,BBNI.JK,Jangan Lewat! 4 Emiten Ini Mau Tebar Dividen Jumbo ke Investor - CNBC Indonesia,0.6,6225.0,87861700,0
2024-03-07,BBNI.JK,"Intip Jadwal Pembayaran Dividen BBNI Dengan Yield 4,67% - kontan.co.id",0.6,5975.0,47464200,1
2024-03-06,BBNI.JK,"BNI Tebar Dividen Rp 10,45 T, Catat Tanggalnya - CNBC Indonesia",0.6,5950.0,28923100,1
2024-03-06,BBNI.JK,"Eks Wadirut BNI Jadi Komisaris BTN (BBTN), Simak Hasil Lengkap RUPST - investor.id",0.0,5950.0,28923100,1
2024-03-06,BBNI.JK,"Susunan Direksi dan Komisaris Bank BTN yang Baru, Ada Eks BNI - Bloomberg Technoz",0.0,5950.0,28923100,1
2024-03-04,BBNI.JK,Ini Jajaran Komisaris dan Direksi BBNI Terbaru - Bareksa.com,0.0,5875.0,35600700,1
2024-03-04,BBNI.JK,BNI Siapkan Dua Opsi Ini untuk ‘Kawinkan’ Hibank dan Seabank - Infobanknews,0.0,5875.0,35600700,1
2024-03-04,BBNI.JK,BNI Buka 2 Opsi Hibank Jika Sea Limited Masuk Jadi Pemegang Saham - CNBC Indonesia,0.0,5875.0,35600700,1
2024-03-04,BBNI.JK,"Jika Sea Limited Masuk Jadi Pemegang Saham, Hibank Bakal Merger dengan Seabank? - kontan.co.id",0.0,5875.0,35600700,1
2024-03-04,BBNI.JK,"BNI Rombak Jajaran Manajemen Kunci, Silvano Rumantir Keluar - Bloomberg Technoz",0.0,5875.0,35600700,1
2024-03-04,BBNI.JK,"BNI (BBNI) Buka Jalan Sea Group Akuisisi Hibank, Akan Digabung Dengan SeaBank? - Bisnis.com",0.0,5875.0,35600700,1
2024-03-04,BBNI.JK,"RUPST BNI, Ini Wajah Baru Jajaran Direksi - kumparan.com - Kumparan.com",0.0,5875.0,35600700,1
2024-03-04,BBNI.JK,"BNI Bagikan Dividen Rp10,45 T, Setara 50% dari Laba Bersih - Bloomberg Technoz",0.6,5875.0,35600700,1
2024-03-04,BBNI.JK,"Soal Merger Hibank dengan Seabank, BNI Siapkan Dua Opsi Ini - Bloomberg Technoz",0.0,5875.0,35600700,1
2024-03-04,BBNI.JK,"RUPST BNI Ubah Jajaran Direksi dan Komisaris, 50% Laba Dibagikan Sebagai Deviden - Sinar Harapan - Sinar Harapan",0.6,5875.0,35600700,1
2024-03-04,BBNI.JK,"Dirombak, Ini Jajaran Direksi dan Komisaris BNI Terbaru - CNBC Indonesia",0.0,5875.0,35600700,1
2024-03-04,BBNI.JK,"Yusuf Permana, KaBiro Protokol Setpres Diangkat Menjadi Komisaris BNI - Editor Indonesia",0.0,5875.0,35600700,1
2024-02-23,BBNI.JK,"Melirik Saham-Saham Defensif yang Jadi Incaran Investor, Cermati Saham Berikut - TradingView",0.0,5900.0,50216600,0
2024-02-20,BBNI.JK,"IHSG Dibuka Menguat 0,36 persen, Saham BRIS, BBRI dan BBNI Kompak Naik - VOI.ID",0.6,6025.0,37554100,0
2024-02-19,BBNI.JK,"6 Tips agar Terhindar dari Jebakan ""Saham Gorengan"" - Kompas.com",0.0,5875.0,67950100,1
2024-02-15,BBNI.JK,"Saham BBNI Catat Rekor ATH, Terbuka Potensi Tembus Target Price Rp 6.600 - InvestorTrust",0.6,6000.0,128792500,0
2024-02-15,BBNI.JK,"Sentuh Rp6.225, Saham BBNI Kembali Pecah Rekor Tertinggi - Bloomberg Technoz",0.6,6000.0,128792500,0
2024-02-15,BBNI.JK,"Maret, BCA, Mandiri, BRI, BNI, BTN Umumkan Dividen, Siapa Paling Gede? - CNBC Indonesia",0.6,6000.0,128792500,0
2024-02-13,BBNI.JK,"Saham BNI (BBNI) All Time High Lagi, Selanjutnya Bisa Lari ke Sini - investor.id",0.0,5875.0,74976200,1
2024-02-13,BBNI.JK,"Petinggi BNI Sekuritas Masuk Jajajan Direksi, Begini Performa Saham PGEO - Sinar Harapan - Sinar Harapan",0.0,5875.0,74976200,1
2024-02-07,BBNI.JK,"Usai Tembus ATH, Saham BBNI Bisa Capai Rp 6.000 - RM.ID",0.0,5750.0,39906900,1
2024-02-07,BBNI.JK,BNI (BBNI) Mau Bahas Penggunaan Laba Bersih di Tanggal Segini - investor.id,0.6,5750.0,39906900,1
2024-02-06,BBNI.JK,"225 Juta Saham Diperdagangkan, IHSG Dibuka Menguat 0,45 Persen - Infobanknews",0.6,5775.0,41834000,0
2024-01-30,BBNI.JK,Bullish Flag Pattern: Strategi Trading Saham untuk Maksimalkan Potensi Cuan - Ajaib,0.0,5650.0,55020500,1
2024-01-26,BBNI.JK,"Setelah Stock Split, Harga Saham BNI Meroket 16,5 Persen di Akhir 2023 - Infobanknews",0.0,5425.0,30545600,1
2024-01-26,BBNI.JK,"Laba BNI (BBNI) Naik 14% Menjadi Rp20,9 T Pada Periode 2023 - Bloomberg Technoz",0.6,5425.0,30545600,1
2024-01-26,BBNI.JK,"Jelang Paparan Kinerja, Intip Tren Laba BNI (BBNI) 5 Tahun Terakhir - Bisnis.com",0.6,5425.0,30545600,1
2024-01-17,BBNI.JK,"Lowongan Kerja BUMN Bank BNI 2024 untuk Lulusan SMA, SMK, S1 dan S2, Ini Cara Daftarnya - Kompas.tv",0.0,5550.0,61481200,0
2024-01-16,BBNI.JK,"Gerak Saham BBCA, BMRI, BBRI, & BBNI jelang Pengumuman BI Rate - Bisnis.com",0.0,5600.0,37795700,0
2024-01-16,BBNI.JK,"Tak Mau Terlalu Banyak Lepas Saham BSI, Dirut BNI: 5 Persen Cukuplah - IDX Channel",0.0,5600.0,37795700,0
2024-01-12,BBNI.JK,"IHSG Dibuka Menguat, Saham Big Caps (BBRI, BBNI, BBCA) Panen Cuan - Bisnis.com",0.6,5600.0,40942900,1
2024-01-09,BBNI.JK,"Market Cap BCA, BRI, Mandiri, dan BNI saat Saham Bank Pecah Rekor, BBCA Teratas - Bisnis.com",0.6,5650.0,34897000,0
2024-01-05,BBNI.JK,Cek! Adu Rekor Saham Bank Raksasa di Indonesia - CNBC Indonesia,0.6,5575.0,69463500,0
2024-01-05,BBNI.JK,"Bank BCA vs BNI, Mana yang Terbaik - duwitmu.com",0.0,5575.0,69463500,0
2024-01-04,BBNI.JK,"Saham BNI Tembus Rp 5.600, Cetak Rekor Baru Sepanjang Masa! - CNBC Indonesia",0.6,5600.0,77162400,0
2024-01-04,BBNI.JK,"Saham Bank Jumbo (BMRI, BBCA, BBRI, BBNI) All Time High, Cek Rekomendasinya! - Bisnis.com",0.0,5600.0,77162400,0
2024-01-03,BBNI.JK,"ANALIS MARKET (03/1/2024) : IHSG Berpotensi Koreksi Terbatas, 6 Saham Ini Bisa Jadi Pilihan Trading - pasardana.id",0.0,5350.0,27547700,1
2024-01-02,BBNI.JK,"Harga Saham Bank Jumbo (BBRI, BMRI, BBCA, BBNI) saat IHSG All Time High - Bisnis.com",0.0,5375.0,20147500,0
2026-04-30,BBRI.JK,"Saham BBRI Turun 40,78 Persen dalam 3 Tahun, ini Respons Hery Gunadi - KabarBursa.com",-0.6,2990.0,382750500,0
2026-04-30,BBRI.JK,"BBRI Catat Laba Rp15,5 triliun di Q1 2026, Rekomendasi Buy, Ini Target Harganya - Bareksa.com",0.6,2990.0,382750500,0
2026-04-30,BBRI.JK,"Didorong Fundamental Solid, Manajemen BRI (BBRI) Optimistis Kinerja Saham Tetap Naik - InvestorTrust",0.6,2990.0,382750500,0
2026-04-30,BBRI.JK,"Saham BBRI Anjlok ke Level Terendah sejak 2021, Ini Kata BRI - Infobanknews",-0.6,2990.0,382750500,0
2026-04-30,BBRI.JK,"BRI (BBRI) Waspadai Risiko Kredit di Tengah Ketidakpastian Global, Segmen UMKM Dinilai Tetap Tangguh - InvestorTrust",-0.6,2990.0,382750500,0
2026-04-30,BBRI.JK,Pesan Bos BBRI ke Investor Saat Harga Saham Koreksi - investor.id,0.0,2990.0,382750500,0
2026-04-30,BBRI.JK,"Saham BBRI Turun 16%, Dirut BRI Sebut Faktor Eksternal Dominan - TopBusiness.id",-0.6,2990.0,382750500,0
2026-04-30,BBRI.JK,Bos BRI (BBRI) Bicara Soal Arah Harga Saham - Bloomberg Technoz,0.0,2990.0,382750500,0
2026-04-30,BBRI.JK,Bos BRI (BBRI) Bicara Soal Arah Harga Saham - Market - Bloomberg Technoz,0.0,2990.0,382750500,0
2026-04-30,BBRI.JK,"Saham Terkoreksi Sejak Awal Tahun, Bos BRI Bilang Gini - CNBC Indonesia",-0.6,2990.0,382750500,0
2026-04-30,BBRI.JK,"Laba 2025 Capai Rp57,1 T, BRI Tebar Dividen Rp346 per Saham - CNN Indonesia",0.6,2990.0,382750500,0
2026-04-30,BBRI.JK,Bos BRI Kasih Tips saat IHSG Loyo: Beli Saham Blue Chip-Dividen Bagus - detikFinance,0.6,2990.0,382750500,0
2026-04-30,BBRI.JK,Dirut BRI: Enggak Usah Lihat Harga Saham Naik Turun - RCTI+,0.0,2990.0,382750500,0
2026-04-30,BBRI.JK,Bos BRI Imbau Investor Pilih Saham Blue Chip Saat IHSG Terkoreksi - Babel Insight,-0.6,2990.0,382750500,0
2026-04-30,BBRI.JK,BRI Danareksa Sekuritas Turunkan Target Harga Saham BBCA - Babel Insight,-0.6,2990.0,382750500,0
2026-04-30,BBRI.JK,"Kuartal I-2026, Laba BRI (BBRI) Naik 13% Jadi Rp15,49 T - Market - Bloomberg Technoz",0.6,2990.0,382750500,0
2026-04-30,BBRI.JK,"BRI Cetak Laba Rp 15,5 T di Kuartal I-2026 - detikFinance",0.6,2990.0,382750500,0
2026-04-30,BBRI.JK,"BRI Tak Revisi RBB, Ekonomi Domestik Masih Kuat - CNBC Indonesia",0.0,2990.0,382750500,0
2026-04-30,BBRI.JK,"BRI Panen Dana Murah! CASA Tumbuh 13%, DPK Capai Rp1.555 T - CNBC Indonesia",0.6,2990.0,382750500,0
2026-04-30,BBRI.JK,"RS USU Terima CSR dari Bank BRI, Tingkatkan Layanan Kesehatan - Universitas Sumatera Utara",0.0,2990.0,382750500,0
2026-04-30,BBRI.JK,"BRI Raih Sertifikasi ISO/IEC 25000, Pertama di Indonesia - Bloomberg Technoz",0.0,2990.0,382750500,0
2026-04-30,BBRI.JK,RS USU Receives CSR Support from Bank BRI to Enhance Healthcare Services - Universitas Sumatera Utara,0.0,2990.0,382750500,0
2026-04-30,BBRI.JK,"BRI di Tahun Pertama Hery Gunardi: CASA Ngebut, Profitabilitas Tebal - CNBC Indonesia",0.0,2990.0,382750500,0
2026-04-30,BBRI.JK,"BRI (BBRI) Catat Laba Rp 15,5 Triliun hingga Kredit Capai Rp 1.562 Triliun per Triwulan I 2026 - InvestorTrust",0.6,2990.0,382750500,0
2026-04-30,BBRI.JK,Target Pertumbuhan Kredit 9 Persen dari Bank Rakyat Indonesia untuk Sepanjang Tahun 2026 - USAID IUWASH Tangguh,0.6,2990.0,382750500,0
2026-04-30,BBRI.JK,Sinergi BRI dan Polda NTT: Satu Unit Ambulans Baru Perkuat Layanan Kesehatan dan Respons Darurat - DIVISI HUMAS POLRI,0.0,2990.0,382750500,0
2026-04-29,BBRI.JK,"Lo Kheng Hong Buktikan Cuan di Saham Bank BUMN, BBRI Paling Kencang - CNBC Indonesia",0.0,3070.0,180641600,0
2026-04-29,BBRI.JK,"Payout Tembus 92%, BBRI Jadi Emiten Paling Royal Bagi Dividen - Market - Bloomberg Technoz",0.6,3070.0,180641600,0
2026-04-29,BBRI.JK,"BRI Bagikan Dividen Rp52,1 Triliun, Pemegang Saham Dapat Rp346 per Saham - Radar Surabaya Bisnis",0.6,3070.0,180641600,0
2026-04-29,BBRI.JK,"Breaking News! BRI Cetak Laba Rp 15,5 T, Naik 14% di Q1-2026 - CNBC Indonesia",0.6,3070.0,180641600,0
2026-04-28,BBRI.JK,"Net Sell Hari Ini Rp 2,34 Triliun, Investor Asing Lanjut Lepas Saham BBCA, BBRI, dan BMRI - InvestorTrust",-0.6,3070.0,232596600,0
2026-04-28,BBRI.JK,Saham BBRI Bergairah Saat IHSG Merah - Bloomberg Technoz,0.0,3070.0,232596600,0
2026-04-28,BBRI.JK,Rekomendasi dan Target Saham BBRI Usai Cetak Kenaikan Laba 17% - Bloomberg Technoz,0.6,3070.0,232596600,0
2026-04-28,BBRI.JK,"Bukti BBRI Jadi Saham Rakyat, Jumlah Investor Ritel Capai 700 Ribu - CNBC Indonesia",0.0,3070.0,232596600,0
2026-04-28,BBRI.JK,Rekomendasi dan Target Saham BBRI Usai Cetak Kenaikan Laba 17% - Market - Bloomberg Technoz,0.6,3070.0,232596600,0
2026-04-28,BBRI.JK,Potensi Gerak Saham BBRI - investor.id,0.0,3070.0,232596600,0
2026-04-27,BBRI.JK,"Net Sell Capai Rp 2,03 Triliun, Investor Asing Lanjut Buang Saham BBCA, BMRI, dan BBRI - InvestorTrust",-0.6,3050.0,216480300,1
2026-04-27,BBRI.JK,BlackRock Hingga Goldman Sachs Borong Saham BBRI - Bloomberg Technoz,0.0,3050.0,216480300,1
2026-04-27,BBRI.JK,"IHSG gagal rebound, saham BBCA dan BBRI di level terendah - IDNFinancials",0.0,3050.0,216480300,1
2026-04-27,BBRI.JK,"Investor Asing Buang Saham BBRI, BBCA, dan BMRI hingga Rp 16,1 Triliun per April, Bakal Berlanjut di Mei? - InvestorTrust",0.0,3050.0,216480300,1
2026-04-27,BBRI.JK,"BBRI Punya Fundamental Kuat, Valuasi Atraktif, Potensi Cuan Besar - Bloomberg Technoz",0.0,3050.0,216480300,1
2026-04-27,BBRI.JK,Ramalan Nasib Saham BBRI - investor.id,0.0,3050.0,216480300,1
2026-04-27,BBRI.JK,Intip Prospek Saham BBRI di Tengah Volatilitas Pasar - CNBC Indonesia,0.6,3050.0,216480300,1
2026-04-27,BBRI.JK,BlackRock Hingga Goldman Sachs Borong Saham BBRI - Market - Bloomberg Technoz,0.0,3050.0,216480300,1
2026-04-27,BBRI.JK,"BRI Dukung Clash of Legends 2026, Hadirkan Pengalaman Sepak Bola Kelas Dunia bagi Nasabah - InvestorTrust",0.0,3050.0,216480300,1
2026-04-27,BBRI.JK,Transformasi BRIvolution Reignite Lambungkan Segmen Commercial BRI Tumbuh Double Digit - InvestorTrust,0.6,3050.0,216480300,1
2026-04-23,BBRI.JK,Aksi Lanjutan di Saham BBRI - investor.id,0.0,3160.0,352657300,0
2026-04-23,BBRI.JK,"Net Sell Jumbo Rp 978,65 MIliar, Asing Jual Saham BBRI dan BMRI - InvestorTrust",-0.6,3160.0,352657300,0
2026-04-23,BBRI.JK,Cobaan Berat bagi Saham BBRI - investor.id,0.0,3160.0,352657300,0
2026-04-23,BBRI.JK,Saham BBRI Termurah dalam 5 Tahun - investor.id,0.0,3160.0,352657300,0
2026-04-23,BBRI.JK,Saham BBRI Tembus Batas Bawah - investor.id,0.0,3160.0,352657300,0
2026-04-22,BBRI.JK,Ramalan Nasib Saham BBRI - investor.id,0.0,3240.0,223077500,0
2026-04-22,BBRI.JK,BRI Smashes Records with $3.2 Billion Dividend as Forbes Names it One of the World’s Best Banks - InvestorTrust,0.6,3240.0,223077500,0
2026-04-22,BBRI.JK,"BRI Kembali Raih Pengakuan Global, Masuk Daftar Bank Terbaik Dunia Versi Forbes World’s Best Banks 2026 - MetroTVNews.com",0.0,3240.0,223077500,0
2026-04-21,BBRI.JK,"BBRI Masuki Periode Ex-Date Dividen, Apa yang Perlu Diketahui Investor? - Ajaib",0.6,3270.0,398239800,0
2026-04-21,BBRI.JK,Saham BBRI Siap-siap Jadi Segini - investor.id,0.0,3270.0,398239800,0
2026-04-21,BBRI.JK,Asing Jor-joran Buang Saham BBRI - investor.id,0.0,3270.0,398239800,0
2026-04-20,BBRI.JK,"Penerawangan Saham BBRI, Ini Pucuknya - investor.id",0.0,3440.0,354461400,0
2026-04-20,BBRI.JK,Saham BBRI Mau Naik ke Sini - investor.id,0.6,3440.0,354461400,0
2026-04-20,BBRI.JK,Cum Dividen Saham BBRI Hari Ini! Rp 31 Triliun akan Ditransfer untuk Investor - KONTAN,0.6,3440.0,354461400,0
2026-04-20,BBRI.JK,"Cetak Laba Puluhan Triliun, Ini Mesin Bisnis Baru BRI Group - CNBC Indonesia",0.6,3440.0,354461400,0
2026-04-20,BBRI.JK,"Fundamental Kuat, Analis Optimis Bisnis BRI Tetap Kinclong di 2026 - CNBC Indonesia",0.0,3440.0,354461400,0
2026-04-20,BBRI.JK,BRI Integrasikan Praktik Keuangan Berkelanjutan dalam Strategi Bisnis dan Operasional - netralnews.com,0.0,3440.0,354461400,0
2026-04-20,BBRI.JK,Penentu Cuan di BBRI - investor.id,0.0,3440.0,354461400,0
2026-04-20,BBRI.JK,"Liburan di Luar Negeri Makin Hemat, BRI (BBRI) Hadirkan Promo Kartu Kredit dengan 'Cashback' Menarik - InvestorTrust",0.0,3440.0,354461400,0
2026-04-17,BBRI.JK,"Dividen BBRI 2026 Berpotensi Kasih Yield 6,2 Persen, Cek Detailnya - KabarBursa.com",0.6,3430.0,209108800,1
2026-04-16,BBRI.JK,Saham BBRI Diamuk Asing Bertubi-tubi - investor.id,0.0,3410.0,228465700,1
2026-04-16,BBRI.JK,"BRI Tebar Dividen Rp52,1 Triliun, Simak Jadwalnya! - maybanktrade.co.id",0.6,3410.0,228465700,1
2026-04-16,BBRI.JK,Peran BRI Dorong UMKM Sekaligus Jaga Daya Tarik Investor - Bloomberg Technoz,0.0,3410.0,228465700,1
2026-04-16,BBRI.JK,Peran BRI Dorong UMKM Sekaligus Jaga Daya Tarik Investor - Finansial - Bloomberg Technoz,0.0,3410.0,228465700,1
2026-04-16,BBRI.JK,Catat! Dividen BRI Rp209 per Saham Cair Mulai 8 Mei - republika.co.id,0.6,3410.0,228465700,1
2026-04-16,BBRI.JK,"Asing Net Sell Rp1,01 Triliun, Saham BBCA, BBRI, hingga BMRI Paling Banyak Dilego - Infobanknews",-0.6,3410.0,228465700,1
2026-04-16,BBRI.JK,"BRI Segera Tebar Dividen Rp52,1 T, Ini Jadwalnya - CNN Indonesia",0.6,3410.0,228465700,1
2026-04-16,BBRI.JK,BRI Bagikan Dividen Tunai Rp346 Per Saham Mulai 8 Mei 2026 - AsatuNews.co.id,0.6,3410.0,228465700,1
2026-04-16,BBRI.JK,Potensi Saham BBRI ke Pucuk - investor.id,0.0,3410.0,228465700,1
2026-04-15,BBRI.JK,"Catat Tanggalnya! Dividen BBRI Rp 52,1 Triliun Siap Dibagikan ke Pemegang Saham - InvestorTrust",0.6,3400.0,332898200,1
2026-04-15,BBRI.JK,Investor Asing Diam-diam Borong Saham BBCA dan BBRI - Bloomberg Technoz,0.0,3400.0,332898200,1
2026-04-15,BBRI.JK,"BRI Tebar Dividen Rp52,1 Triliun, ini Jadwal Lengkapnya - KabarBursa.com",0.6,3400.0,332898200,1
2026-04-15,BBRI.JK,"Kapan Dividen BRI Rp52,1 Triliun Cair? Cek Tanggalnya! - Infobanknews",0.6,3400.0,332898200,1
2026-04-15,BBRI.JK,"Dividen Bank BRI (BBRI) Cair, Berapa Uang yang Masuk ke Rekening Investor Ritel? - Kompas.com",0.6,3400.0,332898200,1
2026-04-14,BBRI.JK,"Dividen BBRI Tembus Rp52 Triliun, Cek Jadwal dan Detail Pembagiannya - Ajaib",0.6,3460.0,280543100,0
2026-04-14,BBRI.JK,"Didorong Saham BBRI dan BRPT, IHSG Melesat Nyaris 2% - Market - Bloomberg Technoz",0.0,3460.0,280543100,0
2026-04-14,BBRI.JK,Saham BBRI Diserok Asing Habis-habisan - investor.id,0.0,3460.0,280543100,0
2026-04-14,BBRI.JK,"BRI Tebar Dividen Rp 209 per Saham, Cair 8 Mei 2026 - kumparan.com - Kumparan.com",0.6,3460.0,280543100,0
2026-04-14,BBRI.JK,"BRI Mau Bagi Dividen Rp 209, Catat Tanggalnya - CNBC Indonesia",0.6,3460.0,280543100,0
2026-04-14,BBRI.JK,BBRI Bagi Dividen Final Rp 209 per Saham - Tempo.co,0.6,3460.0,280543100,0
2026-04-14,BBRI.JK,"BBRI Tebar Dividen Jumbo, Cek Jadwal Cum dan Pembayarannya - kontan.co.id",0.6,3460.0,280543100,0
2026-04-14,BBRI.JK,Jadwal Pembagian Dividen: BBRI hingga SIDO - Bloomberg Technoz,0.6,3460.0,280543100,0
2026-04-14,BBRI.JK,"BRI Sebar Dividen Final Rp 209 per Saham, Cek Jadwal Pembagiannya - Liputan6.com",0.6,3460.0,280543100,0
2026-04-14,BBRI.JK,"BRI (BBRI) Bagi Dividen Rp 52,1 T, Investor Terima Rp 346 per Saham - Kompas.com",0.6,3460.0,280543100,0
2026-04-14,BBRI.JK,Saham BBRI Tak Lagi Sama - investor.id,0.0,3460.0,280543100,0
2026-04-14,BBRI.JK,"BRI (BBRI) Bagikan Dividen Rp 346 per Saham, Cek Jadwal - Kompas.com",0.6,3460.0,280543100,0
2026-04-14,BBRI.JK,Cum Dividen BBRI - investor.id,0.6,3460.0,280543100,0
2026-04-14,BBRI.JK,Net income from continuing operations of PT Bank Rakyat Indonesia (Persero) Tbk Class B – IDX:BBRI - TradingView,0.0,3460.0,280543100,0
2026-04-13,BBRI.JK,"BBRI Bagikan Dividen Tunai Rp209 per Saham untuk Tahun Buku 2025, Ini Jadwal Lengkapnya - Bareksa.com",0.6,3370.0,176083800,1
2026-04-13,BBRI.JK,BlackRock & JPMorgan Borong Saham BBRI April 2026 - Gotrade,0.0,3370.0,176083800,1
2026-04-13,BBRI.JK,Target Baru Saham BRI (BBRI) Usai Diborong Blackrock & JP Morgan - Market - Bloomberg Technoz,0.0,3370.0,176083800,1
2026-04-13,BBRI.JK,Blackrock dan JP Morgan Borong Saham BBRI - Bloomberg Technoz,0.0,3370.0,176083800,1
2026-04-13,BBRI.JK,Blackrock dan JP Morgan Borong Saham BBRI - Market - Bloomberg Technoz,0.0,3370.0,176083800,1
2026-04-13,BBRI.JK,Bank Rakyat Indonesia (Persero) Tbk Siap Bagikan Dividen Tunai Rp209 per Saham. Cek Jadwalnya di Sini! - pasardana.id,0.6,3370.0,176083800,1
2026-04-13,BBRI.JK,"Jangan Lupa! Saham Blue Chip Ini Akan Bayar Dividen Jumbo Rp 52 T, Cek Rinciannya - TradingView",0.6,3370.0,176083800,1
2026-04-13,BBRI.JK,Target Baru Saham BRI (BBRI) Usai Diborong Blackrock & JP Morgan - Bloomberg Technoz,0.0,3370.0,176083800,1
2026-04-13,BBRI.JK,"Rekomendasi BRI Danareksa Senin (13/4): Buy Saham EMTK, JPFA, PADI, dan Sell KUAS - kontan.co.id",0.0,3370.0,176083800,1
2026-04-13,BBRI.JK,BCA Sekuritas - BCA Sekuritas,0.0,3370.0,176083800,1
2026-04-13,BBRI.JK,Potensi Naik Saham BBRI - investor.id,0.6,3370.0,176083800,1
2026-04-13,BBRI.JK,"BRI Salurkan KPR Subsidi Rp 17,13 T, Dorong Hunian MBR dan Ekonomi Daerah - Kompas.com",0.0,3370.0,176083800,1
2026-04-13,BBRI.JK,BRI Jadi Bank Pertama di Indonesia yang Meraih ISO/IEC 25000 - KabarBursa.com,0.0,3370.0,176083800,1
2026-04-10,BBRI.JK,"RUPST BRI Sahkan Dividen Rp52,1 Triliun dan Penguatan Kinerja - Bloomberg Technoz",0.6,3390.0,353451500,0
2026-04-10,BBRI.JK,"BRI (BBRI) Sepakat Bagi Dividen 2025 Rp52,1 Triliun - Bloomberg Technoz",0.6,3390.0,353451500,0
2026-04-10,BBRI.JK,"BRI Sepakat Tebar Dividen Rp52,10 Triliun, 91 Persen dari Laba 2025 - Infobanknews",0.6,3390.0,353451500,0
2026-04-10,BBRI.JK,"RUPST BRI 2026: Setujui Dividen Rp52,1 Triliun, Setara 92 Persen dari Laba Bersih - Stabilitas.id",0.6,3390.0,353451500,0
2026-04-10,BBRI.JK,Hasil RUPST BRI (BBRI): Dividen Rp346 per Lembar hingga Perubahan Saham Negara - Bisnis.com,0.6,3390.0,353451500,0
2026-04-10,BBRI.JK,BRI Alihkan Saham BRI-MI dan PNM-IM ke Danantara Asset Management - Infobanknews,0.0,3390.0,353451500,0
2026-04-10,BBRI.JK,"BRI Tebar Dividen Tunai Rp52,1 Triliun, Setara Rp34 per Saham Oleh Warta Ekonomi - Investing.com Indonesia",0.6,3390.0,353451500,0
2026-04-10,BBRI.JK,Alasan BRI Alihkan Manajemen Investasi ke Danantara - Tempo.co,0.0,3390.0,353451500,0
2026-04-10,BBRI.JK,BRI Alihkan Saham BRI-MI dan PNM-IM ke Danantara Investment Management - nusantaratv.com,0.0,3390.0,353451500,0
2026-04-10,BBRI.JK,"BRI (BBRI) Tebar Dividen Final Rp207 per Saham, Yield Capai 6,1 Persen - IDX Channel",0.6,3390.0,353451500,0
2026-04-10,BBRI.JK,"BRI Mau Gelar RUPST 10 April 2026, Siap Tebar Dividen Jumbo? - Infobanknews",0.6,3390.0,353451500,0
2026-04-10,BBRI.JK,BRI Umumkan Pengalihan Saham BRI-MI Dan PNM-IM Ke Danantara - Validnews,0.0,3390.0,353451500,0
2026-04-10,BBRI.JK,"Momen Penting BBRI, Pemegang Saham Siap-siap - investor.id",0.0,3390.0,353451500,0
2026-04-10,BBRI.JK,BRI Lepas Saham BRI Manajemen Investasi dan PNM Investment Management ke Danantara Asset Management - Kompas.com,0.0,3390.0,353451500,0
2026-04-10,BBRI.JK,"BRI (BBRI) Putuskan Bagi Dividen Rp52,1 Triliun - Bisnis.com",0.6,3390.0,353451500,0
2026-04-10,BBRI.JK,"RUPST BRI 2026 Tetapkan Dividen Rp52,1 Triliun, Ciptakan Nilai Tambah bagi Pemegang Saham - kabarsulteng.id",0.6,3390.0,353451500,0
2026-04-10,BBRI.JK,"BBRI Ketok Dividen Final, Segini per Sahamnya - investor.id",0.6,3390.0,353451500,0
2026-04-10,BBRI.JK,"BRI Buka Akses e-RUPS, Pemegang Saham Bisa Voting Daring - Bloomberg Technoz",0.0,3390.0,353451500,0
2026-04-10,BBRI.JK,"Dividen Jumbo BBRI Rp52,1T Setara 92 Persen Laba, Yield 6,1 Persen - Emitennews.com",0.6,3390.0,353451500,0
2026-04-10,BBRI.JK,Kontradiksi di Saham BBRI - investor.id,0.0,3390.0,353451500,0
2026-04-10,BBRI.JK,"BBRI Lepas 2 Entitas Investasi Rp1,32 T ke Danantara, Ini Alasannya - Bisnis.com",0.0,3390.0,353451500,0
2026-04-10,BBRI.JK,"Saham Bank Blue Chip Ini Umumkan Dividen Jumbo,Yield 3X Bunga Deposito - TradingView",0.6,3390.0,353451500,0
2026-04-09,BBRI.JK,Asing Sudah Buang BUMI hingga BBRI di Perdagangan Midday - KabarBursa.com,0.0,3280.0,319141400,1
2026-04-09,BBRI.JK,"Pegang Saham DSSA, BRPT hingga TPIA, Reksadana Indeks BRI Melesat - Bareksa.com",0.0,3280.0,319141400,1
2026-04-09,BBRI.JK,"Dominasi Bank ASEAN di Global 500, BRI Tampil sebagai Kebanggaan Indonesia - Suarajatim.id",0.0,3280.0,319141400,1
2026-04-09,BBRI.JK,"Sinergi Penanganan Kredit Bermasalah, BRI RO 15 Gandeng Kejaksaan Negeri Makassar - Rakyat Sulsel",0.0,3280.0,319141400,1
2026-04-09,BBRI.JK,"KPR Bank Rakyat Indonesia Diminati Warga Bojonegoro, Nasabah Nilai Proses Cepat dan Cicilan Ringan - Bojonegoro.com",0.0,3280.0,319141400,1
2026-04-09,BBRI.JK,"BRI Jadi Merek Paling Bernilai di Indonesia, Masuk Daftar “Global 500 2026” Brand Finance - InvestorTrust",0.0,3280.0,319141400,1
2026-04-09,BBRI.JK,"Profil Hery Gunardi, Dirut BRI dengan Sederet Prestasi bagi BBRI - KabarBursa.com",0.0,3280.0,319141400,1
2026-04-08,BBRI.JK,"IHSG Melesat, Saham BBRI Naik 3,4% ke Level Rp3.340 - Bloomberg Technoz",0.6,3340.0,416112900,0
2026-04-08,BBRI.JK,"IHSG Melesat, Saham BBRI Naik 3,4% ke Level Rp3.340 - Market - Bloomberg Technoz",0.6,3340.0,416112900,0
2026-04-08,BBRI.JK,"Danantara Akuisisi Manajer Investasi Milik Mandiri, BNI, BRI - Tempo.co",0.0,3340.0,416112900,0
2026-04-08,BBRI.JK,Saham BBRI Bisa Naik Sampai Segini - investor.id,0.6,3340.0,416112900,0
2026-04-07,BBRI.JK,"BBRI Punya Fundamental Kuat, Valuasi Atraktif, Potensi Cuan Besar - Market - Bloomberg Technoz",0.0,3230.0,273842700,1
2026-04-07,BBRI.JK,Target Baru Saham BBRI Usai Bocoran Dividen Tahun 2025 - Bloomberg Technoz,0.6,3230.0,273842700,1
2026-04-07,BBRI.JK,Saham BBRI Cs Jatuh Gara-gara Ini - investor.id,0.0,3230.0,273842700,1
2026-04-06,BBRI.JK,Saham BBRI Kenapa Merah Lagi? - investor.id,0.0,3310.0,184143400,0
2026-04-01,BBRI.JK,"BRI (BBRI) Lepas Dua Mesin Investasi ke Danantara, Nilainya Rp1,32 Triliun - KabarBursa.com",0.0,3350.0,279604500,0
2026-04-01,BBRI.JK,"BBCA, BBRI, INDF, ANTM hingga AMMN Masuk Daftar Buy Hari Ini - TopBusiness.id",0.0,3350.0,279604500,0
2026-04-01,BBRI.JK,"IHSG Melesat 2,24% Berkat Saham BBRI, BBCA, Hingga EMAS - Bloomberg Technoz",0.0,3350.0,279604500,0
2026-03-31,BBRI.JK,"Selama Sebulan Saham BRI Turun 12,3 persen - RRI.co.id",-0.6,3330.0,298589200,1
2026-03-31,BBRI.JK,Ramalan Nasib BBRI BBCA Cs - investor.id,0.0,3330.0,298589200,1
2026-03-30,BBRI.JK,"IHSG melemah tertekan saham bank, dolar AS tembus Rp17.002 - IDNFinancials",-0.6,3360.0,317467700,0
2026-03-30,BBRI.JK,"Asing Gencar Jual GOTO dan BBRI, Akumulasi Terbatas di Saham Komoditas - KabarBursa.com",-0.6,3360.0,317467700,0
2026-03-30,BBRI.JK,Saham BBRI Jangan-jangan ke Sini - investor.id,0.0,3360.0,317467700,0
2026-03-30,BBRI.JK,Nasib Saham BBRI - investor.id,0.0,3360.0,317467700,0
2026-03-30,BBRI.JK,Proyeksi Pergerakan IHSG Terbatas Simak Daftar 5 Rekomendasi Saham BRI Sekuritas 2026 - Desakarangbendo.id,0.0,3360.0,317467700,0
2026-03-27,BBRI.JK,Saham Murah BBRI - investor.id,0.0,3420.0,207067900,0
2026-03-26,BBRI.JK,"BBRI Targetkan Dividen Rp52 Triliun, Fokus Jaga CAR di Level 20 Persen - Stabilitas.id",0.6,3490.0,162060500,0
2026-03-26,BBRI.JK,Persiapan Dividen Rp 206 per Saham - investor.id,0.6,3490.0,162060500,0
2026-03-26,BBRI.JK,"Nasib Saham Bank di 2026, Masihkah Menarik Dikoleksi? - CNBC Indonesia",0.0,3490.0,162060500,0
2026-03-26,BBRI.JK,Potensi Penguatan IHSG Terus Berlanjut dan 5 Pilihan Saham BRI Sekuritas 26 Maret 2026 - Desakarangbendo.id,0.0,3490.0,162060500,0
2026-03-25,BBRI.JK,"Aba-Aba Dividen Jumbo BBRI Rp52,56 Triliun! Setara 92 Persen Laba 2025 - Lotus Andalan Sekuritas",0.6,3540.0,379422800,0
2026-03-25,BBRI.JK,Saham BBRI Terpukul Aksi Jual Asing - investor.id,-0.6,3540.0,379422800,0
2026-03-25,BBRI.JK,Arah Saham BBRI dan Dividennya - investor.id,0.6,3540.0,379422800,0
2026-03-25,BBRI.JK,"TLKM, ASII & BMRI Melesat, Reksadana Indeks BRI & Syailendra Lompat 4,8% Sehari - Bareksa.com",0.0,3540.0,379422800,0
2026-03-25,BBRI.JK,Laba BRI Naik 17% per Februari 2026 - kontan.co.id,0.6,3540.0,379422800,0
2026-03-25,BBRI.JK,"BRI (BBRI) Usul Dividen Final Rp 206,4 per Saham - investor.id",0.6,3540.0,379422800,0
2026-03-25,BBRI.JK,Laba BRI (BBRI) Tumbuh 17% hingga Februari 2026 - investor.id,0.6,3540.0,379422800,0
2026-03-17,BBRI.JK,"Rekomendasi Saham Hari Ini AMRT, ASII, BBRI & CBDK, IHSG Diprediksi Rebound - Bareksa.com",0.0,3480.0,204208500,1
2026-03-17,BBRI.JK,"Bonus Medali Asean Para Games ke-13 Ditransfer Langsung Hari Ini, - Kementerian Pemuda dan Olahraga",0.0,3480.0,204208500,1
2026-03-17,BBRI.JK,BRI Tuban Salurkan 1.500 Paket Sembako - Tuban Smart City,0.0,3480.0,204208500,1
2026-03-17,BBRI.JK,"Libur Lebaran 2026: Ini Jadwal Operasional Bank Mandiri, BRI, BNI, dan BSI - Infobanknews",0.0,3480.0,204208500,1
2026-03-16,BBRI.JK,"Saham BBRI Diskon Cukup Besar, Harga Harusnya Segini - investor.id",0.0,3480.0,160328700,0
2026-03-16,BBRI.JK,BBRI Buka-bukaan soal Dividen - investor.id,0.6,3480.0,160328700,0
2026-03-13,BBRI.JK,Saham BBRI Jangan-jangan Tembus ke Sini - investor.id,0.0,3510.0,159393900,0
2026-03-13,BBRI.JK,Penyebab Saham BBRI BMRI Cs Anjlok - investor.id,-0.6,3510.0,159393900,0
2026-03-13,BBRI.JK,Bupati Pohuwato Terima Silaturahmi Kepala BRI Cabang Marisa - prokopim.pohuwatokab.go.id,0.0,3510.0,159393900,0
2026-03-12,BBRI.JK,"Ramalan Saham BBRI, Dividen Finalnya Bisa Segini - investor.id",0.6,3570.0,141366700,0
2026-03-12,BBRI.JK,"Bhabinkamtibmas Kalurahan Tirtonirmolo Sambangi BRI Unit Tirtonirmolo, Sampaikan Pesan Kamtibmas - Polda DIY",0.0,3570.0,141366700,0
2026-03-12,BBRI.JK,Catat! Berikut Jadwal Operasional BRI Selama Libur Lebaran 2026 - kontan.co.id,0.0,3570.0,141366700,0
2026-03-12,BBRI.JK,"Silaturahmi dengan BRI KCP Pulau Buru, Kemenag Buru Perkuat Kolaborasi Layanan dan Kesejahteraan Pegawai - Kementerian Agama",0.0,3570.0,141366700,0
2026-03-12,BBRI.JK,BRI Pastikan Kemudahan Transaksi Selama Periode Libur Lebaran 2026 - CNBC Indonesia,0.0,3570.0,141366700,0
2026-03-11,BBRI.JK,"BBCA, BBRI, BMRI, BBNI: Saham Diskon dengan Potensi Dividen Jumbo - Bisnis Indonesia Premium",0.6,3580.0,100862200,0
2026-03-11,BBRI.JK,Saham BBRI Siap-siap Jadi Segini - investor.id,0.0,3580.0,100862200,0
2026-03-11,BBRI.JK,bangun kolaborasi strategis kajati sulsel terima kunjungan j ... - Kejaksaan Agung,0.0,3580.0,100862200,0
2026-03-10,BBRI.JK,"BBCA, BBRI, BMRI, hingga BBNI Awali 2026 dengan Kinerja Kuat, Bagaimana Prospek Saham Bank? - Ajaib",0.6,3560.0,175353400,1
2026-03-10,BBRI.JK,"Saham Bank Pilihan saat Ada Risiko Geopolitik: BBCA, BBRI atau BRIS? - Bisnis Indonesia Premium",-0.6,3560.0,175353400,1
2026-03-10,BBRI.JK,Mengintip Nasib Saham Bank BMRI-BBRI Cs di 2026 - IDX Channel,0.0,3560.0,175353400,1
2026-03-10,BBRI.JK,Nasib Saham BBRI - investor.id,0.0,3560.0,175353400,1
2026-03-10,BBRI.JK,Saham BBRI Siap-siap ke Sini dalam Sekejap - investor.id,0.0,3560.0,175353400,1
2026-03-10,BBRI.JK,Pusat Karir dan Inkubator Bisnis UM Metro Fasilitasi Walk In Interview PKSS untuk Rekrutmen Penempatan di Bank BRI - Universitas Muhammadiyah Metro,0.0,3560.0,175353400,1
2026-03-10,BBRI.JK,"BRI (BBRI) Salurkan Kredit Program Perumahan Rp 2,3 Triliun hingga Februari 2026 - InvestorTrust",0.0,3560.0,175353400,1
2026-03-09,BBRI.JK,"BBRI Diterawang Lagi, Harga Saham Harusnya Segini - investor.id",0.0,3570.0,215587500,0
2026-03-09,BBRI.JK,"IHSG Senin (9/3) Rawan Koreksi, Cermati Rekomendasi Saham dari BRI Sekuritas Oleh Warta Ekonomi - Investing.com Indonesia",0.0,3570.0,215587500,0
2026-03-06,BBRI.JK,Target Harga Saham BRI (BBRI) Diproyeksikan Segini - SWA.co.id,0.0,3670.0,136987800,0
2026-03-06,BBRI.JK,"Saham Big Banks Kompak Anjlok Dalam Sepekan, BBRI Turun Paling Dalam - TradingView",-0.6,3670.0,136987800,0
2026-03-06,BBRI.JK,"Rangkuman Rekomendasi Saham Hari Ini, 6 Maret 2026 - Bloomberg Technoz",0.0,3670.0,136987800,0
2026-03-06,BBRI.JK,"Pemicu Saham BMRI, BBRI, BBCA Anjlok - investor.id",-0.6,3670.0,136987800,0
2026-03-06,BBRI.JK,"Dominasi Eksposur Media Digital, PT Bank Rakyat Indonesia Raih Indonesia Top Digital PR Award 2026 - infobrand.id",0.0,3670.0,136987800,0
2026-03-05,BBRI.JK,IHSG Hari Ini Berpeluang Rebound? Cek Proyeksi dan Rekomendasi Saham dari BRI Sekuritas Oleh Warta Ekonomi - Investing.com Indonesia,0.0,3750.0,96625300,0
2026-03-05,BBRI.JK,"Transaction Banking BRI Tumbuh Impresif, Dorong Penguatan Dana Murah - SUARANTB.com",0.6,3750.0,96625300,0
2026-03-05,BBRI.JK,Strategi BRI Genjot Pertumbuhan Dana Murah - Infobanknews,0.6,3750.0,96625300,0
2026-03-04,BBRI.JK,"Asing Net Sell Rp20,33 Triliun, Saham ANTM, BBRI hingga AADI Paling Banyak Dilego - Infobanknews",-0.6,3690.0,215656600,1
2026-03-04,BBRI.JK,"Laba Bank Rakyat Indonesia (BBRI) Melonjak 85% di Januari, Sahamnya Disarankan untuk Dibeli - USAID IUWASH Tangguh",0.6,3690.0,215656600,1
2026-03-04,BBRI.JK,"Ingatkan Berkah Ramadan, PN Maros Berhasil Damaikan Sengketa BRI vs Debitur - Dandapala Digital",0.0,3690.0,215656600,1
2026-03-03,BBRI.JK,"Laba Januari Melejit 85%, Saham Bank Rakyat Indonesia (BBRI) Layak Buy - TradingView",0.6,3770.0,113600400,0
2026-03-03,BBRI.JK,Beda Rekomendasi JP Morgan & Sederet Sekuritas untuk Saham BBRI - Bisnis Indonesia Premium,0.0,3770.0,113600400,0
2026-03-03,BBRI.JK,Saham BBRI Anjlok Gara-gara Ini - investor.id,-0.6,3770.0,113600400,0
2026-03-03,BBRI.JK,"Laba BRI (BBRI) Naik 85% di Januari 2026, Kredit Tumbuh 12% - kontan.co.id",0.6,3770.0,113600400,0
2026-03-02,BBRI.JK,"10 Saham Diborong Investor Asing dalam Sepekan, BBRI Terbesar - Bloomberg Technoz",0.0,3820.0,204655700,0
2026-03-02,BBRI.JK,"BBRI Gelar RUPST 10 April 2026, Sinyal Dividen Lebih Tinggi Meski Laba 2025 Turun - kontan.co.id",0.6,3820.0,204655700,0
2026-03-02,BBRI.JK,"Polsek Kasihan Patroli Sambang BRI Unit Ngestiharjo, Tingkatkan Keamanan Objek Vital Perbankan - Polda DIY",0.0,3820.0,204655700,0
2026-02-27,BBRI.JK,"Rekomendasi Saham Tim Analis Bareksa 27 Februari: BBRI, AADI & ADRO, IHSG Diprediksi Menguat - Bareksa.com",0.6,3910.0,263179300,0
2026-02-27,BBRI.JK,"Asing buang saham GOTO hingga BBRI, IHSG turun 0,31% di sesi I - IDNFinancials",-0.6,3910.0,263179300,0
2026-02-27,BBRI.JK,"Saham BBRI Disosor Terus, Harganya Bisa Mentok ke Sini - investor.id",0.0,3910.0,263179300,0
2026-02-27,BBRI.JK,BBRI Optimalkan Permodalan & Potensi Dividen - maybanktrade.co.id,0.6,3910.0,263179300,0
2026-02-27,BBRI.JK,Target Anyar Saham BBRI usai Rilis Kinerja 2025 - Bisnis Indonesia Premium,0.0,3910.0,263179300,0
2026-02-27,BBRI.JK,"IHSG Hari Ini Diproyeksi Lanjut Koreksi, Cek Rekomendasi Saham dari BRI Sekuritas Oleh Warta Ekonomi - Investing.com Indonesia",0.0,3910.0,263179300,0
2026-02-27,BBRI.JK,"Bank Rakyat Indonesia (BBRI) Rilis Social Bond Rp 5 Triliun, Kupon Maksimal 5,95% - kontan.co.id",0.0,3910.0,263179300,0
2026-02-27,BBRI.JK,"Patroli Obyek Perbankan, Polsek Sananwetan Sambangi Mesin ATM BRI Cegah Kriminalitas - DIVISI HUMAS POLRI",0.0,3910.0,263179300,0
2026-02-27,BBRI.JK,"DPK BRI Tembus Rp1.466 Triliun, CASA Naik & Biaya Dana Makin Efisien - CNBC Indonesia",0.6,3910.0,263179300,0
2026-02-27,BBRI.JK,Patroli Obvit Perbankan dan Toko Modern Di Wilayah Hukum Polsek Cipeundeuy Polres Subang - DIVISI HUMAS POLRI,0.0,3910.0,263179300,0
2026-02-27,BBRI.JK,Rekam Jejak Laba BRI dalam 18 Tahun: dari Rp6 T Kini Tembus Rp 57 T - CNBC Indonesia,0.6,3910.0,263179300,0
2026-02-27,BBRI.JK,Kinerja Keuangan PT Bank Rakyat Indonesia (Persero) Tbk (BBRI) Tahun 2025 - PintarSaham,0.0,3910.0,263179300,0
2026-02-26,BBRI.JK,"Net Buy Berlanjut Rp 341,25 Miliar, Asing Borong Saham NCKL hingga BBRI - InvestorTrust",0.0,3950.0,146158100,0
2026-02-26,BBRI.JK,"🏦 BBRI 2025: Laba Bersih -5% YoY, Sejalan Ekspektasi - Stockbit Snips",0.6,3950.0,146158100,0
2026-02-26,BBRI.JK,"BBRI cetak laba bersih Rp57,13 triliun sepanjang 2025 - IDNFinancials",0.6,3950.0,146158100,0
2026-02-26,BBRI.JK,Rekomendasi dan Target Harga Saham BBRI Usai Cetak Laba Rp57 T - Bloomberg Technoz,0.6,3950.0,146158100,0
2026-02-26,BBRI.JK,Kinerja Saham Bank BRI (BBRI) Melemah Usai Melaporkan Kinerja 2025 - kontan.co.id,-0.6,3950.0,146158100,0
2026-02-26,BBRI.JK,"Laba Rp 57 Triliun, Berapa Dividen yang Dibagi BRI? - CNBC Indonesia",0.6,3950.0,146158100,0
2026-02-26,BBRI.JK,Ada-ada Saja Ulah Investor di Saham BBRI - investor.id,0.0,3950.0,146158100,0
2026-02-26,BBRI.JK,BRI (BBRI) Beri Sinyal Kuat Kerek Rasio Dividen Lebih Tinggi - Market - Bloomberg Technoz,0.6,3950.0,146158100,0
2026-02-26,BBRI.JK,"BRI (BBRI) Optimistis Kinerja 2026 Makin Baik, Bidik Pertumbuhan Kredit 9% - InvestorTrust",0.6,3950.0,146158100,0
2026-02-26,BBRI.JK,BRI (BBRI) Cetak Laba Rp57 T Sepanjang 2025 - Bloomberg Technoz,0.6,3950.0,146158100,0
2026-02-26,BBRI.JK,BRI (BBRI) Bakal Tetap Bagikan Dividen Jumbo - IDX Channel,0.6,3950.0,146158100,0
2026-02-26,BBRI.JK,"Musim Dividen Bank Dimulai, Ini Rencana Pembagian Dividen Big Banks - TradingView",0.6,3950.0,146158100,0
2026-02-26,BBRI.JK,"Lampaui Rata-rata Industri, Kredit BRI Tumbuh 12,3% - Bloomberg Technoz",0.6,3950.0,146158100,0
2026-02-26,BBRI.JK,BRI Targetkan Pertumbuhan Kinerja pada 2026 - Tempo.co,0.6,3950.0,146158100,0
2026-02-26,BBRI.JK,Bos BRI (BBRI) Ungkap Emas Jadi Mesin Pertumbuhan Baru - CNBC Indonesia,0.6,3950.0,146158100,0
2026-02-26,BBRI.JK,"BRI (BBRI) Bukukan Laba Rp57,13 Triliun sepanjang 2025 - Bisnis.com",0.6,3950.0,146158100,0
2026-02-26,BBRI.JK,Laba 10 Anak Usaha BRI Capai Rp10 Triliun - CNBC Indonesia,0.6,3950.0,146158100,0
2026-02-26,BBRI.JK,"Adu Hebat Kinerja 5 Bank Himbara: BRI, BNI Hingga Mandiri Siapa Juara? - CNBC Indonesia",0.0,3950.0,146158100,0
2026-02-25,BBRI.JK,"IHSG Naik 0,5% ke Level 8.322 Ditopang Kinerja Saham BBRI - CNBC Indonesia",0.6,3970.0,263027700,0
2026-02-25,BBRI.JK,"Saham BBRI & BMRI Diborong Investor Global, Apa Artinya? - Ajaib",0.0,3970.0,263027700,0
2026-02-25,BBRI.JK,BlackRock & Pemodal Jumbo yang Utak-atik Saham BBRI hingga BMRI - Bisnis Indonesia Premium,0.0,3970.0,263027700,0
2026-02-25,BBRI.JK,Harga Saham BBRI Naik Gara-gara Ini - investor.id,0.6,3970.0,263027700,0
2026-02-25,BBRI.JK,"Saham Lagi Murah Disosor Asing, Labanya Gak Main-main - investor.id",0.6,3970.0,263027700,0
2026-02-25,BBRI.JK,"IHSG Menguat ke 8.322, Saham Perbankan Dipimpin Bank Rakyat Indonesia Cs Jadi Motor Penggera - Terkininews.com",0.6,3970.0,263027700,0
2026-02-25,BBRI.JK,"Berburu Cuan Dividen Bank Besar, Intip Potensi Yield Dividen BBCA, BMRI, BBRI, & BBNI - KONTAN",0.6,3970.0,263027700,0
2026-02-25,BBRI.JK,Bank Rakyat Indonesia KC Masamba Gelar Pelayanan Perubahan Data Nasabah Bansos Penerima Sembako di Kabupaten Luwu Utara - palopopos,0.0,3970.0,263027700,0
2026-02-25,BBRI.JK,"Rilis Besok, Begini Kisi-Kisi Kinerja BRI (BBRI) 2025 - Bisnis.com",0.0,3970.0,263027700,0
2026-02-25,BBRI.JK,Duit Asing Menggunung di Saham BBRI - investor.id,0.0,3970.0,263027700,0
2026-02-24,BBRI.JK,Gerak-gerik Asing di Saham BBRI dan BMRI - investor.id,0.0,3870.0,191295900,1
2026-02-24,BBRI.JK,"Investor Asing Getol Borong 10 Saham Ini, Termasuk BBRI dan BMRI - Bloomberg Technoz",0.0,3870.0,191295900,1
2026-02-23,BBRI.JK,"Asing borong BIPI hingga BBRI, IHSG menguat 1,36% di sesi I - IDNFinancials",0.6,3900.0,189611200,0
2026-02-23,BBRI.JK,"Saham BBRI Jadi Perhatian, Jangan-jangan ke Sini Harganya - investor.id",0.0,3900.0,189611200,0
2026-02-23,BBRI.JK,"BULL Dinilai Masih dalam Tren Bullish, Bisa Sentuh Harga Segini - KabarBursa.com",0.0,3900.0,189611200,0
2026-02-20,BBRI.JK,"Saham Big Banks Kompak Menghijau Jumat (20/2), BBRI Pimpin Kenaikan 1,86% - kontan.co.id",0.6,3840.0,191533500,1
2026-02-20,BBRI.JK,"BI Sebut Perbankan RI Kuat, Cek Rekomendasi Saham BBRI, BMRI, Dkk - Bloomberg Technoz",0.0,3840.0,191533500,1
2026-02-20,BBRI.JK,"IHSG Diramal Menguat Terbatas, Cermati Rekomendasi Saham dari BRI Danareksa Oleh Warta Ekonomi - Investing.com Indonesia",0.6,3840.0,191533500,1
2026-02-19,BBRI.JK,"Harga Saham Bank Blue Chip Merosot Karena BI Rate Tak Turun, Pilih Beli / Jual? - TradingView",-0.6,3770.0,154562300,1
2026-02-19,BBRI.JK,"Bos BRI Ungkap Kondisi Bank RI di 2026 Solid, Ini Buktinya - CNBC Indonesia",0.0,3770.0,154562300,1
2026-02-18,BBRI.JK,Video: Bedah Investasi Berpeluang Cuan-Efek Free Float Saham Jadi 15% - CNBC Indonesia,0.0,3830.0,135223700,0
2026-02-18,BBRI.JK,MEDIA CENTER - PEMERINTAH KABUPATEN TEMANGGUNG,0.0,3830.0,135223700,0
2026-02-18,BBRI.JK,"Imlek 2026, Bank Rakyat Indonesia BO Tebingtinggi Hadirkan Nuansa Merah Penuh Makna - Sumut Pos",0.0,3830.0,135223700,0
2026-02-13,BBRI.JK,"Target Harga Saham Indosat (ISAT) Dipertahankan Rp 3.000, Sejumlah Faktor Ini Jadi Pendukung - InvestorTrust",0.0,3780.0,144473700,1
2026-02-12,BBRI.JK,"Kinerja Saham Big Banks Kamis (12/2): BMRI dan BBNI Menguat, BBCA dan BBRI Melemah - kontan.co.id",0.0,3790.0,185678800,0
2026-02-11,BBRI.JK,"Rekomendasi Saham Hari Ini: BBRI, EMTK, PGEO, PWON dan Prediksi IHSG 11 Februari 2026 - Bareksa.com",0.0,3800.0,147378100,0
2026-02-11,BBRI.JK,"Saham BMRI, BBCA, BBNI di Zona Merah, BBRI dan BBTN Menguat Ini Analisanya! - kontan.co.id",0.6,3800.0,147378100,0
2026-02-10,BBRI.JK,"Prospek ADRO, BBRI, dan BMRI Cs, Emiten Pembagi Dividen per Saham Terbesar Januari 2026 - Bisnis Indonesia Premium",0.6,3780.0,181835800,1
2026-02-10,BBRI.JK,"Optimalkan Peran Jaksa Pengacara Negara, Kejati NTT dan BRI Pulihkan Keuangan Negara Rp11,2 Miliar - kejaksaan tinggi ntt",0.0,3780.0,181835800,1
2026-02-09,BBRI.JK,Saham BBRI Merah Gara-gara Ini - investor.id,0.0,3770.0,215606400,1
2026-02-09,BBRI.JK,Bos BRI (BBRI) Bicara Rencana Purbaya Mau Akuisisi Anak Usaha - Bloomberg Technoz,0.0,3770.0,215606400,1
2026-02-09,BBRI.JK,"BRImo Perkenalkan Fitur QRIS Tap, Permudah Pembayaran TransJakarta - pasardana.id",0.0,3770.0,215606400,1
2026-02-09,BBRI.JK,"Saham Big Bank Lesu, Begini Rekomendasi dari Analis - TradingView",0.0,3770.0,215606400,1
2026-02-06,BBRI.JK,"Moody’s revisi outlook 5 saham bank RI, IHSG terburuk di Asia - IDNFinancials",0.0,3780.0,279127200,0
2026-02-06,BBRI.JK,"Moody’s Ubah Outlook RI, Saham Minim Asing Dinilai Lebih Menarik - Bloomberg Technoz",0.0,3780.0,279127200,0
2026-02-05,BBRI.JK,Saham BBRI Loncat Gara-gara Ini - investor.id,0.0,3850.0,342757200,0
2026-02-05,BBRI.JK,Respons Danantara Usai Purbaya Mau Beli PNM BRI Demi KUR - Bloomberg Technoz,0.0,3850.0,342757200,0
2026-02-05,BBRI.JK,BRI Unit Waghete Resmi Berpindah Lokasi Demi Kenyamanan Nasabah - Papuaposnabire,0.0,3850.0,342757200,0
2026-02-04,BBRI.JK,"Peluang Rebound IHSG Terbuka, Cek Rekomendasi Saham AMMN, BBRI, TKIM & WIFI - Bareksa.com",0.0,3870.0,251005600,0
2026-02-04,BBRI.JK,Empat Saham Perbankan ini Diburu Asing di Sesi Pertama Perdagangan - KabarBursa.com,0.0,3870.0,251005600,0
2026-02-04,BBRI.JK,Saham BBRI Jadi Rebutan Asing - investor.id,0.0,3870.0,251005600,0
2026-02-04,BBRI.JK,kasi perdata dan tun menggelar entry meeting bersama pt bank ... - Kejaksaan Agung,0.0,3870.0,251005600,0
2026-02-03,BBRI.JK,"Saham BRI, BNI & Mandiri Ngebut, Ini Ramalan Harga Terbaru dari Analis - CNBC Indonesia",0.0,3800.0,201224300,1
2026-02-02,BBRI.JK,Perhatikan Area Kunci INDF: BRI Danareksa Kasih Strategi ini - KabarBursa.com,0.0,3830.0,334659200,0
2026-01-29,BBRI.JK,"Saham Big Banks Kompak Menguat, BBRI Pimpin Kenaikan Kamis (29/1) - TradingView",0.6,3780.0,781321200,1
2026-01-29,BBRI.JK,"Saham Big Banks Kompak Menguat, BBRI Pimpin Kenaikan Kamis (29/1) - kontan.co.id",0.6,3780.0,781321200,1
2026-01-29,BBRI.JK,"Saham BBRI Menguat 5%, Bantu IHSG Bangun Pijakan untuk Rebound - Bloomberg Technoz",0.6,3780.0,781321200,1
2026-01-29,BBRI.JK,Saham BBRI dan BREN Berperan Buat Koreksi IHSG Menyusut - Bloomberg Technoz,0.0,3780.0,781321200,1
2026-01-29,BBRI.JK,"Saat IHSG Merah, Saham BBRI Justru Bergairah - Market - Bloomberg Technoz",0.0,3780.0,781321200,1
2026-01-29,BBRI.JK,"Saat IHSG Merah, Saham BBRI Justru Bergairah - Bloomberg Technoz",0.0,3780.0,781321200,1
2026-01-28,BBRI.JK,BBRI Jadi Saham Murah - investor.id,0.0,3590.0,726740400,1
2026-01-28,BBRI.JK,"Prospek Saham BBCA 2026: Analis Kompak Rekomendasi Beli, Kenapa? - kontan.co.id",0.6,3590.0,726740400,1
2026-01-26,BBRI.JK,"Rekomendasi Saham Tim Analis Bareksa: AKRA, MEDC & BBRI, IHSG Diprediksi Positif - Bareksa.com",0.6,3850.0,120002700,0
2026-01-26,BBRI.JK,Bisikan Target Saham BBRI Terbaru Usai Revisi 3 Sekuritas Januari 2026 - Bisnis Indonesia Premium,0.0,3850.0,120002700,0
2026-01-26,BBRI.JK,"Saat IHSG Melemah, Investor Asing Diam-diam Borong Saham BBRI - Bloomberg Technoz",-0.6,3850.0,120002700,0
2026-01-23,BBRI.JK,"Saham BBRI Mainkan Peran, Koreksi IHSG Menyusut Jadi 0,4% - Bloomberg Technoz",0.0,3850.0,164603900,0
2026-01-23,BBRI.JK,"Harga Saham Big Banks Kompak Menguat, BBRI Pimpin Kenaikan Jumat (23/1) - kontan.co.id",0.6,3850.0,164603900,0
2026-01-21,BBRI.JK,"Minat Investor Asing Terbelah, Saham BBCA Rajin Dilepas, BBRI Justru Terus Diborong - KONTAN",0.0,3820.0,273678200,0
2026-01-21,BBRI.JK,"Saham BBRI Diborong Asing, BBCA Terbanyak Dilepas Asing - CNBC Indonesia",0.0,3820.0,273678200,0
2026-01-21,BBRI.JK,Saham BBRI Diserbu Asing - investor.id,0.0,3820.0,273678200,0
2026-01-21,BBRI.JK,"Saham Perbankan Lesu Pasca BI Tahan Suku Bunga, Simak Rekomendasi Analis - TradingView",0.0,3820.0,273678200,0
2026-01-21,BBRI.JK,"Rekomendasi Saham Kamis (22/1) dari BRI Danareksa: Buy ANTM, PSKT, EMTK & Sell MNCN - TradingView",0.0,3820.0,273678200,0
2026-01-19,BBRI.JK,"BBRI buyback 139 juta saham, kucurkan Rp512,8 miliar sepanjang 2025 - IDNFinancials",0.6,3840.0,359652500,1
2026-01-19,BBRI.JK,"Mulai Bangkit Awal 2026, Sudah Waktunya Koleksi Saham BBCA, BBRI, BMRI, dan BBNI? - kontan.co.id",0.0,3840.0,359652500,1
2026-01-19,BBRI.JK,"Koleksi Saham ASII, BRPT, TPIA, DSSA hingga PANI, Reksadana Indeks BRI & Allianz Melesat - Bareksa.com",0.0,3840.0,359652500,1
2026-01-19,BBRI.JK,Saham BBRI Bisa-bisa Jadi Segini dalam Sekejap - investor.id,0.0,3840.0,359652500,1
2026-01-19,BBRI.JK,Pola Berulang Saham Bank BUMN BBRI Cs - investor.id,0.0,3840.0,359652500,1
2026-01-15,BBRI.JK,"Danantara Meyakini Bakal Pulih, Ini Arah Saham TINS hingga BBRI - Market - Bloomberg Technoz",0.0,3820.0,407151300,1
2026-01-15,BBRI.JK,"Saham BBRI Diborong, Harga Loncat, Ramalannya ke Sini - investor.id",0.0,3820.0,407151300,1
2026-01-15,BBRI.JK,"Saham Bank Big Cap: BBCA, BBNI, BBRI Diprediksi Pulih 2026, Cek Target Harga - KONTAN",0.0,3820.0,407151300,1
2026-01-15,BBRI.JK,"Big Banks Pimpin Penguatan Sektor Perbankan, Cek Saham yang Menarik Dikoleksi - TradingView",0.0,3820.0,407151300,1
2026-01-15,BBRI.JK,"Cek Rekening! BRI (BBRI) Bagi-Bagi Rp 20,6 Triliun Hari Ini - CNBC Indonesia",0.0,3820.0,407151300,1
2026-01-15,BBRI.JK,"Hari Ini, Pemegang Saham BBRI Terima Dividen Interim Rp 20,6 Triliun - kumparan.com - Kumparan.com",0.6,3820.0,407151300,1
2026-01-15,BBRI.JK,BRI siap setor dividen interim ke negara Rp11 triliun - ANTARA News,0.6,3820.0,407151300,1
2026-01-15,BBRI.JK,"Hitung-hitungan Baru Saham BBRI, Keluar Harga Segini - investor.id",0.0,3820.0,407151300,1
2026-01-15,BBRI.JK,"Cek Rekening! BRI Cairkan Dividen Interim Rp20,6 Triliun Hari Ini - Infobanknews",0.6,3820.0,407151300,1
2026-01-15,BBRI.JK,"Rekening Investor Bakal Kian Gemuk dari Dividen Interim BRI (BBRI) Rp20,6 Triliun - SWA.co.id",0.6,3820.0,407151300,1
2026-01-15,BBRI.JK,"Dividen Interim BBRI Rp137/Saham Cair Hari Ini, BRI Sebar Rp20,6 T! - Validnews",0.6,3820.0,407151300,1
2026-01-15,BBRI.JK,"BRI Tebar Dividen Interim Rp 20,6 Triliun, Negara Kebagian Rp 11 Triliun - kontan.co.id",0.6,3820.0,407151300,1
2026-01-15,BBRI.JK,"Dividen Interim BRI Rp20,6 Triliun Cair Hari Ini, Saham BBRI Melejit - Bisnis.com",0.6,3820.0,407151300,1
2026-01-15,BBRI.JK,BRI Akan Setor Dividen Interim Rp 11 Triliun ke Negara - Tempo.co,0.6,3820.0,407151300,1
2026-01-14,BBRI.JK,"Aksi Borong Invesco, Vanguard, dan Manulife Belum Mampu Mendongkrak Harga Saham BBRI - KONTAN",0.0,3720.0,170097000,1
2026-01-14,BBRI.JK,"Cek Rekening, Bank BRI (BBRI) Tebar Dividen Interim Rp 20,6 Triliun Hari Ini (15/1) - TradingView",0.6,3720.0,170097000,1
2026-01-13,BBRI.JK,"Rekomendasi Saham Tim Analis Bareksa: BBRI, MLPL & NCKL, Peluang IHSG Menguat Masih Terbuka - Bareksa.com",0.6,3720.0,227620800,0
2026-01-13,BBRI.JK,"IHSG Melemah, Investor Asing Tetap Borong Saham BBRI Rp200 M - Bloomberg Technoz",-0.6,3720.0,227620800,0
2026-01-12,BBRI.JK,Harga Saham BBRI Bisa Tembus Level Ini - investor.id,0.0,3700.0,215159700,1
2026-01-12,BBRI.JK,"Awal 2026: Asing Serbu BBRI, Net Buy Ratusan Juta Saham - KONTAN",0.0,3700.0,215159700,1
2026-01-09,BBRI.JK,BTN (BBTN) Melesat? BRI Danareksa Beri Rekomendasi Beli & Target Harga di Rp 1.300 - TradingView,0.0,3680.0,143474700,1
2026-01-08,BBRI.JK,"🏆 LIGA BRIGHTS ""Kompetisi Saham, Obligasi, & Reksa Dana by BRI Danareksa Sekuritas"" - brights.id",0.0,3710.0,182019700,0
2026-01-08,BBRI.JK,Video: Danantara Alihkan Sebagian Saham BRI & BNI ke BP BUMN - CNBC Indonesia,0.0,3710.0,182019700,0
2026-01-08,BBRI.JK,"Danantara Tebar Saham BRI, BNI, Mandiri, dan BTN ke BP BUMN - KabarBursa.com",0.0,3710.0,182019700,0
2026-01-08,BBRI.JK,"Pengalihan Saham BNI, BRI dan Mandiri dari Danantara ke BP BUMN - Koran BUMN",0.0,3710.0,182019700,0
2026-01-08,BBRI.JK,"Danantara Alihkan Sebagian Saham Himbara BRI, BNI, Bank Mandiri, BTN ke BP BUMN - Bisnis.com",0.0,3710.0,182019700,0
2026-01-07,BBRI.JK,Danantara Alihkan 806 Juta Saham Seri B BRI (BBRI) ke BP BUMN - CNBC Indonesia,0.0,3700.0,195024700,1
2026-01-07,BBRI.JK,Ramalan Baru Saham BBRI - investor.id,0.0,3700.0,195024700,1
2026-01-07,BBRI.JK,BRI (BBRI) Alihkan Kepemilikan Saham Seri B Milik Danantara - Bisnis.com,0.0,3700.0,195024700,1
2026-01-02,BBRI.JK,"Restrukturisasi Fiber Jadi Sentimen Positif, Cek Rekomendasi Saham TLKM, ISAT & EXCL - TradingView",0.6,3640.0,191985100,0
2025-12-30,BBRI.JK,Bagaimana Proyeksi BBRI 2026? - Ajaib,0.0,3660.0,274402200,0
2025-12-30,BBRI.JK,"Dana Asing Kabur Rp 42,34 Triliun dari Pasar Saham pada 2025, Cek Proyeksinya di 2026 - TradingView",0.0,3660.0,274402200,0
2025-12-30,BBRI.JK,Dua Saham Perbankan ini Masih Dijual Asing: Prospek 2026? - KabarBursa.com,0.0,3660.0,274402200,0
2025-12-30,BBRI.JK,Barcelona Gandeng BRI Jadi Partner Perbankan di Indonesia Hingga 2027 - TradingView,0.0,3660.0,274402200,0
2025-12-30,BBRI.JK,Keren! BRI Resmi Jadi Mitra Barcelona di Indonesia - InvestorTrust,0.0,3660.0,274402200,0
2025-12-30,BBRI.JK,Batas Bawah Saham BBRI - investor.id,0.0,3660.0,274402200,0
2025-12-29,BBRI.JK,"Cum Date Hari Ini, BRI Bagikan Dividen Interim Rp20,6 Triliun atau Rp137 per Saham - InvestorTrust",0.6,3780.0,238061500,0
2025-12-29,BBRI.JK,"Hari Ini Terakhir Beli Saham BBRI dan ADRO untuk Dapat Dividen, Cek Rinciannya - kumparan.com - Kumparan.com",0.6,3780.0,238061500,0
2025-12-29,BBRI.JK,"Hari Ini Kesempatan Terakhir, BRI Bagikan Dividen Interim Rp 20,6 Triliun - kumparan.com - Kumparan.com",0.6,3780.0,238061500,0
2025-12-29,BBRI.JK,"Capai Rp20 T, Berikut Jadwal Pembagian Dividen Interim BRI (BBRI) - Bloomberg Technoz",0.6,3780.0,238061500,0
2025-12-29,BBRI.JK,Penandatangan Nota Kesepahaman (MoU) dan Perjanjian Kerja Sama (PKS) antara Pemerintah Kota Gunungsitoli dengan PT Bank Rakyat Indonesia (Persero) Tbk Cabang Gunungsitoli - Website Pemerintah Kota Gunungsitoli,0.0,3780.0,238061500,0
2025-12-24,BBRI.JK,Mengejar Dividen Saham BMRI dan BBRI: Peluang Cuan atau Sekadar Jebakan? - KONTAN,0.6,3770.0,121073600,1
2025-12-24,BBRI.JK,Intip Jadwal Operasional BRI selama Libur Hari Natal dan Tahun Baru 2025-2026 - kontan.co.id,0.0,3770.0,121073600,1
2025-12-24,BBRI.JK,BRI optimalkan layanan digital hingga weekend banking selama Nataru - ANTARA News Jambi,0.0,3770.0,121073600,1
2025-12-24,BBRI.JK,Target Harga BBRI usai Laba November - investor.id,0.6,3770.0,121073600,1
2025-12-24,BBRI.JK,Simak Jadwal Operasional BRI Selama Libur Nataru 2025-2026 - kontan.co.id,0.0,3770.0,121073600,1
2025-12-23,BBRI.JK,FILM beri jaminan senilai Rp150 miliar ke BRI untuk kredit anak usaha - IDNFinancials,0.0,3770.0,138427000,0
2025-12-23,BBRI.JK,"🏦 BBRI Bank Only Nov–2025: Kredit Terakselerasi, Provisioning Tinggi - Stockbit Snips",0.0,3770.0,138427000,0
2025-12-22,BBRI.JK,"Populer sepekan: Barcelona ditawar €10 miliar, dividen jumbo BRI - IDNFinancials",0.6,3760.0,161680300,1
2025-12-22,BBRI.JK,"BRI (BBRI) November 2025: Kredit Menguat, Laba Masih Turun - investor.id",0.6,3760.0,161680300,1
2025-12-19,BBRI.JK,"Target IHSG 9.440 di 2026, BBCA hingga ICBP Masuk Daftar Saham Pilihan - InvestorTrust",0.0,3770.0,228583500,0
2025-12-19,BBRI.JK,"Hasil RUPSLB BRI 2025 yang Disepakati Mencakup Perombakan Susunan Direksi, Perubahan Anggaran Dasar, dan Pendelegasian Kewenangan RKAP 2026. - Koran BUMN",0.0,3770.0,228583500,0
2025-12-18,BBRI.JK,Target & Rekomendasi Saham BBCA Sampai BBRI Usai BI Rate Ditahan - Bloomberg Technoz,0.0,3780.0,262527300,0
2025-12-18,BBRI.JK,"Kalkulasi Ulang Saham BBRI, Muncul Harga Segini - investor.id",0.0,3780.0,262527300,0
2025-12-18,BBRI.JK,Kompak Curi Start Borong Saham BBRI Sebelum Hilal Dividen Interim Muncul - Bisnis Indonesia Premium,0.6,3780.0,262527300,0
2025-12-18,BBRI.JK,BRI Umumkan Dividen Interim Rp137 per Saham Tahun Buku 2025 - Stabilitas.id,0.6,3780.0,262527300,0
2025-12-17,BBRI.JK,"BBRI tebar dividen interim Rp20,63 triliun, saham terkerek 1,36% - IDNFinancials",0.6,3750.0,273544100,1
2025-12-17,BBRI.JK,"BRI (BBRI) Bagi Dividen Interim Rp137 per Lembar, Simak Jadwal Lengkapnya! - Ajaib",0.6,3750.0,273544100,1
2025-12-17,BBRI.JK,BBRI Terbaru: Tekanan Asing dan Persiapan RUPSLB Desember 2025 - Ajaib,-0.6,3750.0,273544100,1
2025-12-17,BBRI.JK,Dirut BBRI Ungkap Strategi Dongkrak Harga Saham di 2026 - Bloomberg Technoz,0.0,3750.0,273544100,1
2025-12-17,BBRI.JK,"22 Tahun Melantai di BEI, Harga Saham BBRI Melonjak hingga 48 Kali Lipat Oleh Warta Ekonomi - Investing.com Indonesia",0.0,3750.0,273544100,1
2025-12-17,BBRI.JK,BBRI Segera Bagikan Dividen: Cek Tanggal dan Besarannya - KabarBursa.com,0.6,3750.0,273544100,1
2025-12-17,BBRI.JK,"Harga Turun 11% Ytd, Saham Blue Chip Ini Akan Bayar Dividen Jumbo Rp 20 Triliun - TradingView",0.0,3750.0,273544100,1
2025-12-17,BBRI.JK,"BRI Bagikan Dividen Interim Rp 137 per Saham, Cair 15 Januari 2026 - kumparan.com - Kumparan.com",0.6,3750.0,273544100,1
2025-12-17,BBRI.JK,Saham BBRI Diterawang Jadi Segini - investor.id,0.0,3750.0,273544100,1
2025-12-17,BBRI.JK,"Bos BRI Singgung Kinerja Saham, Begini Pesannya ke Investor - Bisnis.com",0.0,3750.0,273544100,1
2025-12-17,BBRI.JK,Tok! BRI (BBRI) Tebar Dividen Interim Rp137 Per Saham - CNBC Indonesia,0.6,3750.0,273544100,1
2025-12-17,BBRI.JK,"Bos BRI (BBRI) Beri Wejangan Bagi Investor, Sahamnya Diramal ke Harga Ini - Bisnis Indonesia Premium",0.0,3750.0,273544100,1
2025-12-17,BBRI.JK,"Konsisten Ciptakan Nilai bagi Negara dan Pemegang Saham, BRI Bagikan Dividen Interim Tahun Buku 2025 - Biz Kompas",0.6,3750.0,273544100,1
2025-12-17,BBRI.JK,"BRI Mau RUPS Hari Ini, Ada Kabar Soal Dividen Interim? - CNBC Indonesia",0.6,3750.0,273544100,1
2025-12-17,BBRI.JK,"BRI Bagikan Dividen Interim Rp 137 per Saham, Ini Jadwal Lengkapnya - Kompas.com",0.6,3750.0,273544100,1
2025-12-17,BBRI.JK,Bank Rakyat Indonesia (Persero) Tbk Siap Tebar Dividen Interim Rp 137 per Saham. Cek Jadwalnya di Sini! - pasardana.id,0.6,3750.0,273544100,1
2025-12-17,BBRI.JK,"BRI Tebar Dividen Interim Rp20,63 Triliun, Setara 50% dari Laba Bersih - SINDOnews Ekbis",0.6,3750.0,273544100,1
2025-12-17,BBRI.JK,Bos BRI Ungkap Akan Ada BRImo dengan Kulit Baru - Tempo.co,0.0,3750.0,273544100,1
2025-12-17,BBRI.JK,"BRI (BBRI) Rombak Pengurus, Ini Susunan Direksi Terbaru - CNBC Indonesia",0.0,3750.0,273544100,1
2025-12-16,BBRI.JK,"22 Tahun Melantai di Bursa Efek Indonesia, Harga Saham BBRI Telah Naik 48 Kali - TradingView",0.6,3690.0,237949900,1
2025-12-16,BBRI.JK,Investor Asing Diam-diam Akumulasi Saham BMRI sampai BBRI - Bloomberg Technoz,0.0,3690.0,237949900,1
2025-12-16,BBRI.JK,Kabar Baik! BRI Bakal Bagi Dividen Interim Rp 137 Per Saham - TradingView,0.6,3690.0,237949900,1
2025-12-16,BBRI.JK,Saham BBRI Cs Diterawang Begini - investor.id,0.0,3690.0,237949900,1
2025-12-16,BBRI.JK,"Bos BRI Bicara Soal Kinerja Saham, Ini Pesan Buat Investor - CNBC Indonesia",0.0,3690.0,237949900,1
2025-12-16,BBRI.JK,Saham BRI Diproyeksikan Lari Kencang Tahun Depan - detikFinance,0.0,3690.0,237949900,1
2025-12-16,BBRI.JK,"Rebranding BRI Bukan Sekadar Visual, Dony Oskaria Tekankan Makna Persepsi Publik - InvestorTrust",0.0,3690.0,237949900,1
2025-12-16,BBRI.JK,"Transformasi Jadi Bank Universal, BBRI Layani Rakyat Jelata dan Jelita - CNBC Indonesia",0.0,3690.0,237949900,1
2025-12-16,BBRI.JK,"BRI Tingkatkan Transformasi Digital dengan BRImo dan Qlola, Transaksi BRImo pun Melejit - InvestorTrust",0.0,3690.0,237949900,1
2025-12-16,BBRI.JK,"Rebranding Logo, BRI (BBRI) Ingin Jadi Bank untuk Seluruh Rakyat Indonesia - IDX Channel",0.0,3690.0,237949900,1
2025-12-16,BBRI.JK,"“Satu Bank untuk Semua”, Ketika BRI Menata Ulang Wajah dan Arah Transformasi - Stabilitas.id",0.0,3690.0,237949900,1
2025-12-15,BBRI.JK,"Jelang Rapat Dewan Gubernur BI Saham Big Banks Rebound, Cek Rekomendasi Analis - TradingView",0.0,3780.0,312694100,0
2025-12-15,BBRI.JK,"Bank Mandiri, BRI, BNI, BCA Bakal Seperti JP Morgan & Goldman Sachs? - Bareksa.com",0.0,3780.0,312694100,0
2025-12-15,BBRI.JK,"Saham BBRI Melesat Nyaris 5%, Analis Bilang Masih Bisa Naik Lagi - Market - Bloomberg Technoz",0.6,3780.0,312694100,0
2025-12-12,BBRI.JK,"Lo Kheng Hong Pertahankan Posisi di Saham BBRI, BNGA Cs Jelang Akhir 2025 - Bisnis Indonesia Premium",0.0,3630.0,169747600,1
2025-12-12,BBRI.JK,Yang Bikin Saham BBRI Terpeleset - investor.id,0.0,3630.0,169747600,1
2025-12-11,BBRI.JK,Nasib Saham BBRI - investor.id,0.0,3620.0,327591200,1
2025-12-11,BBRI.JK,Gara-gara Ini Saham BBRI Turun - investor.id,-0.6,3620.0,327591200,1
2025-12-11,BBRI.JK,"BRI Punya Satelit Sendiri, Komitmen Perluas Layanan Perbankan Jangkau Pelosok dan Wilayah 3T - Sinar Harapan - Sinar Harapan",0.0,3620.0,327591200,1
2025-12-10,BBRI.JK,Mengupas Anak Usaha BRI: Dari Bank Digital hingga Pembiayaan Multiguna - Ajaib,0.0,3660.0,172677700,0
2025-12-10,BBRI.JK,BRI Pastikan Layanan Tetap Beroperasi di Tengah Bencana - Kabar SDGs,0.0,3660.0,172677700,0
2025-12-08,BBRI.JK,"Anak usaha topang kinerja BBRI hingga kuartal 3, sumbang Rp8,2 triliun - IDNFinancials",0.0,3670.0,124094700,1
2025-12-08,BBRI.JK,Subsidiaries drive BBRI’s Q3 performance with IDR 8.2 trillion profit - IDNFinancials,0.0,3670.0,124094700,1
2025-12-05,BBRI.JK,"Transformasi BRI, dari Rakyat untuk Semua - Kompas.id",0.0,3650.0,156161100,1
2025-12-04,BBRI.JK,"Reksadana Saham Sucor Naik 1,11% Sehari, Punya BBRI, BMRI hingga TINS - Bareksa.com",0.6,3690.0,221121100,0
2025-12-04,BBRI.JK,Hery Gunardi raih predikat The Resilient Retail Banking Champion - IDNFinancials,0.0,3690.0,221121100,0
2025-12-03,BBRI.JK,BBRI Terbaru: Tren Tekanan Jual dan Sentimen Menjelang RUPSLB - Ajaib,-0.6,3660.0,225357100,1
2025-12-03,BBRI.JK,Laba Agregat Big Bank Mulai Naik Secara Bulanan Bikin Valuasi Menarik Jelang 2026 - TradingView,0.6,3660.0,225357100,1
2025-12-03,BBRI.JK,Saham BBRI Balik Merah Gegara Ini - investor.id,0.0,3660.0,225357100,1
2025-12-02,BBRI.JK,"Rekomendasi Saham Tim Analis Bareksa: DEWA, AADI & BBRI, IHSG Diprediksi Menguat - Bareksa.com",0.6,3710.0,277714300,0
2025-12-02,BBRI.JK,"Prospek Pertumbuhan Kredit BBRI Tetap Kuat, Begini Target Harga Sahamnya - InvestorTrust",0.6,3710.0,277714300,0
2025-12-02,BBRI.JK,"Catat, Lima Saham yang Punya Rekam Jejak Positif di Bulan Desember - KabarBursa.com",0.6,3710.0,277714300,0
2025-12-02,BBRI.JK,"PT Bank Rakyat Indonesia Tbk (BBRI) Catatkan Laba Rp 4,4 triliun pada Oktober 2025 - InaKoran",0.6,3710.0,277714300,0
2025-12-01,BBRI.JK,Aksi Senyap di Saham BBRI - investor.id,0.0,3670.0,299669500,1
2025-11-28,BBRI.JK,"Profit taking tarik IHSG dari puncak, BBRI serap transaksi tertinggi - IDNFinancials",0.0,3680.0,353872800,0
2025-11-28,BBRI.JK,"Net Sell Berlanjut Rp 1,02 Triliun, Saham BBRI dan BBCA kembali Dilepas Asing - InvestorTrust",-0.6,3680.0,353872800,0
2025-11-28,BBRI.JK,"Saham BBRI Terobos Batas Bawah, Ini Penyebabnya - investor.id",0.0,3680.0,353872800,0
2025-11-28,BBRI.JK,Kenapa Saham BBRI Jadi Begini? - investor.id,0.0,3680.0,353872800,0
2025-11-27,BBRI.JK,Batas Atas dan Bawah Saham BBRI - investor.id,0.0,3740.0,283451800,0
2025-11-27,BBRI.JK,Revisi Terbaru untuk Target Harga Saham BBRI - Bisnis Indonesia Premium,0.0,3740.0,283451800,0
2025-11-27,BBRI.JK,Cara Buka Fitur RDN BRI melalui BRImo dan Syaratnya - kontan.co.id,0.0,3740.0,283451800,0
2025-11-27,BBRI.JK,"BP Tapera dan Bank BRI Perkuat Kolaborasi dalam Penyaluran Kredit Pembangunan Rumah TaperaProgram Tepat Sasaran, Manfaat Dirasakan Debitur - BP Tapera",0.0,3740.0,283451800,0
2025-11-26,BBRI.JK,"Net Sell Rp 550,45 Miliar, Asing Lepas Saham BBRI dan BBCA Saat IHSG Cetak Rekor - InvestorTrust",0.0,3790.0,288419400,0
2025-11-26,BBRI.JK,Nasib Saham BBRI Diramal Begini - investor.id,0.0,3790.0,288419400,0
2025-11-26,BBRI.JK,BBRI Ada Revisi Target Harga - investor.id,0.0,3790.0,288419400,0
2025-11-25,BBRI.JK,"Asing agresif jual saham BBRI hingga EMTK, IHSG turun 0,75% di sesi I - IDNFinancials",-0.6,3830.0,396959100,0
2025-11-25,BBRI.JK,Gara-gara Ini Saham BBRI Mendadak Anjlok - investor.id,-0.6,3830.0,396959100,0
2025-11-25,BBRI.JK,Manuver Tiba-tiba di Saham BBRI - investor.id,0.0,3830.0,396959100,0
2025-11-25,BBRI.JK,"Asing Borong BUMI, Jual Besar-besaran BBRI: Ke Mana Arah Selanjutnya? - KabarBursa.com",-0.6,3830.0,396959100,0
2025-11-25,BBRI.JK,"Foreigners mass-sell BBRI and EMTK, IHSG drops 0.75% in session I - IDNFinancials",0.0,3830.0,396959100,0
2025-11-24,BBRI.JK,BRI Gelar Rapat Umum Pemegang Saham Luar Biasa 17 Desember - Tempo.co,0.0,3980.0,262302000,0
2025-11-21,BBRI.JK,Yang Bikin Saham BBRI Tiba-tiba Merah - investor.id,0.0,3960.0,112666100,1
2025-11-21,BBRI.JK,"Patuhi Putusan Kasasi Secara Sukarela, Bank BRI Ganti Rugi Rp123 Juta ke Nasabah - Dandapala Digital",-0.6,3960.0,112666100,1
2025-11-21,BBRI.JK,BRI Dukung Kelas Internasional MAN 1 Yogyakarta Lewat Bantuan CSR - Kantor Kementerian Agama Kota Yogyakarta,0.0,3960.0,112666100,1
2025-11-20,BBRI.JK,BBRI Terbaru: Penguatan di Tengah Sentimen Positif Pasar - Ajaib,0.6,3990.0,183008400,0
2025-11-20,BBRI.JK,Ramalan soal Saham BBRI Terbukti - investor.id,0.0,3990.0,183008400,0
2025-11-19,BBRI.JK,"Pemerintah kembali tempatkan dana di bank Himbara, saham ini menguat? - IDNFinancials",0.6,4000.0,107451000,0
2025-11-19,BBRI.JK,"Investor Asing Diam-diam Borong 10 Saham Ini, BBRI Terbanyak - Bloomberg Technoz",0.0,4000.0,107451000,0
2025-11-19,BBRI.JK,PT Bank Rakyat Indonesia (Persero) Tbk Sambut Baik Rencana Peningkatan Free Float Saham di Bursa Efek Indonesia - InvestorTrust,0.0,4000.0,107451000,0
2025-11-18,BBRI.JK,BERITA POPULER: Ramalan Terbaru Saham BBRI hingga Harga Emas Perhiasan Melemah - investor.id,-0.6,3970.0,205257700,1
2025-11-17,BBRI.JK,"Siap-siap Saham BBRI, Indikasinya Bakal Begini - investor.id",0.0,3940.0,140868100,1
2025-11-14,BBRI.JK,Ombudsman RI dan BRI Serahkan 14 Sertipikat Perum Graha Dewata - Ombudsman RI,0.0,3900.0,100717300,1
2025-11-13,BBRI.JK,Kapan Cum Date dan Ex Date Dividen BBRI? - Ajaib,0.6,3870.0,99373200,1
2025-11-13,BBRI.JK,Saham BBRI Dipatok Segini - investor.id,0.0,3870.0,99373200,1
2025-11-12,BBRI.JK,"Kisi-kisi Kapan Asing Kembali Masuk ke Saham Big Banks (BBCA, BBRI, BMRI, BBNI) - Bisnis Indonesia Premium",0.0,3900.0,111115400,0
2025-11-12,BBRI.JK,Ada Kabar soal Investor BBRI - investor.id,0.0,3900.0,111115400,0
2025-11-12,BBRI.JK,"Pihak Bank Rakyat Indonesia (BRI) Cabang Kabanjahe bergerak cepat menindaklanjuti laporan hilangnya saldo milik seorang nasabah atas nama Mayesti Br Perangin-angin di Unit BRI Lau Baleng. Pimpinan BRI Cabang Kabanjahe, Donny Cahyono, mema - facebook.com",0.0,3900.0,111115400,0
2025-11-11,BBRI.JK,BBRI Terbaru: Kinerja Stabil di Tengah Sentimen Pasar dan Agenda RUPSLB - Ajaib,0.0,3890.0,179000200,1
2025-11-11,BBRI.JK,"Saham BBRI Sudah Diskon, Cuan Besar Menanti - Bloomberg Technoz",0.0,3890.0,179000200,1
2025-11-11,BBRI.JK,"Rekomendasi Trading Saham Hari Ini BBRI, BMRI & KLBF, IHSG Diramal di Zona Positif - Bareksa.com",0.6,3890.0,179000200,1
2025-11-10,BBRI.JK,"Awas, Saham TOBA Diprediksi Masih Dalam Tren Bearish - KabarBursa.com",0.0,3930.0,148552900,0
2025-11-10,BBRI.JK,Kolaborasi BRI-Koperasi Merah Putih Perluas Akses Keuangan Masyarakat - Fraksi Nasdem,0.0,3930.0,148552900,0
2025-11-06,BBRI.JK,"MSME loans rise, BRI books profit of IDR 41.23 trillion - IDNFinancials",0.0,4000.0,130808100,0
2025-11-06,BBRI.JK,"Kredit UMKM naik, BRI cetak laba Rp41,23 triliun - IDNFinancials",0.6,4000.0,130808100,0
2025-11-05,BBRI.JK,Saham Big Banks Kompak Menguat pada Penutupan Bursa Rabu (5/11) - TradingView,0.6,3980.0,139859100,1
2025-11-05,BBRI.JK,CBRE raup Rp803 miliar dari BRI untuk ekspansi bisnis offshore - IDNFinancials,0.6,3980.0,139859100,1
2025-11-05,BBRI.JK,Bank BRI Bakal Buyback Saham Senilai Rp 3 Triliun - Marketeers,0.6,3980.0,139859100,1
2025-11-03,BBRI.JK,"Saham LQ45 ini tembus MA60 dan MA200, saatnya speculative buy? - IDNFinancials",0.0,4040.0,163770500,0
2025-11-03,BBRI.JK,BBRI Terbaru: Prospek Saham Menguat Didukung Buyback dan Dividen Interim - Ajaib,0.6,4040.0,163770500,0
2025-11-03,BBRI.JK,"Saham BBRI Dianggap Murah, BRI Siapkan Langkah Buyback hingga Rp3 Triliun - KabarBursa.com",0.6,4040.0,163770500,0
2025-11-03,BBRI.JK,"Saham BBRI Diborong, Hitung-hitungan Baru Muncul - investor.id",0.0,4040.0,163770500,0
2025-11-03,BBRI.JK,Strategi Buyback BRI Perkuat Optimisme dan Likuiditas Saham BBRI - Bloomberg Technoz,0.6,4040.0,163770500,0
2025-11-03,BBRI.JK,"Saham Blue Chip Bank Ini Bangkit dari Keterpurukan, Buyback Rp 3 T Dilanjutkan - KONTAN",0.6,4040.0,163770500,0
2025-10-31,BBRI.JK,Bank Rakyat Indonesia (BBRI) Akan Buyback dan Bagi Dividen - KONTAN,0.6,3980.0,348755700,1
2025-10-31,BBRI.JK,"Fundamental Kuat dan Prospektif, BRI Segera Buyback Saham - InvestorTrust",0.6,3980.0,348755700,1
2025-10-31,BBRI.JK,Mendadak Ada Gerakan Agresif di Saham BBRI - investor.id,0.0,3980.0,348755700,1
2025-10-31,BBRI.JK,"Net Buy Berlanjut Rp 1,13 Triliun, Asing Borong BBRI hingga TLKM - InvestorTrust",0.0,3980.0,348755700,1
2025-10-31,BBRI.JK,Ini Dia yang Jor-joran Belanja Saham BBRI - investor.id,0.0,3980.0,348755700,1
2025-10-31,BBRI.JK,"BRI Catat Rasio NPL pada Level 3,08% per Kuartal III-2025 - kontan.co.id",0.0,3980.0,348755700,1
2025-10-30,BBRI.JK,"BRI (BBRI) Bakal 'Buyback' Saham Rp 2,5 Triliun - InvestorTrust",0.6,3910.0,287905300,1
2025-10-30,BBRI.JK,Mengapa Saham BBRI Sering Jadi Barometer Pasar Saham Indonesia? - Ajaib,0.0,3910.0,287905300,1
2025-10-30,BBRI.JK,"Harga Saham BBRI Melesat Hari Ini, Masih Bisa Naik Lagi - Bloomberg Technoz",0.6,3910.0,287905300,1
2025-10-30,BBRI.JK,"BRI (BBRI) Tebar Dividen di 2026, Ini Perbandingan Nilai Per Sahamnya Selama 2 Tahun - SWA.co.id",0.6,3910.0,287905300,1
2025-10-30,BBRI.JK,"Bunga The Fed Dipangkas, Cek Rekomendasi Saham BBRI, BMRI, Dkk - Bloomberg Technoz",0.0,3910.0,287905300,1
2025-10-30,BBRI.JK,"Harga Saham BBRI Melesat Hari Ini, Masih Bisa Naik Lagi - Market - Bloomberg Technoz",0.6,3910.0,287905300,1
2025-10-30,BBRI.JK,"BRI Siapkan Rp 2,5 Triliun untuk Buyback Saham - kumparan.com - Kumparan.com",0.6,3910.0,287905300,1
2025-10-30,BBRI.JK,"BRI (BBRI) Bakal Segerakan Buyback Saham, Pertimbangkan Jika Harga Terkoreksi Lanjut - SWA.co.id",0.0,3910.0,287905300,1
2025-10-30,BBRI.JK,BRI (BBRI) Pastikan Pembagian Dividen Interim pada Januari 2026 - Bloomberg Technoz,0.6,3910.0,287905300,1
2025-10-30,BBRI.JK,Kode Buyback & Pembagian Dividen BRI (BBRI) - Market - Bloomberg Technoz,0.6,3910.0,287905300,1
2025-10-30,BBRI.JK,"Cetak Laba Rp41,2 T, BRI Perkuat Peran Strategis Dorong Ekonomi - CNBC Indonesia",0.6,3910.0,287905300,1
2025-10-30,BBRI.JK,"BRI (BBRI) Cetak Laba Rp 41,23 Triliun, Penyaluran Kredit Naik 6,26% Jadi Rp 1.438 Triliun di Kuartal III 2025 - InvestorTrust",0.6,3910.0,287905300,1
2025-10-30,BBRI.JK,Data Kinerja Bank Rakyat Indonesia (BRI) Kuartal III/2025 dan Rasio Keuangan - DataIndonesia,0.0,3910.0,287905300,1
2025-10-30,BBRI.JK,"Laba Bersih BRI (BBRI) Capai Rp41,23 T hingga Kuartal III-2025 - Bloomberg Technoz",0.6,3910.0,287905300,1
2025-10-30,BBRI.JK,"Dongkrak Kinerja, BRI (BBRI) Siapkan Motor Pertumbuhan Baru - Bloomberg Technoz",0.6,3910.0,287905300,1
2025-10-29,BBRI.JK,Bagaimana Cara Mengecek Dividen Saham BBRI? - Ajaib,0.6,3890.0,215008600,1
2025-10-29,BBRI.JK,"Rekomendasi Trading Saham Hari Ini BBRI, SMGR & BMRI, The Fed Potong Suku Bunga 0,25% - Bareksa.com",0.0,3890.0,215008600,1
2025-10-29,BBRI.JK,Sejarah Bank Rakyat Indonesia (BRI): Dari Mikro ke Raksasa Nasional - Ajaib,0.0,3890.0,215008600,1
2025-10-28,BBRI.JK,"Terungkap Ada yang Serok Saham BBRI, Harga Bisa ke Sini - investor.id",0.0,3850.0,239026800,1
2025-10-27,BBRI.JK,"Investor beralih dari obligasi ke saham, saham ini menguat? - IDNFinancials",0.6,3860.0,332539600,0
2025-10-27,BBRI.JK,"Rekomendasi Saham Hari Ini BBCA, BBRI & ICBP, Wacana Aturan Baru MSCI Bayangi IHSG - Bareksa.com",0.0,3860.0,332539600,0
2025-10-27,BBRI.JK,"Perkuat Fondasi Sektor Riil, Bank BRI (BBRI) Sudah Salurkan KUR Rp130 Triliun Per September 2025! - Sinar Harapan - Sinar Harapan",0.0,3860.0,332539600,0
2025-10-24,BBRI.JK,Saham BBRI Diramal Segini dalam Sekejap - investor.id,0.0,3850.0,313903600,1
2025-10-24,BBRI.JK,BRI Manajemen Investasi (BRI MI) Fokus Perluas Pasar Ritel Usai Rebranding - InvestorTrust,0.0,3850.0,313903600,1
2025-10-23,BBRI.JK,"Saham pelat merah BBRI, TLKM, PGAS, dan BMRI dominasi top net buy - IDNFinancials",0.0,3820.0,225902700,1
2025-10-22,BBRI.JK,"Potensi Rebound Tiga Saham Blue Chip: BBCA, BBRI, atau TLKM Juaranya? - KabarBursa.com",0.0,3700.0,329470700,1
2025-10-22,BBRI.JK,"Saham Pilihan Hari Ini: BBCA, BBRI, ADRO, dan Lainnya - TopBusiness.id",0.0,3700.0,329470700,1
2025-10-21,BBRI.JK,"Asing borong saham BBCA hingga BBRI, net buy Rp709 miliar di sesi I - IDNFinancials",0.0,3760.0,293000200,0
2025-10-21,BBRI.JK,"Net Buy Melesat Rp 1,34 Triliun, Asing Borong Saham Bank Ini - InvestorTrust",0.0,3760.0,293000200,0
2025-10-21,BBRI.JK,"Saham Big Banks Kompak Menghijau pada Selasa (21/10), Begini Rekomendasi Sahamnya - TradingView",0.0,3760.0,293000200,0
2025-10-21,BBRI.JK,"Saham Big Caps Bangkit, Cuan Reksadana Indeks BRI dan Trimegah Melesat 3% Sehari - Bareksa.com",0.0,3760.0,293000200,0
2025-10-21,BBRI.JK,PN Barru Sulsel Damaikan Penyelesaian Sengketa Kredit BRI Rp 100 Juta - Dandapala Digital,0.0,3760.0,293000200,0
2025-10-20,BBRI.JK,Pilah-pilih Emiten Danantara dengan Dividen Menarik di Tahun 2025 - TradingView,0.6,3680.0,391510300,1
2025-10-20,BBRI.JK,Harga Saham BBRI Hari Ini 20 Oktober 2025 Menghijau - Liputan6.com,0.0,3680.0,391510300,1
2025-10-17,BBRI.JK,"IHSG Tersungkur Hingga 2,57 Persen, Ternyata ini Penyebabnya - KabarBursa.com",0.0,3500.0,244442400,1
2025-10-15,BBRI.JK,"Saham BBRI Siap Dikoleksi, Cuan 33% Menanti - Bloomberg Technoz",0.0,3500.0,468733500,1
2025-10-15,BBRI.JK,"Ada Revisi terkait Saham BBRI, Wajarnya Segini - investor.id",0.0,3500.0,468733500,1
2025-10-15,BBRI.JK,Goldman Sachs dan Vanguard Borong Saham BBRI - Bloomberg Technoz,0.0,3500.0,468733500,1
2025-10-13,BBRI.JK,"Bos BRI (BBRI) Sebut Duit dari Purbaya Sudah Disalurkan 90,4% - CNBC Indonesia",0.0,3660.0,181694400,0
2025-10-10,BBRI.JK,"Saham Perbankan Koreksi, Ternyata ini Penyebabnya - KabarBursa.com",0.0,3730.0,277252300,0
2025-10-10,BBRI.JK,Waspada jika BBRI ke Level Ini - investor.id,0.0,3730.0,277252300,0
2025-10-10,BBRI.JK,"Lowongan Kerja Bank BRI, Simak Syaratnya - law-justice.co",0.0,3730.0,277252300,0
2025-10-10,BBRI.JK,BRI Cabang Poso Peringati Hari Batik Nasional 2025: Kualitas Pelayanan Tetap Prima dan Ramah ke Nasabah - Sonora.id,0.0,3730.0,277252300,0
2025-10-09,BBRI.JK,Saham BRIS: Pertumbuhan Perbankan Syariah dan Potensi Investasi - brights.id,0.6,3860.0,479239500,0
2025-10-08,BBRI.JK,Bos BRI Ungkap Duit dari Purbaya Habis Bulan Ini - CNBC Indonesia,0.0,3720.0,148263700,1
2025-10-07,BBRI.JK,Memahami Manfaat Penempatan Dana Rp200 Triliun bagi Perekonomian Indonesia - Kementerian Keuangan,0.0,3710.0,155933000,1
2025-10-07,BBRI.JK,"Kredit Konsumer BRI Tumbuh 10,65%, Dorong Ekonomi Nasional - Bloomberg Technoz",0.6,3710.0,155933000,1
2025-10-07,BBRI.JK,"Tumbuh 10,65%, Penyaluran Kredit Konsumer BRI Capai Rp 216,26 Triliun - Marketeers",0.6,3710.0,155933000,1
2025-10-06,BBRI.JK,"Saham CDIA Melambung Hingga 15,61 Persen, Bagaimana Proyeksi Selanjutnya? - KabarBursa.com",0.0,3660.0,190283900,1
2025-10-06,BBRI.JK,Kejagung Periksa Mantan Dirut Bank BUMN dan 10 Saksi Lain Terkait Perkara Kredit PT Sritex - Kejaksaan Agung,0.0,3660.0,190283900,1
2025-10-06,BBRI.JK,"Kredit Konsumer Bank BRI Tumbuh 10,65% per Agustus 2025, Ini Faktor Pendorongnya - kontan.co.id",0.6,3660.0,190283900,1
2025-10-03,BBRI.JK,"Kurang dari 2 Bulan, BRI Salurkan 45% Dana dari Menkeu Purbaya - Bloomberg Technoz",0.0,3690.0,214737100,0
2025-10-02,BBRI.JK,"Saham BBRI Janjikan Cuan Jumbo, Layak Dikoleksi - Bloomberg Technoz",0.0,3710.0,379620000,0
2025-10-02,BBRI.JK,30 Analis Beri Rekomendasi Buy Saham BBRI saat Pendapatan Naik - Bloomberg Technoz,0.6,3710.0,379620000,0
2025-10-02,BBRI.JK,"Saham BBRI Jadi Merah Terus, Harga Lagi Murah, Lo Kheng Hong Sempat Bilang Begini - investor.id",0.0,3710.0,379620000,0
2025-10-02,BBRI.JK,Menteri PKP Dorong BRI Sosialisasi Masif FLPP dan KUR Perumahan di Kota-Kota Besar - Kementerian Perumahan dan Kawasan Permukiman,0.0,3710.0,379620000,0
2025-10-01,BBRI.JK,"JP Morgan, Blackrock, Hingga Vanguard Ramai-Ramai Tambah Kepemilikan Saham BRI - TradingView",0.0,3810.0,223133600,0
2025-10-01,BBRI.JK,Tekanan Asing Guncang BBRI dan BBCA: Saatnya Investor Bertahan atau Menepi? - KabarBursa.com,-0.6,3810.0,223133600,0
2025-10-01,BBRI.JK,"Investor Kakap Blackrock-JP Morgan Borong Saham Blue Chip Ini, Saatnya Beli/Jual? - TradingView",-0.6,3810.0,223133600,0
2025-10-01,BBRI.JK,"Blackrock, JP Morgan hingga Vanguard Tambah Koleksi Saham Blue Chip Ini - Kompas.com",0.0,3810.0,223133600,0
2025-10-01,BBRI.JK,"99,1% Transaksi di Bank BRI Dilakukan Secara Online - Marketeers",0.0,3810.0,223133600,0
2025-10-01,BBRI.JK,"JP Morgan, Blackrock, Hingga Vanguard Ramai-Ramai Tambah Kepemilikan Saham BRI - kontan.co.id",0.0,3810.0,223133600,0
2025-09-30,BBRI.JK,🏦 BBRI 8M25: Laba Bersih Bank Only -10% YoY - Stockbit Snips,0.6,3900.0,217357100,0
2025-09-30,BBRI.JK,"Muncul Ramalan Baru Saham BBRI, Diungkit soal Dividen Interim - investor.id",0.6,3900.0,217357100,0
2025-09-30,BBRI.JK,Laba BRI (BBRI) Bulan Agustus - investor.id,0.6,3900.0,217357100,0
2025-09-26,BBRI.JK,"BBRI siapkan dana Rp4,15 triliun untuk lunasi Green Bond - IDNFinancials",0.0,4040.0,146229200,0
2025-09-26,BBRI.JK,"Penempatan Dana Rp 200 Triliun ke Perbankan, Ekonom UGM Nilai Tidak Serta Bisa Menggerakkan Sektor Riil - Universitas Gadjah Mada",0.0,4040.0,146229200,0
2025-09-25,BBRI.JK,Investor Asing Diam-diam Akumulasi Saham BBRI sampai BRPT - Bloomberg Technoz,0.0,4070.0,129656800,0
2025-09-23,BBRI.JK,"Saham Big Banks Selasa (23/9): BBCA Menguat Sementara BMRI, BBRI, dan BBNI Melemah - Pusat Data Kontan",0.0,4140.0,110771700,1
2025-09-23,BBRI.JK,"Kejati: Perkara korupsi di BRI Ambon rugikan negara Rp1,975 miliar - ANTARA News",-0.6,4140.0,110771700,1
2025-09-22,BBRI.JK,"IHSG Cetak Rekor Tertinggi, Saham BBRI Diborong Asing Sepekan - Bloomberg Technoz",0.6,4160.0,157592800,0
2025-09-22,BBRI.JK,Cara Membeli Saham BCA dan BRI Online 2025 Lewat Aplikasi Sekuritas - Media Jabejabe - Media Jabejabe,0.0,4160.0,157592800,0
2025-09-19,BBRI.JK,Pertumbuhan laba & dividen dukung BBRI sabet 4 kategori Indeks52 - IDNFinancials,0.6,4250.0,211373200,0
2025-09-19,BBRI.JK,Disuntik Dana Jumbo! Bank BRI (BBRI) Fokuskan Kredit UMKM dan Program Prioritas Pemerintah - Sinar Harapan - Sinar Harapan,0.0,4250.0,211373200,0
2025-09-18,BBRI.JK,"Asing Lanjut Net Sell Rp 358,31 Miliar, Sebaliknya Saham BBRI Diborong - InvestorTrust",-0.6,4250.0,332670300,0
2025-09-18,BBRI.JK,"Diprediksi Melesat, Analis Saran Beli Saham Bank Blue Chip Ini Usai BI Rate Turun - TradingView",-0.6,4250.0,332670300,0
2025-09-18,BBRI.JK,BI Rate Turun! Asing Terciduk Borong Saham Ini - CNBC Indonesia,-0.6,4250.0,332670300,0
2025-09-18,BBRI.JK,Harga Saham BBRI Kembali ke Jalur Menanjak Seiring Akumulasi Blackrock dan JP Morgan - KONTAN,0.0,4250.0,332670300,0
2025-09-18,BBRI.JK,"Goldman Sachs Naikkan Rekomendasi, Saham BRI Jadi Incaran Investor - KabarBursa.com",0.6,4250.0,332670300,0
2025-09-18,BBRI.JK,"Video: Diguyur Dana Rp 200 T, Begini Valuasi Saham BRI, Mandiri-BNI - CNBC Indonesia",0.0,4250.0,332670300,0
2025-09-18,BBRI.JK,"Investor Global Naikkan Target Price Saham BBRI, Ini Pemicunya - Emitennews.com",0.6,4250.0,332670300,0
2025-09-18,BBRI.JK,"BBRI salurkan KUR Rp114,28 triliun hingga Agustus 2025 - IDNFinancials",0.0,4250.0,332670300,0
2025-09-18,BBRI.JK,Fundamental Kuat Bikin Investor Global Naikkan Target Price BBRI - CNBC Indonesia,0.6,4250.0,332670300,0
2025-09-17,BBRI.JK,"Dipicu Saham BBRI, IHSG Cetak Rekor ATH Baru di 8.025 - Market - Bloomberg Technoz",0.6,4220.0,245154800,1
2025-09-17,BBRI.JK,"Bank BRI (BBRI) Salurkan Rp114,28 Triliun KUR, Dorong UMKM Jadi Motor Ekonomi Nasional - Sinar Harapan - Sinar Harapan",0.0,4220.0,245154800,1
2025-09-17,BBRI.JK,"Bank BRI soal Likuiditas Rp 55 T dari Purbaya: 1,5 Bulan Selesai - Bloomberg Technoz",0.0,4220.0,245154800,1
2025-09-16,BBRI.JK,"BBRI Masuk Top Foreign Buy, Saham Turun: Sebab dan Strategi Masuk - KabarBursa.com",-0.6,4130.0,167511900,1
2025-09-16,BBRI.JK,"Pasar Masih Bullish ke BBRI, Ada yang Pasang Target Rp5.150 - Bloomberg Technoz",0.0,4130.0,167511900,1
2025-09-15,BBRI.JK,Mereka yang Kompak Borong Ratusan Juta Lembar Saham BBRI - Bisnis Indonesia Premium,0.0,4140.0,157482000,0
2025-09-15,BBRI.JK,"BBRI Jadi Primadona Baru, Goldman Sachs Angkat Target Harga - Bloomberg Technoz",0.0,4140.0,157482000,0
2025-09-15,BBRI.JK,BERITA POPULER: Target Harga Saham BBCA Terbaru hingga Potensi Cuan BBRI - investor.id,0.0,4140.0,157482000,0
2025-09-15,BBRI.JK,"Pemerintah Alirkan Dana Rp200 T: Intip Valuasi Saham BRI, Mandiri-BNI - CNBC Indonesia",0.0,4140.0,157482000,0
2025-09-15,BBRI.JK,Saham bank berpotensi menguat usai diguyur kas negara Rp200 triliun - IDNFinancials,0.6,4140.0,157482000,0
2025-09-12,BBRI.JK,"Kode Keras Lo Kheng Hong, Segini Target Saham BBRI, BMRI Cs Terbaru - Bisnis Indonesia Premium",0.0,4180.0,235383800,0
2025-09-12,BBRI.JK,Saham BBRI Bersiap Naik 3 Hari Beruntun Imbas Purbaya Effect - Bloomberg Technoz,0.6,4180.0,235383800,0
2025-09-12,BBRI.JK,Saham BBRI Bersiap Naik 3 Hari Beruntun Imbas Purbaya Effect - Market - Bloomberg Technoz,0.6,4180.0,235383800,0
2025-09-12,BBRI.JK,Penyebab Goldman Sachs Naikkan Target Harga Saham Bank Himbara - Bloomberg Technoz,0.6,4180.0,235383800,0
2025-09-11,BBRI.JK,"Asing balik arah usai net sell 2 pekan, borong saham GOTO hingga BBRI - IDNFinancials",-0.6,4080.0,281910400,1
2025-09-11,BBRI.JK,"IHSG Menguat 0,64%, Saham BBNI dan BBRI Melaju Kencang - Bloomberg Technoz",0.6,4080.0,281910400,1
2025-09-11,BBRI.JK,"Purbaya Effect, Saham Bank Himbara Beterbangan - Bloomberg Technoz",0.0,4080.0,281910400,1
2025-09-11,BBRI.JK,"Sengketa Kredit Macet BRI-Nasabah Damai di PN, Nasabah Akui Laba Usahanya Turun - Dandapala Digital",0.0,4080.0,281910400,1
2025-09-10,BBRI.JK,"Saham BBCA dan BBRI Terbang 2%, Dorong IHSG Menguat 1% - Bloomberg Technoz",0.6,3880.0,117680500,1
2025-09-09,BBRI.JK,"Saham Jagoan BRI Danareksa Kala Kepemilikan Asing Susut, Ada BBCA-TLKM - Bisnis.com",0.0,3790.0,327167200,1
2025-09-09,BBRI.JK,Bank Raya andalkan ekosistem BBRI untuk ekspansi kredit - IDNFinancials,0.6,3790.0,327167200,1
2025-09-09,BBRI.JK,BRI Raih Predikat Best of The Best Digital Bank di Digital Banking Awards 2025 - InvestorTrust,0.0,3790.0,327167200,1
2025-09-09,BBRI.JK,PN Kuningan Berhasil Damaikan BRI-Nasabah Terkait Utang Rp 18 Jutaan - Dandapala Digital,0.0,3790.0,327167200,1
2025-09-08,BBRI.JK,"Sentimen Reshuffle Kabinet Bayangi Pasar, Rekomendasi Saham Hari Ini BBNI, BBRI & BMRI - Bareksa.com",0.0,3900.0,143993900,0
2025-09-04,BBRI.JK,"IHSG Menuju 7.900 Lagi, BMRI, BBRI, BBNI Diborong Asing - CNBC Indonesia",0.0,4000.0,87402700,0
2025-09-04,BBRI.JK,"Saham Emiten Emas Tiba-tiba Anjlok, Serok? - investor.id",-0.6,4000.0,87402700,0
2025-09-04,BBRI.JK,Momen Hangat Dirut BRI Menyapa Nasabah di Hari Pelanggan Nasional - detikFinance,0.0,4000.0,87402700,0
2025-09-03,BBRI.JK,"Return Saham Bank Kecil Melejit pada Agustus, Begini Proyeksi Analis untuk September - TradingView",0.0,4030.0,112507500,0
2025-09-03,BBRI.JK,"Berikut Return Saham Perbankan Tertinggi di Agustus 2025, Bank Kecil Lebih Unggul - TradingView",0.0,4030.0,112507500,0
2025-09-03,BBRI.JK,"Punya BBRI, BBNI dan IMPC, Return Dua Reksadana Saham Manulife Melesat 1,8% Sehari - Bareksa.com",0.0,4030.0,112507500,0
2025-09-03,BBRI.JK,Ini Strategi BRI di Balik Keberhasilan Peningkatan Dana Murah - SWA.co.id,0.0,4030.0,112507500,0
2025-09-02,BBRI.JK,"Dana Asing Kabur Rp2,14 Triliun, Saham BBCA, BMRI, dan BBRI Paling Banyak Dilego - Infobanknews",0.0,3960.0,111856000,1
2025-09-01,BBRI.JK,"BRImo Kian Lengkap, Nasabah Tembus 42,7 Juta - Bloomberg Technoz",0.0,3980.0,234206100,0
2025-09-01,BBRI.JK,"BRI (BBRI) Angkat Dhanny Jadi Corsec Baru, Gantikan Hendy Bernadi - CNBC Indonesia",0.0,3980.0,234206100,0
2025-08-29,BBRI.JK,"Bedah Saham BBRI: Terus Menguat Sejak Akhir Tahun, Cek Kinerjanya di 2024 - Ajaib",0.6,4050.0,217276600,0
2025-08-29,BBRI.JK,Website DJKN - DJKN,0.0,4050.0,217276600,0
2025-08-28,BBRI.JK,Kinerja Keuangan BBRI: Analisis Laporan Bank BRI 2025 - Ajaib,0.0,4140.0,60838200,0
2025-08-28,BBRI.JK,"Kepemilikan Saham PT Pegadaian: Mayoritas Dikuasai BRI, Pemerintah Punya 0,00002% - Info Ekonomi",0.0,4140.0,60838200,0
2025-08-28,BBRI.JK,Kartu Debit BRI X Indodax: Jembatan Bank ke Dunia Kripto - TradingView,0.0,4140.0,60838200,0
2025-08-27,BBRI.JK,Nasib Saham BBRI - investor.id,0.0,4130.0,123874000,1
2025-08-27,BBRI.JK,Top 5 Bank di Indonesia dengan Dividend Yield Tertinggi: Di Mana Posisi BBRI? - Ajaib,0.6,4130.0,123874000,1
2025-08-27,BBRI.JK,"BRI Cetak Laba Rp 3,8 Triliun di Juli 2025, Beban Provisi Turun 55% - TradingView",-0.6,4130.0,123874000,1
2025-08-26,BBRI.JK,"Asing Borong Saham RI Rp731,6 M, BBRI hingga COIN Jadi Primadona - CNBC Indonesia",0.0,4170.0,267465600,0
2025-08-26,BBRI.JK,Riset Bloomberg: BBRI Siap Tembus ROE Teratas di Asia Tenggara - Bloomberg Technoz,0.0,4170.0,267465600,0
2025-08-26,BBRI.JK,"Juli Optimis untuk BRI, Investor Disarankan Lakukan ini - KabarBursa.com",0.0,4170.0,267465600,0
2025-08-25,BBRI.JK,Dividen BBRI: Panduan Lengkap untuk Investor Pemula! - Ajaib,0.6,4210.0,195322200,0
2025-08-25,BBRI.JK,Anggota TNI jadi tersangka kasus dugaan pembunuhan kepala cabang BRI - BBC,0.0,4210.0,195322200,0
2025-08-25,BBRI.JK,Muncul Laba BRI (BBRI) Juli 2025 - investor.id,0.6,4210.0,195322200,0
2025-08-22,BBRI.JK,"Barito Pacific (BRPT) Raih Fasilitas Kredit BRI, Segini Nilainya - Liputan6.com",0.0,4100.0,71971500,1
2025-08-22,BBRI.JK,"Peluang Saham Bank Usai BI Rate Dipangkas, Simak Rekomendasi BBCA, BMRI, BBNI, dan BBTN Ini - InvestorTrust",0.0,4100.0,71971500,1
2025-08-21,BBRI.JK,"BI Rate Turun, Cek Rekomendasi Saham yang Diuntungkan - Bloomberg Technoz",0.0,4150.0,112477700,0
2025-08-20,BBRI.JK,"Setelah Jadi Jawara Top Leaders LQ45, Kini Ratusan Juta Saham BBRI Dilego JP Morgan - KONTAN",0.0,4150.0,173260400,0
2025-08-20,BBRI.JK,"Saham BBRI-BMRI-BBNI-BBTN Melesat, Bulan Ini Terbang Belasan Persen - CNBC Indonesia",0.0,4150.0,173260400,0
2025-08-20,BBRI.JK,Bank BRI (BBRI) Borong 3 Penghargaan Bergengsi di Euromoney Awards for Excellence 2025 - Sinar Harapan - Sinar Harapan,0.0,4150.0,173260400,0
2025-08-19,BBRI.JK,"Sudah Naik 9% Bulan Ini, Analis Ungkap Prospek Saham BBRI - CNBC Indonesia",0.6,4040.0,208409700,1
2025-08-19,BBRI.JK,"QLola by BRI Catat Volume Transaksi Rp5.970 Triliun, User Melonjak 41 Persen - Infobanknews",0.0,4040.0,208409700,1
2025-08-19,BBRI.JK,Munafri Dukung Perbankan Integrasi Pembayaran PBB dan BPHTB Secara Digital - Pemerintah Kota Makassar,0.0,4040.0,208409700,1
2025-08-15,BBRI.JK,"Net Buy Berlanjut Rp 1,30 Triliun, Asing Borong Saham BBRI, BMRI, dan TLKM - InvestorTrust",0.0,4120.0,269255400,0
2025-08-15,BBRI.JK,"Saham BCA, Bank Ina, BRI paling banyak diserbu investor - IDNFinancials",0.0,4120.0,269255400,0
2025-08-15,BBRI.JK,BRI Sosialisasikan Layanan dan Produk Perbankan di Lanud Sjamsudin Noor - TNI AU,0.0,4120.0,269255400,0
2025-08-13,BBRI.JK,"BBCA, BBRI, BMRI serap dana asing terbesar, siapa paling menarik? - IDNFinancials",0.0,4080.0,292104000,0
2025-08-13,BBRI.JK,"Asing Diam-diam Borong Saham BBRI, BMRI, dan BBCA Kala IHSG Menguat - Infobanknews",0.6,4080.0,292104000,0
2025-08-13,BBRI.JK,"Satu Dekade BRI Singapore Branch: Laba Bengkak, Harga Saham Siap Terdongkrak? - KabarBursa.com",0.6,4080.0,292104000,0
2025-08-13,BBRI.JK,Target Harga BBRI - investor.id,0.0,4080.0,292104000,0
2025-08-13,BBRI.JK,Laba BRI Cabang Singapura Melonjak 123% pada Semester I-2025 - kontan.co.id,0.6,4080.0,292104000,0
2025-08-13,BBRI.JK,"Loker di Bank BUMN, BRI Membuka Rekrutmen - SWA.co.id",0.0,4080.0,292104000,0
2025-08-12,BBRI.JK,"Reliance Sekuritas Jagokan 4 Saham Ini, Ada BBRI dan RAJA - InvestorTrust",0.0,4050.0,404797800,1
2025-08-12,BBRI.JK,"IHSG capai rekor tertinggi didukung saham BBRI, BBCA, BMRI - IDNFinancials",0.6,4050.0,404797800,1
2025-08-12,BBRI.JK,"Lompat 6% & Catatkan Nilai Transaksi Tertinggi, BBRI Topang IHSG - Bloomberg Technoz",0.0,4050.0,404797800,1
2025-08-12,BBRI.JK,"Saham BBRI Melesat 5,77% Capai Rp4.030, Nilai Transaksi Rp1,3 T - Market - Bloomberg Technoz",0.0,4050.0,404797800,1
2025-08-12,BBRI.JK,"Investor Fundamental Lagi Senyum-Senyum, Saham BBNI, BBRI, BMRI Lompat - CNBC Indonesia",0.0,4050.0,404797800,1
2025-08-12,BBRI.JK,"PN Jakpus Vonis Eks Pegawai BRI Selama 8 Tahun Penjara Gegara Korupsi Rp 17,2 M - Dandapala Digital",0.0,4050.0,404797800,1
2025-08-12,BBRI.JK,"Kolaborasi dengan BRI Perkuat Jembatan Pendidikan dan Industri - Universitas Tarumanagara, UNTAR",0.0,4050.0,404797800,1
2025-08-12,BBRI.JK,Laba BRI Cabang Singapura Melonjak 123% pada Semester I-2025 - TradingView,0.6,4050.0,404797800,1
2025-08-12,BBRI.JK,Strategi BRI Jangkau Pasar Global - MetroTVNews.com,0.0,4050.0,404797800,1
2025-08-11,BBRI.JK,Dirut BRI (BBRI) Buka-Bukaan Potensi Bisnis Kantor Cabang di Taiwan - CNBC Indonesia,0.0,3810.0,143167900,1
2025-08-08,BBRI.JK,"Laba BBRI Semester I 2025 Turun, Rekomendasi Analis Terbelah antara Hold dan Buy - KabarBursa.com",0.0,3700.0,133180100,1
2025-08-08,BBRI.JK,BRI Buka Kantor Cabang Luar Negeri Baru di Taipei - TradingView,0.0,3700.0,133180100,1
2025-08-07,BBRI.JK,Ombudsman Gorontalo Tindaklanjuti Keluhan Nasabah BRI Telaga - Ombudsman RI,0.0,3710.0,92746000,0
2025-08-07,BBRI.JK,"Eks Pegawai BRI Dituntut 10,5 Tahun Penjara di Kasus Korupsi Rp 17,2 M - Dandapala Digital",0.0,3710.0,92746000,0
2025-08-06,BBRI.JK,Muncul Target Harga Baru Saham BBRI - investor.id,0.0,3710.0,100168200,0
2025-08-06,BBRI.JK,Website DJKN - DJKN,0.0,3710.0,100168200,0
2025-08-06,BBRI.JK,"BRI Cabang Kediri Silaturahmi ke Polres Kediri Kota, Perkuat Sinergi Layanan Publik dan Keamanan - Tribratanews Polres Kediri Kota",0.0,3710.0,100168200,0
2025-08-05,BBRI.JK,"Asing Masuk Pasar Net Buy Rp 552,26 Miliar, Saham BMRI dan BBCA Diborong - InvestorTrust",0.0,3740.0,184822600,0
2025-08-05,BBRI.JK,"Tingkatkan Pendapatan, Perhutani Ngawi Tandatangani PKS Optimalisasi Aset bersama BRI - Perhutani",0.0,3740.0,184822600,0
2025-08-04,BBRI.JK,Book value per share dari PT Bank Rakyat Indonesia (Persero) Tbk Class B – IDX:BBRI - TradingView,0.0,3710.0,104446300,1
2025-07-31,BBRI.JK,"Kredit usaha mikro penuh tantangan, laba BBRI anjlok 11,5% - IDNFinancials",0.0,3710.0,163371700,1
2025-07-31,BBRI.JK,"IHSG Melemah, Saham Pilihan Hari Ini AKRA, BBRI, ICBP & PGAS - Bareksa.com",-0.6,3710.0,163371700,1
2025-07-31,BBRI.JK,3 Analis Asing Bullish Terhadap Saham BBRI Usai Cetak Laba Rp26 T - Bloomberg Technoz,0.6,3710.0,163371700,1
2025-07-31,BBRI.JK,"BRI Rilis Laporan Keuangan: Jika Bagi Dividen Interim, Segini Nilainya - CNBC Indonesia",0.6,3710.0,163371700,1
2025-07-31,BBRI.JK,"Kredit BRI Tumbuh 5,97%, Tembus Rp 1.416,62 Triliun di Semester I-2025 - CNBC Indonesia",0.6,3710.0,163371700,1
2025-07-31,BBRI.JK,"Kolaborasi Pemprov Jateng dan BRI, Tingkatkan Pertumbuhan Ekonomi - Humas Provinsi Jawa Tengah",0.6,3710.0,163371700,1
2025-07-31,BBRI.JK,BBRI profit falls 11.5% as micro loans get under pressure - IDNFinancials,0.0,3710.0,163371700,1
2025-07-31,BBRI.JK,"BRI (BBRI) Bukukan Laba Rp 26,53 Triliun pada Semester I-2025 - CNBC Indonesia",0.6,3710.0,163371700,1
2025-07-31,BBRI.JK,"BRI (BBRI) Cetak Laba Rp 26,53 Triliun, Kredit Tembus Rp 1.416 Triliun di Semester I 2025 - InvestorTrust",0.6,3710.0,163371700,1
2025-07-31,BBRI.JK,"BI Rate Turun, BRI Bakal Sesuaikan Suku Bunga dan Akselerasi Kredit - Infobanknews",-0.6,3710.0,163371700,1
2025-07-31,BBRI.JK,Laba BRI (BBRI) Semester I-2025 - investor.id,0.6,3710.0,163371700,1
2025-07-31,BBRI.JK,Bos BRI (BBRI) Buka-Bukaan Jika Dividen Tahun Ini Bakal Tinggi - CNBC Indonesia,0.6,3710.0,163371700,1
2025-07-25,BBRI.JK,"Asing Berbalik Net Sell Rp 233,81 Miliar, Namun Saham BRPT dan BBRI justru Diborong - InvestorTrust",-0.6,3880.0,86263700,1
2025-07-25,BBRI.JK,"Perbankan Mulai Terbitkan Laporan Keuangan Semester I-2025, Cek Rekomendasi Analis - TradingView",0.0,3880.0,86263700,1
2025-07-25,BBRI.JK,Saham BBRI Diramal Segini - investor.id,0.0,3880.0,86263700,1
2025-07-25,BBRI.JK,Bloomberg Intelligence: BRI Lebih Tahan Hadapi Tekanan Bunga - Bloomberg Technoz,-0.6,3880.0,86263700,1
2025-07-24,BBRI.JK,"Gajian Melalui BRI Bikin Hidup Lebih Mudah: Kisah Nurul Aina, Nasabah Bank Rakyat Indonesia - disway.id - Disway",0.0,3950.0,206654200,0
2025-07-23,BBRI.JK,"Saham BBRI Tertahan, Apa yang Sebaiknya Dilakukan Investor? - KabarBursa.com",0.0,3800.0,132305000,1
2025-07-23,BBRI.JK,"Bank BRI (BBRI) Dukung Penuh Inisiatif Presiden Prabowo, Bangkitkan Ekonomi Desa Lewat KDMP - Sinar Harapan - Sinar Harapan",0.0,3800.0,132305000,1
2025-07-23,BBRI.JK,Hery Gunardi: BRImo berubah dari mobile banking jadi super apps - IDNFinancials,0.0,3800.0,132305000,1
2025-07-23,BBRI.JK,"Oknum Pegawai Tilap Rp 900 Juta Lebih, Pemimpin BRI Cabang Biak Beri Tanggapan - Cepos Online",0.0,3800.0,132305000,1
2025-07-22,BBRI.JK,"Saham Bank Blue Chip Ini Dibeli Blackrock JP Morgan Vanguard, Investor Beli / Jual? - TradingView",-0.6,3840.0,84902800,0
2025-07-22,BBRI.JK,"Kinerja Keuangan BBRI: Tantangan Margin, Harapan di Semester Kedua - KabarBursa.com",0.0,3840.0,84902800,0
2025-07-22,BBRI.JK,"Transaksi Melonjak, Bank BRI (BBRI) Catat Volume Rp843 Triliun lewat AgenBRILink! - Sinar Harapan - Sinar Harapan",0.0,3840.0,84902800,0
2025-07-22,BBRI.JK,Website DJKN - DJKN,0.0,3840.0,84902800,0
2025-07-21,BBRI.JK,"Saham BBRI Tersengat Sentimen Positif Koperasi Merah Putih, Cek Rekomendasi Analis - kontan.co.id",0.6,3830.0,89765800,1
2025-07-18,BBRI.JK,Bank BRI (BBRI) dan Danantara Kompak Dorong Transformasi Culture Menuju One of The Most Profitable Bank in Southeast Asia Melalui BRILiaN Way! - Sinar Harapan - Sinar Harapan,0.0,3860.0,111030000,0
2025-07-18,BBRI.JK,Musim Lapkeu Segera Tiba! Ini Jadwal BRI-BNI-Mandiri - CNBC Indonesia,0.0,3860.0,111030000,0
2025-07-17,BBRI.JK,Segini Dividen yang Diterima Jika Punya Satu Lot BBRI hingga BBCA - Bloomberg Technoz,0.6,3890.0,111359500,0
2025-07-17,BBRI.JK,Saham BBRI Bisa Tembus Rp 5.000-an - investor.id,0.0,3890.0,111359500,0
2025-07-17,BBRI.JK,"Jalin Silaturahmi, Lapas Bandanaira Terima Kunjungan Pimpinan BRI Cabang Banda - Direktorat Jenderal Pemasyarakatan",0.0,3890.0,111359500,0
2025-07-17,BBRI.JK,"Viral Uang Nasabah Dalam Rekening Hilang, BRI Cabang Selong Nilai Transaksinya Sah - insidelombok.id",0.0,3890.0,111359500,0
2025-07-16,BBRI.JK,"Saham Bank BRI (BBRI) Jadi Incaran Raksasa Global! JP Morgan, BlackRock, dan Vanguard Terus Akumulasi - Sinar Harapan - Sinar Harapan",0.0,3880.0,241966800,1
2025-07-15,BBRI.JK,Tiga Raksasa Investasi AS Tambah Posisi di Portofolio BBRI - Bloomberg Technoz,0.0,3880.0,183209300,0
2025-07-15,BBRI.JK,"BlackRock, Vanguard, dan JP Morgan Tambah Saham BBRI, Yakin Daya Tarik BRI Oleh Warta Ekonomi - Investing.com Indonesia",0.0,3880.0,183209300,0
2025-07-15,BBRI.JK,"3 Investor AS Ini Rajin Tambah Kepemilikan Saham BBRI, Ini Kata Bos BRI - TradingView",0.0,3880.0,183209300,0
2025-07-15,BBRI.JK,"Selain JP Morgan, BlackRock dan Vanguard Juga Tambah Kepemilikan Saham BBRI - KabarBursa.com",0.0,3880.0,183209300,0
2025-07-15,BBRI.JK,Saham BBRI Diserok - investor.id,0.0,3880.0,183209300,0
2025-07-15,BBRI.JK,BRI Bukukan Sustainable Finance Sebesar Rp796 Triliun per Kuartal I 2025 - kontan.co.id,0.0,3880.0,183209300,0
2025-07-14,BBRI.JK,"Fundamental Kuat, BlackRock & Vanguard Tambah Kepemilikan Saham BBRI - CNBC Indonesia",0.0,3780.0,167151400,1
2025-07-14,BBRI.JK,"BlackRock Diam-diam Borong 142,31 Juta Saham BBRI - CNBC Indonesia",0.0,3780.0,167151400,1
2025-07-14,BBRI.JK,Berkelas! Bank BRI (BBRI) Dinobatkan Sebagai Private Banker Terbaik Indonesia 2025 - Sinar Harapan - Sinar Harapan,0.0,3780.0,167151400,1
2025-07-14,BBRI.JK,"Eks Dirutnya Jadi Tersangka Korupsi EDC BRI, ini Profil PT Bringin Inti Teknologi - KONTAN",0.0,3780.0,167151400,1
2025-07-14,BBRI.JK,BlackRock and Vanguard Raise Stakes in Indonesia’s BRI Amid Ongoing Transformation Drive - InvestorTrust,0.0,3780.0,167151400,1
2025-07-14,BBRI.JK,"BRI Luncurkan BRILiaN Way, Transformasi Culture Menuju One of The Most Profitable Bank in Southeast Asia - InvestorTrust",0.0,3780.0,167151400,1
2025-07-11,BBRI.JK,Ramalan Nasib Saham BBRI - investor.id,0.0,3880.0,255634700,0
2025-07-11,BBRI.JK,Deretan Anak Usaha BRI: Siapa Saja dan Mana yang Paling Cuan? - detikFinance,0.0,3880.0,255634700,0
2025-07-11,BBRI.JK,"Dukung Warga Binaan, Camat dan BRI Borong Hasil Panen Lapas Wahai - Direktorat Jenderal Pemasyarakatan",0.0,3880.0,255634700,0
2025-07-11,BBRI.JK,"Tekan Cost of Fund, BRI Terus Genjot Peningkatan Porsi Dana Murah - pasardana.id",0.0,3880.0,255634700,0
2025-07-11,BBRI.JK,"Perkuat Struktur Pendanaan Jangka Panjang, BRI Fokus Himpun Dana Murah - Infobanknews",0.0,3880.0,255634700,0
2025-07-10,BBRI.JK,Alasan Hermanto Tanoko Tetap Jagokan Saham BBRI - Bloomberg Technoz,0.0,3870.0,290117200,1
2025-07-10,BBRI.JK,Terungkap! Ada Crazy Rich Pegang Saham BBRI dan BBNI - CNBC Indonesia,0.0,3870.0,290117200,1
2025-07-10,BBRI.JK,"IHSG Menguat 0,88%, Saham BBRI dan BMRI Melaju Kencang - Bloomberg Technoz",0.6,3870.0,290117200,1
2025-07-10,BBRI.JK,"Saham BBRI-BMRI Kompak Terbang, Ternyata Ini Penyebabnya - CNBC Indonesia",0.0,3870.0,290117200,1
2025-07-10,BBRI.JK,PNM Bikin Segmen Ultra Mikro BBRI Makin Moncer - Bloomberg Technoz,0.0,3870.0,290117200,1
2025-07-10,BBRI.JK,Saham BBRI Meroket! Naik 5% Sehari - CNBC Indonesia,0.6,3870.0,290117200,1
2025-07-10,BBRI.JK,"Bank BRI (BBRI) Masuk 114 Besar Dunia Versi The Banker, Puncaki Daftar Bank Indonesia! - Sinar Harapan - Sinar Harapan",0.0,3870.0,290117200,1
2025-07-10,BBRI.JK,"JP Morgan Blackrock Vanguard Beli Saham Blue Chip Ini, Investor Receh Jual/Beli? - kontan.co.id",-0.6,3870.0,290117200,1
2025-07-10,BBRI.JK,"Saham Big Banks (BBRI, BBNI, BMRI, BBCA) Kompak Hijau, Ini Pendorongnya - Bisnis.com",0.0,3870.0,290117200,1
2025-07-10,BBRI.JK,BRI raih 11 penghargaan di ajang Banking Service Excellence 2025 - ANTARA News,0.0,3870.0,290117200,1
2025-07-10,BBRI.JK,BRI (BBRI) Duduki Peringkat Tertinggi Bank Terbaik RI - CNBC Indonesia,0.0,3870.0,290117200,1
2025-07-10,BBRI.JK,BPJS Ketenagakerjaan dan BRI Perluas Perlindungan Pekerja Informal di Gunungsitoli - Mistar.id,0.0,3870.0,290117200,1
2025-07-09,BBRI.JK,"JP Morgan Blackrock Vanguard Beli Saham Blue Chip Ini, Investor Receh Jual/Beli? - TradingView",-0.6,3680.0,92437900,1
2025-07-09,BBRI.JK,"Konsisten Jaga Mutu Pelayanan, BRI Raih 11 Penghargaan di Ajang Banking Service Excellence 2025 - Biz Kompas",0.0,3680.0,92437900,1
2025-07-08,BBRI.JK,"Di Tengah Tekanan Pasar, JP Morgan Tambah Kepemilikan Saham BRI - Bloomberg Technoz",-0.6,3670.0,115551200,1
2025-07-08,BBRI.JK,JP Morgan Borong Lagi Saham BBRI: Analisis Teknikal Rekomendasikan Beli? - KabarBursa.com,0.0,3670.0,115551200,1
2025-07-08,BBRI.JK,"Kepercayaan Investor Dunia Meningkat, JP Morgan Borong Saham BRI - oganilir.disway.id - Disway",0.6,3670.0,115551200,1
2025-07-08,BBRI.JK,KPK Tetapkan 5 Tersangka Korupsi Pengadaan Mesin EDC di BRI - kpk.go.id,0.0,3670.0,115551200,1
2025-07-07,BBRI.JK,"Aksi Blackrock, JP Morgan Hingga Vanguard yang Mulai Serok Saham BRI (BBRI) - TradingView",0.0,3700.0,78783800,0
2025-07-07,BBRI.JK,"Market Trust ke Fundamental, Analis Kompak Rekomendasikan Saham BBRI - kumparan.com - Kumparan.com",0.0,3700.0,78783800,0
2025-07-07,BBRI.JK,Potensi Dividen BBRI hingga Target Harga - investor.id,0.6,3700.0,78783800,0
2025-07-07,BBRI.JK,"BRI, Si Raksasa UMKM yang Tak Pernah Tidur - detikFinance",0.0,3700.0,78783800,0
2025-07-04,BBRI.JK,"BBRI Kembali Jadi Favorit, JPMorgan Borong 117,42 Juta Saham di Tengah Koreksi Pasar Oleh Warta Ekonomi - Investing.com Indonesia",0.0,3670.0,91141200,1
2025-07-04,BBRI.JK,"JPMorgan Borong 117,42 Juta Saham BRI (BBRI) - CNBC Indonesia",0.0,3670.0,91141200,1
2025-07-04,BBRI.JK,"Perluas Jangkauan Layanan, BRI Cabang Morowali Buka Unit Kerja Baru di Bahodopi - Sonora.id",0.0,3670.0,91141200,1
2025-07-03,BBRI.JK,"Harga Sedang Murah, JP Morgan Kembali Borong 117,42 juta Saham BBRI - TradingView",0.0,3680.0,119674300,0
2025-07-03,BBRI.JK,"JP Morgan Borong Lagi Saham BBRI, Sinyal Kembalinya Kepercayaan Investor Global - kontan.co.id",0.0,3680.0,119674300,0
2025-07-03,BBRI.JK,"Kepercayaan Investor Global Menguat, Transformasi Jadi Fondasi Daya Tarik Saham BBRI - investor.id",0.6,3680.0,119674300,0
2025-07-02,BBRI.JK,"Sepekan Terkoreksi 2,31 Persen, Berapa Harga Wajar Saham BBRI? - KabarBursa.com",-0.6,3680.0,220273500,0
2025-07-02,BBRI.JK,Saham BBRI Serok di Harga Segini - investor.id,0.0,3680.0,220273500,0
2025-07-02,BBRI.JK,Harga Saham BRI (BBRI) Diproyeksi Bisa ke Sini - CNBC Indonesia,0.0,3680.0,220273500,0
2025-07-02,BBRI.JK,Mau Cuan Halal? Ini Cara Investasi Saham Syariah di BRI Danareksa - IDX Channel,0.0,3680.0,220273500,0
2025-07-01,BBRI.JK,BRI Fokuskan Langkah Transformasi di Seluruh Aspek - CNBC Indonesia,0.0,3700.0,212288800,0
2025-07-01,BBRI.JK,Bos BRI Buka Suara Soal KPK Usut Pengadaan EDC Periode 2020-2024 - Infobanknews,0.0,3700.0,212288800,0
2025-06-30,BBRI.JK,🏧 BBRI 5M25: Laba Bersih Bank Only -15% YoY - Stockbit Snips,0.6,3740.0,271933200,0
2025-06-30,BBRI.JK,Nasib Saham BBRI - investor.id,0.0,3740.0,271933200,0
2025-06-30,BBRI.JK,"Akses Dana Tunai Lebih Cepat, BRI Hadirkan Loan On App - Finansial - Bloomberg Technoz",0.0,3740.0,271933200,0
2025-06-30,BBRI.JK,"KPK Sidik Kasus Dugaan Korupsi Pengadaan EDC di BRI (BBRI), ini Profil Mitra BRI - KONTAN",0.0,3740.0,271933200,0
2025-06-26,BBRI.JK,"Sambut Libur Panjang, Bank BRI (BBRI) Pastikan Layanan Perbankan Tetap Aktif! - Sinar Harapan - Sinar Harapan",0.0,3830.0,171427000,0
2025-06-26,BBRI.JK,KPK Periksa Eks Wakil Direktur Utama BRI Catur Budi Harto - Tempo.co,0.0,3830.0,171427000,0
2025-06-26,BBRI.JK,BRI Pimpin Daftar Bank Nasional di Fortune Southeast Asia 500 - Bloomberg Technoz,0.0,3830.0,171427000,0
2025-06-24,BBRI.JK,"Punya Saham BBCA, BBRI, BMRI hingga ICBP. Cuan Reksadana Batavia & Ciptadana Melesat - Bareksa.com",0.0,3780.0,281594300,0
2025-06-23,BBRI.JK,"Saham Bank LQ45 Memerah saat IHSG Turun pada Senin (23/6), Ada BBRI, BMRI, dan BBCA - kontan.co.id",-0.6,3720.0,222067700,1
2025-06-23,BBRI.JK,"Tanda-tanda Perang Dunia 3 Muncul, Big Caps Berguguran - Bloomberg Technoz",0.0,3720.0,222067700,1
2025-06-23,BBRI.JK,BRI terbitkan Social Bond senilai Rp5 triliun untuk pembiayaan inklusif dan berkelanjutan - ANTARA News,0.0,3720.0,222067700,1
2025-06-20,BBRI.JK,"Saham BBRI Lagi Murah, Ingat Kata Lo Kheng Hong - investor.id",0.0,3790.0,516177900,0
2025-06-20,BBRI.JK,Saham PTRO Katanya Lagi Begini - investor.id,0.0,3790.0,516177900,0
2025-06-19,BBRI.JK,"Saham BBRI Lagi Banyak Merah, Lo Kheng Hong Bilang Begini - investor.id",0.0,3800.0,355413000,0
2025-06-19,BBRI.JK,"Saham Rontok Berjemaah, Gara-gara Apa? - investor.id",0.0,3800.0,355413000,0
2025-06-19,BBRI.JK,Website DJKN - DJKN,0.0,3800.0,355413000,0
2025-06-18,BBRI.JK,Kata Lo Kheng Hong soal Laba BBRI - investor.id,0.6,3940.0,140882100,0
2025-06-18,BBRI.JK,"Cara Trading Saham lewat BRI Danareksa BRIGHTS: Buka Rekening, Buy dan Sell Order - IDX Channel",0.0,3940.0,140882100,0
2025-06-18,BBRI.JK,"Perang Iran-Israel: Saham Bank Tertekan, Saham Migas Naik Terbatas - Kompas.id",0.6,3940.0,140882100,0
2025-06-18,BBRI.JK,"Human Capital School - ""AI or Human: Who Leads?"" - FHCI BUMN",0.0,3940.0,140882100,0
2025-06-18,BBRI.JK,Kelas Dunia! BRI Dinobatkan Sebagai Perusahaan Publik Terbesar di Indonesia dalam Daftar Forbes Global 2000 Tahun 2025 - InvestorTrust,0.0,3940.0,140882100,0
2025-06-18,BBRI.JK,"Danlanud Abd Saleh Terima Kunjungan Audiensi Pimpinan BRI Regional Malang, Pererat Sinergi Lembaga - TNI AU",0.0,3940.0,140882100,0
2025-06-18,BBRI.JK,"BRI Terapkan Kebijakan Baru Layanan Prioritas, FUM Minimum Rp1 Miliar - SINDOnews Ekbis",0.0,3940.0,140882100,0
2025-06-18,BBRI.JK,BRI Terapkan Kebijakan Baru pada Layanan Prioritas - CNBC Indonesia,0.0,3940.0,140882100,0
2025-06-17,BBRI.JK,"Saham BBRI Turun Lagi, Gara-gara Apa? - investor.id",-0.6,3960.0,125769400,0
2025-06-17,BBRI.JK,BBRI Kenapa? Padahal Targetnya Segini - investor.id,0.0,3960.0,125769400,0
2025-06-13,BBRI.JK,"Potensi Saham Bank Naik di Juli-Agustus Capai 80%, Ini Rekomendasi Investasinya! - Bareksa.com",0.6,4000.0,283826000,0
2025-06-12,BBRI.JK,Saham BBRI Kenapa? - investor.id,0.0,4070.0,113850500,0
2025-06-10,BBRI.JK,"Saat Pegawai Berusia 30 Tahun Didakwa Korupsi BRI Rp 17,2 M untuk Judol - Dandapala Digital",0.0,4150.0,179827500,0
2025-06-10,BBRI.JK,BBRI tawarkan obligasi berwawasan sosial hingga Rp5 triliun - IDNFinancials,0.0,4150.0,179827500,0
2025-06-04,BBRI.JK,"Tanda Perbaikan Tampak, Saham BRI (BBRI) Diprediksi Menuju Level Ini - InvestorTrust",0.0,4080.0,279755300,1
2025-06-04,BBRI.JK,Harga Wajar Saham BBRI Ternyata Segini - investor.id,0.0,4080.0,279755300,1
2025-06-04,BBRI.JK,Ada Arahan untuk Saham PIK 2 (PANI) - investor.id,0.0,4080.0,279755300,1
2025-06-04,BBRI.JK,"Peluang Cuan Saham BRPT Masih Terbuka, Muncul Petunjuknya - investor.id",0.0,4080.0,279755300,1
2025-06-03,BBRI.JK,"Pelemahan 4 Saham Big Bank Tekan IHSG, Intip kembali Target Harga BBCA, BBRI, BMRI, dan BBNI - InvestorTrust",0.0,4200.0,277902300,0
2025-06-03,BBRI.JK,Tiga Skema Peluang Danantara Ambil Alih BRIS dari BMRI dkk - Mikir Duit,0.0,4200.0,277902300,0
2025-06-03,BBRI.JK,75 Pegawai PPPK Kemenag Kota Tual Yang Baru Dilantik pada Tahap 1 Tahun Pengangkatan 2024 Terima Buku Rekening BRI secara Langsung - Kementerian Agama,0.0,4200.0,277902300,0
2025-06-03,BBRI.JK,BRI Salurkan Buku Rekening untuk 100 PPPK Kemenag Malra - Kementerian Agama,0.0,4200.0,277902300,0
2025-05-28,BBRI.JK,"Saham Incaran Asing, Bisa Tembus Rp 6.000-an - investor.id",0.0,4450.0,466133500,0
2025-05-28,BBRI.JK,"Vanguard akumulasi saham ini, mengapa? Oleh IDNFinancials.com - Investing.com Indonesia",0.0,4450.0,466133500,0
2025-05-28,BBRI.JK,Strategi Pendanaan Bank BRI (BBRI) Berjalan Mulus! BRImo dan AgenBRILink Jadi Pilar Utama - Sinar Harapan - Sinar Harapan,0.0,4450.0,466133500,0
2025-05-28,BBRI.JK,"Hakim Tipikor Ngaku Ingin Punya Saham BRI, Tapi Belum Ada Uang - Tabura Pos",0.0,4450.0,466133500,0
2025-05-26,BBRI.JK,"BRI (BBRI) Siaga Hadapi Tekanan Kredit, Prospek 2025 Tetap Positif - kontan.co.id",0.6,4320.0,149418600,1
2025-05-26,BBRI.JK,"Jelang Rebalancing MSCI, Saham MDKA, BBRI, NCKL Menarik Dipantau - KabarBursa.com",0.0,4320.0,149418600,1
2025-05-26,BBRI.JK,Investor Asing Borong Saham BBCA dan BBRI Hingga Rp1 T Lebih - Bloomberg Technoz,0.0,4320.0,149418600,1
2025-05-26,BBRI.JK,Indo Premier: Sentimen yang Pengaruhi IHSG Pekan Ini - Tempo.co,0.0,4320.0,149418600,1
2025-05-26,BBRI.JK,Sabet 3 Penghargaan dari The Asset! Layanan Keuangan Bank BRI (BBRI) Diakui Dunia - Sinar Harapan - Sinar Harapan,0.0,4320.0,149418600,1
2025-05-26,BBRI.JK,"Persib Bandung Bakal Lepas Saham ke Publik, Yuk Lihat Lagi Apa yang Terjadi saat IPO Bali United - Bola.com",0.0,4320.0,149418600,1
2025-05-26,BBRI.JK,"Lazismu Perluas Kolaborasi Financial Super App Dengan BRI, Tingkatkan Layanan Donasi ZISKA di Seluruh Indonesia - Lazismu",0.0,4320.0,149418600,1
2025-05-26,BBRI.JK,BRI Borong Tiga Penghargaan Internasional - Bloomberg Technoz,0.0,4320.0,149418600,1
2025-05-23,BBRI.JK,"IHSG Tembus 7.200, BBRI, ANTM, BBCA Paling Banyak Net Buy Asing, Jumat (23/5) - Pusat Data Kontan",0.0,4350.0,108182800,0
2025-05-22,BBRI.JK,"BI Pangkas Suku Bunga, Puluhan Saham Ini Dapat Berkah: BRI - GOTO - CNBC Indonesia",0.0,4300.0,208291800,1
2025-05-22,BBRI.JK,Website DJKN - DJKN,0.0,4300.0,208291800,1
2025-05-22,BBRI.JK,Kemensetneg dan BRI Sosialisasikan Literasi Keuangan - Kementerian Sekretariat Negara,0.0,4300.0,208291800,1
2025-05-21,BBRI.JK,"Koleksi Saham ANTM, BBRI, BMRI, BBCA hingga PGAS, Cuan Reksadana Manulife dan Schroder Ngegas - Bareksa.com",0.0,4260.0,256020200,1
2025-05-21,BBRI.JK,"Rekomendasi Saham BBRI, BBNI, BMRI, BBCA Jelang Keputusan BI Rate - Bloomberg Technoz",0.0,4260.0,256020200,1
2025-05-21,BBRI.JK,"IHSG Naik 0,67% Hari Ini (21/5), Net Buy Asing Tembus Rp 993 Miliar - Pusat Data Kontan",0.6,4260.0,256020200,1
2025-05-21,BBRI.JK,"Berkat Dividen, Deretan Saham Ini Jadi Incaran Asing: Ada BRI-Astra - CNBC Indonesia",0.6,4260.0,256020200,1
2025-05-20,BBRI.JK,Ini 7 Peran BRI Bawa Ekonomi Indonesia Lebih Kuat - CNBC Indonesia,0.0,4210.0,209576900,1
2025-05-19,BBRI.JK,"Punya Saham BBRI, BMRI, PTBA, hingga MDKA, Cuan Reksadana Campuran Demina & Trimegah Melesat - Bareksa.com",0.0,4230.0,145935500,0
2025-05-19,BBRI.JK,"Terbesar di Indonesia, Portofolio ""Sustainable Finance"" BRI Tembus Rp 796 Triliun - InvestorTrust",0.0,4230.0,145935500,0
2025-05-19,BBRI.JK,"Investor Asing Belanja Rp 5 T Sepekan, Saham Bank Jumbo BBRI, BMRI, BBCA Diserbu - MSN",0.0,4230.0,145935500,0
2025-05-19,BBRI.JK,BRI vs BNI vs Bank Mandiri: Siapa Paling Royal Bagi Dividen Tahun Ini? - CNBC Indonesia,0.6,4230.0,145935500,0
2025-05-19,BBRI.JK,BRI Cabang Soa Sio Bagikan Mobil dan Puluhan Hadiah ke Nasabah - Sonora.id,0.0,4230.0,145935500,0
2025-05-16,BBRI.JK,"Lagi, Asing Borong Saham BBRI Hampir Rp1 Triliun - KabarBursa.com",0.0,4250.0,289337600,0
2025-05-16,BBRI.JK,Danlanud Iswahjudi Terima Audiensi Pimpinan BRI Cabang Magetan - TNI AU,0.0,4250.0,289337600,0
2025-05-15,BBRI.JK,"Punya Saham BMRI, BBNI, BBRI, dan JPFA, Cuan Reksadana Saham Sucorinvest Melambung - Bareksa.com",0.0,4270.0,537151700,0
2025-05-15,BBRI.JK,"Investor Asing Net Buy Saham Rp 1,68 Triliun, BBRI Tetap Jadi Incaran Teratas - InvestorTrust",0.0,4270.0,537151700,0
2025-05-14,BBRI.JK,"Mengejutkan! Investor Asing Net Buy Saham Rp 2,83 Triliun dalam Sehari, BBRI Akhirnya Memimpin - InvestorTrust",0.0,4090.0,461642400,1
2025-05-14,BBRI.JK,Strategi Manajemen Risiko BRI di Tengah Dinamika Ekonomi Global - Infobanknews,-0.6,4090.0,461642400,1
2025-05-08,BBRI.JK,"BRI Bukukan NPL 2,97% di Triwulan I/2025 - Bloomberg Technoz",0.0,3790.0,224121900,1
2025-05-06,BBRI.JK,BBRI perkuat CASA melalui sektor UMKM - IDNFinancials,0.0,3880.0,111333800,1
2025-05-05,BBRI.JK,Segini Keuntungan 1 Lot Saham BBRI dari Dividen dan Capital Gain Jika Beli di Harga Rendah - IDX Channel,0.6,3860.0,196917100,1
2025-05-05,BBRI.JK,"NPL Turun, Kredit Macet BRI di Segmen Usaha Kecil Masih yang Tertinggi - kontan.co.id",-0.6,3860.0,196917100,1
2025-05-05,BBRI.JK,"Meski Laba Turun Kuartal I-2025, Dua Sekuritas Ini masih Pertahankan Prospek Kuat Saham BRI (BBRI) - InvestorTrust",0.6,3860.0,196917100,1
2025-05-05,BBRI.JK,"Panen Hadiah BRI Cabang Nabire, Serahkan Hadiah Utama Mobil - Papuaposnabire",0.0,3860.0,196917100,1
2025-05-05,BBRI.JK,"Lagi ! Nasabah BRI Biak Alami Dugaan Restrukturisasi Fiktif, Bongkar Fakta Ini - Berita Indonesia Timur - Koreri",0.0,3860.0,196917100,1
2025-05-02,BBRI.JK,"Laba BBRI Kuartal I 2025 Turun, Begini Rekomendasi dan Target Harga Sahamnya! - Bareksa.com",0.0,3880.0,205628100,0
2025-05-02,BBRI.JK,"Kinerja BRI Insurance 2024 Melesat, Laba Capai Rp 702 Miliar - Tempo.co",0.6,3880.0,205628100,0
2025-05-02,BBRI.JK,"Raih Kinerja Positif di Kuartal I 2025, BRI Optimis Bisnis Tumbuh Berkelanjutan - kontan.co.id",0.6,3880.0,205628100,0
2025-05-02,BBRI.JK,Langkah Besar BRI (BBRI) Menuju Bank Universal - investor.id,0.0,3880.0,205628100,0
2025-05-02,BBRI.JK,Memahami Perbedaan Angka Kemiskinan versi Bank Dunia dan BPS - Berita dan Siaran Pers - Badan Pusat Statistik Indonesia,0.0,3880.0,205628100,0
2025-04-30,BBRI.JK,Dirut: Danantara Akan Membuat BRI (BBRI) Lebih Fleksibel - Bloomberg Technoz,0.0,3850.0,226832200,1
2025-04-30,BBRI.JK,"Triwulan I-2025, BRI raih laba bersih Rp13,80 triliun - Antara News jatim",0.6,3850.0,226832200,1
2025-04-30,BBRI.JK,Dirut: Danantara Akan Membuat BRI (BBRI) Lebih Fleksibel - Market - Bloomberg Technoz,0.0,3850.0,226832200,1
2025-04-30,BBRI.JK,"Kuartal I 2025, BRI Cetak Laba Rp13,8 Triliun dan Kredit Tumbuh 4,9 Persen - Infobanknews",0.6,3850.0,226832200,1
2025-04-30,BBRI.JK,"Kempis! Laba BRI (Only) Triwulan I 2025 Anjlok 24,8 Persen Jadi Rp11,09 Triliun dari Rp15,03 Triliun, Apa yang Terjadi, Oh BRI? - Infobanknews",0.0,3850.0,226832200,1
2025-04-29,BBRI.JK,H A Rahman Terima Kunjungan Pimpinan Bank BRI Cabang Bima - Pemerintah Kota Bima,0.0,3850.0,160631400,0
2025-04-29,BBRI.JK,"Lewat LinkUMKM, BRI Dorong UMKM Naik Kelas dan Siap Bersaing - Bloomberg Technoz",0.6,3850.0,160631400,0
2025-04-28,BBRI.JK,"Sinergi Erat Imigrasi, TNI, dan BRI Wujudkan Bakti Sosial dalam Rangkaian Peresmian TNI AD Manunggal Air Bersih di Gunungkidul – Website Resmi Kantor Imigrasi Kelas I TPI Yogyakarta - Kantor Imigrasi Kelas I TPI Yogyakarta",0.0,3840.0,212945800,1
2025-04-28,BBRI.JK,Bali Nature Tembus Pasar Global Berkat Dukungan BRI - Bloomberg Technoz,0.0,3840.0,212945800,1
2025-04-25,BBRI.JK,"UBS Overweight Saham RI - Goldman Sach Update Rating Big Bank, Sinyal Mulai Bangkit? - Mikir Duit",0.0,3740.0,136517100,1
2025-04-25,BBRI.JK,Saham Perbankan: 7 Pilihan Terbaik untuk Portofolio Anda - brights.id,0.0,3740.0,136517100,1
2025-04-23,BBRI.JK,"Pemegang Saham BBRI Panen Dividen Final Senilai Rp 31,4 T - CNBC Indonesia",0.6,3760.0,432999900,0
2025-04-23,BBRI.JK,"BRI bayar dividen tunai ke pemegang saham Rp31,4 triliun pada hari ini - ANTARA News Jambi",0.6,3760.0,432999900,0
2025-04-23,BBRI.JK,"Koleksi 2 Saham Bank Ini, Lo Kheng Hong Dapat Dividen Rp 17,8 M - kontan.co.id",0.6,3760.0,432999900,0
2025-04-23,BBRI.JK,"Segini Besaran Dividen BBRI 2025, Cair Hari Ini - Liputan6.com",0.6,3760.0,432999900,0
2025-04-23,BBRI.JK,"Hingga Akhir Maret 2025, Jumlah Agen BRILink Tembus 1,2 Juta - TradingView",0.0,3760.0,432999900,0
2025-04-23,BBRI.JK,"Segera Cek Rekening! Dividen BRI (BBRI) Masuk Hari Ini, Segini per Sahamnya - Infobanknews",0.6,3760.0,432999900,0
2025-04-22,BBRI.JK,"Saham Sejuta Umat BBRI Bagikan Dividen, Begini Siasat Mengamankan Cuan - Bisnis Indonesia Premium",0.6,3630.0,147116900,1
2025-04-22,BBRI.JK,"Bahas Rencana Launching Radio Line, BRI Temui Wali Kota Amin - Portal Probolinggo Kota",0.0,3630.0,147116900,1
2025-04-22,BBRI.JK,"Pemkot Probolinggo Kerja Sama dengan BRI, Warga Wajib Tahu - Radar Bangsa",0.0,3630.0,147116900,1
2025-04-21,BBRI.JK,BPJS Ketenagakerjaan Serok Saat Asing Obral Saham Big Cap - BPJS Ketenagakerjaan,0.0,3620.0,107470200,1
2025-04-21,BBRI.JK,"Nggak Perlu Cek Rekening Lagi, Kini Dividen Saham Langsung Masuk RDN! - Bareksa.com",0.6,3620.0,107470200,1
2025-04-21,BBRI.JK,"Analisis Saham Dividen Tinggi 2025: UNTR, ASII, BBRI, INDF - KabarBursa.com",0.6,3620.0,107470200,1
2025-04-21,BBRI.JK,Mengapa Saham BBRI Tertekan? Ini Biang Keroknya - detikFinance,0.0,3620.0,107470200,1
2025-04-17,BBRI.JK,Video: Dirut Baru Janji Bawa BRI Jadi Bank Dengan Laba Terbesar ASEAN - CNBC Indonesia,0.6,3640.0,121059300,0
2025-04-16,BBRI.JK,"Ambisi Besar Bos BRI, Mau Bawa Laba BBRI Terbesar di Asia Tenggara - CNBC Indonesia",0.6,3650.0,233772400,0
2025-04-14,BBRI.JK,BBRI siapkan dana buyback saham Rp3 triliun - IDNFinancials,0.6,3690.0,169458300,0
2025-04-14,BBRI.JK,FAC Sekuritas - FAC Sekuritas,0.0,3690.0,169458300,0
2025-04-14,BBRI.JK,BRI: Buyback Rp3 triliun untuk tahap awal dilaksanakan pada April 2025 - ANTARA News Jambi,0.6,3690.0,169458300,0
2025-04-14,BBRI.JK,"Siapkan Dana Rp 3 T, Periode Buyback Saham BBRI Dimulai Bulan Ini - CNBC Indonesia",0.6,3690.0,169458300,0
2025-04-14,BBRI.JK,Dampak Buyback BRI Rp3 Triliun buat Investor Jangka Panjang - KabarBursa.com,0.6,3690.0,169458300,0
2025-04-14,BBRI.JK,"BRI Siapkan Buyback Saham Rp3 Triliun, Bukti Optimisme terhadap Kinerja Jangka Panjang - medialampung.disway.id - Media Lampung",0.6,3690.0,169458300,0
2025-04-14,BBRI.JK,"BRI Biak Tanggapi Pemberitaan Soal Nasabah Meike Telussa, Ini Klarifikasinya - Berita Indonesia Timur Terkini - Koreri",0.0,3690.0,169458300,0
2025-04-11,BBRI.JK,"Saham BBRI Turun Pasca Cum Date Dividen, Saatnya Beli Harga Murah? - Bareksa.com",0.0,3630.0,301200600,1
2025-04-11,BBRI.JK,"Cum Date Dividen Sudah Lewat, Saham BBRI Kembali Terkoreksi Pada Jumat (11/4) - TradingView",0.0,3630.0,301200600,1
2025-04-11,BBRI.JK,Siap-siap Ex Dividen BBRI - investor.id,0.6,3630.0,301200600,1
2025-04-11,BBRI.JK,Lo Kheng Hong Pegang Saham Segini Setelah Cum Dividen BBRI 2025 - Bisnis.com,0.6,3630.0,301200600,1
2025-04-10,BBRI.JK,Kamu Punya Saham BBRI dan BMRI di Harga Atas? Terapkan Strategi Ini! - Bareksa.com,0.0,3800.0,417562900,0
2025-04-10,BBRI.JK,FAC Sekuritas - FAC Sekuritas,0.0,3800.0,417562900,0
2025-04-10,BBRI.JK,"Saham BMRI, BBRI, BBNI, Sampai BBCA Sudah Murah, Saatnya Masuk? - Bloomberg Technoz",0.0,3800.0,417562900,0
2025-04-10,BBRI.JK,Mau Dapat THR Dividen BRI? Investor Wajib Borong Hari Ini - CNBC Indonesia,0.6,3800.0,417562900,0
2025-04-10,BBRI.JK,"Simak! Jadwal Pembagian Dividen “Gemuk” BRI, Bank Mandiri, BNI, dan BTN - Infobanknews",0.6,3800.0,417562900,0
2025-04-10,BBRI.JK,"4 Bank BUMN Bagi Dividen, Cek Waktu Beli & Pembayaran - Bloomberg Technoz",0.6,3800.0,417562900,0
2025-04-10,BBRI.JK,BRIDS dan BRI Hadirkan Layanan Investasi bagi Nasabah Prioritas - Infobanknews,0.0,3800.0,417562900,0
2025-04-10,BBRI.JK,Bank BRI Branch Office Rantepao Buka Layanan Terbatas Pada Libur Lebaran 2025 - Kareba Toraja,0.0,3800.0,417562900,0
2025-04-10,BBRI.JK,"Gandeng Bank BRI, BRIDS Luncurkan Layanan Investasi Terintegrasi - Marketeers",0.0,3800.0,417562900,0
2025-04-09,BBRI.JK,"Harga Saham Rontok, 4 Saham Blue Chip Ini Akan Bayar Dividen Jumbo Rp 109,9 T - TradingView",0.6,3630.0,366649900,1
2025-04-09,BBRI.JK,Saham Pilihan Analis di Tengah Perang Dagang: BBRI Hingga AMRT - Bloomberg Technoz,0.0,3630.0,366649900,1
2025-04-09,BBRI.JK,"Ingat! Besok BBRI Masuk Cum Date Dividen, Segini Besarannya - CNBC Indonesia",0.6,3630.0,366649900,1
2025-04-09,BBRI.JK,"Besok (10/4) Hari Terakhir Beli Saham Bank Rakyat Indonesia (BBRI) untuk Dapat Dividen, Cek Detailnya! - Bisnis.com",0.6,3630.0,366649900,1
2025-04-09,BBRI.JK,"BBRI Tetapkan Cum Date 10 April 2025 untuk Dividen Rp31,4 Triliun - CNN Indonesia",0.6,3630.0,366649900,1
2025-04-09,BBRI.JK,"Danantara Bakal Dapat Guyuran Dividen Bank BUMN Rp 59,11 Triliun pada Akhir April - kontan.co.id",0.6,3630.0,366649900,1
2025-04-09,BBRI.JK,Direksi dan Komisaris BRI Terima Tantiem dan Insentif atas Kinerja 2024 - bandung.beritakini.co.id,0.0,3630.0,366649900,1
2025-04-09,BBRI.JK,Kapan BBRI Bagi Dividen 2025 dan Besaran Per Lembar? - Tirto.id,0.6,3630.0,366649900,1
2025-04-08,BBRI.JK,"Saham Bank Jumbo (BBCA, BMRI, BBNI, BBRI) Merosot usai Trading Halt Dibuka - Bisnis.com",-0.6,3640.0,734807100,0
2025-04-08,BBRI.JK,"IHSG Jeblok, Peluang Saham Big Bank Jelang Cum-date Dividen Jumbo - Mikir Duit",0.6,3640.0,734807100,0
2025-04-08,BBRI.JK,"Cek Harga Saham dan Mulai Investasi Semudah Sentuhan Jari, Begini Cara Praktis Gunakan BRImo untuk Transaksi Saham BBRI - Energika.id",0.0,3640.0,734807100,0
2025-03-27,BBRI.JK,Dukungan Lo Kheng Hong bagi Ratusan Ribu Investor BBRI - investor.id,0.0,4050.0,322553200,0
2025-03-27,BBRI.JK,"BRI (BBRI) Bagi Dividen Rp 51,74 Triliun, Simak Jadwalnya - CNBC Indonesia",0.6,4050.0,322553200,0
2025-03-27,BBRI.JK,"Perbandingan Yield Dividen Bank BUMN (BBRI, BMRI, BBNI, dan BBTN) - Bisnis.com",0.6,4050.0,322553200,0
2025-03-27,BBRI.JK,"Adu Royal Dividen BRI, BNI & Bank Mandiri,: Ada Yang Berani Beri 10%? - CNBC Indonesia",0.6,4050.0,322553200,0
2025-03-27,BBRI.JK,"Tetap Buka Selama Libur Lebaran, BRI Siapkan Weekend Banking & Layanan Terbatas - kumparan.com - Kumparan.com",0.0,4050.0,322553200,0
2025-03-27,BBRI.JK,Jadwal Operasional Bank BRI Selama Libur Idulfitri 2025 - Kompas.tv,0.0,4050.0,322553200,0
2025-03-26,BBRI.JK,"Saham Bank BUMN Terbang Tinggi, BBNI 8,9%, BMRI 8,6%, BBRI 5,3% - CNBC Indonesia",0.0,4000.0,540888800,1
2025-03-26,BBRI.JK,"Ini Dividen Jumbo yang Diraih Danantara dari BMRI, BBRI dan BBNI - Bareksa.com",0.6,4000.0,540888800,1
2025-03-26,BBRI.JK,"Reksadana Schroder dan Manulife Cuan 5% Sehari, Punya Saham BBRI, BBCA, BMRI, hingga BBNI - Bareksa.com",0.0,4000.0,540888800,1
2025-03-26,BBRI.JK,"Tak Hanya BBRI & BMRI, Lo Kheng Hong juga Serok Saham Ini - investor.id",0.0,4000.0,540888800,1
2025-03-26,BBRI.JK,"Jadwal Dividen BRI (BBRI) Muncul, Segini per Sahamnya - investor.id",0.6,4000.0,540888800,1
2025-03-26,BBRI.JK,Catat Jadwal Operasional BRI Selama Libur Hari Raya Nyepi dan Lebaran 2025 - kontan.co.id,0.0,4000.0,540888800,1
2025-03-25,BBRI.JK,"BBRI bagikan dividen Rp51,73 triliun pada 2024 - IDNFinancials",0.6,3800.0,331285900,1
2025-03-25,BBRI.JK,"Sentimen Positif Jelang Lebaran, Ini Ide Trading Saham BBRI, BMRI, BBNI dan BBCA - Bareksa.com",0.6,3800.0,331285900,1
2025-03-25,BBRI.JK,Lo Kheng Hong Ungkap Alasan Borong Saham BBRI - investor.id,0.0,3800.0,331285900,1
2025-03-25,BBRI.JK,Analis Sepakat Kinerja Keuangan BRI (BBRI) Mulai Pulih - Market - Bloomberg Technoz,0.0,3800.0,331285900,1
2025-03-25,BBRI.JK,"Lo Kheng Hong Cuan Miliaran dari Dividen BBRI, Begini Strategi Investasi dengan Dana Terbatas - Mikir Duit",0.6,3800.0,331285900,1
2025-03-25,BBRI.JK,"Video: BRI Bagikan Dividen Rp 51,73 Triliun - CNBC Indonesia",0.6,3800.0,331285900,1
2025-03-25,BBRI.JK,"Usai BBRI, Giliran BMRI Masuk Daftar Portofolio Lo Kheng Hong - Bloomberg Technoz",0.0,3800.0,331285900,1
2025-03-25,BBRI.JK,Analis Sepakat Kinerja Keuangan BRI (BBRI) Mulai Pulih - Bloomberg Technoz,0.0,3800.0,331285900,1
2025-03-25,BBRI.JK,"Gelar RUPST 2025, BRI Bakal Tebar Dividen Rp51,73 Triliun - Pajak.com",0.6,3800.0,331285900,1
2025-03-25,BBRI.JK,Hasil Penting RUPS BRI: Tunjuk Dirut Baru dan Bagi Deviden Rp 51 Triliun - Kompas.com,0.0,3800.0,331285900,1
2025-03-25,BBRI.JK,Pejabat Bank Indonesia Edi Susianto Ditunjuk jadi Komisaris Independen BRI - Tempo.co,0.0,3800.0,331285900,1
2025-03-25,BBRI.JK,"BRI Tunjuk Hery Gunardi Jadi Direktur Utama dan Bagikan Dividen Kinerja 2024 Rp51,7 Triliun - Kompas.tv",0.6,3800.0,331285900,1
2025-03-25,BBRI.JK,Siapa Lo Kheng Hong yang Borong Saham BBRI? Intip Kekayaannya - Tirto.id,0.0,3800.0,331285900,1
2025-03-25,BBRI.JK,"PT BKI Resmi jadi Holding Operasional Danantara, Perusahaan BUMN Mulai Alihkan Saham - Tempo.co",0.0,3800.0,331285900,1
2025-03-25,BBRI.JK,"Rombak Total Direksi BRI (BBRI), Bankir Internal Tersisa Empat Orang - Bisnis.com",0.0,3800.0,331285900,1
2025-03-25,BBRI.JK,"Kinerja Kinclong, Dua Direksi dipercaya ke BRI, BSI Optimis Kinerja Tetap Solid - Berita - Bank Syariah Indonesia",0.0,3800.0,331285900,1
2025-03-25,BBRI.JK,Resmi! Ini Susunan Lengkap Dewan Komisaris dan Direksi BRI 2025 - Pajak.com,0.0,3800.0,331285900,1
2025-03-25,BBRI.JK,"BRI Raih Lima Penghargaan Internasional, Bukti Konsistensi Fokus pada UMKM dan Kinerja Positif - Link UMKM",0.6,3800.0,331285900,1
2025-03-25,BBRI.JK,BRI Danareksa-Bank BRI hadirkan layanan investasi terintegrasi - ANTARA News Megapolitan,0.0,3800.0,331285900,1
2025-03-25,BBRI.JK,BBNI Informasikan Pengangkatan Anggota Direksi Perseroan sebagai Anggota Direksi Bank BRI - pasardana.id,0.0,3800.0,331285900,1
2025-03-24,BBRI.JK,"🏧 BBRI: Kinerja Feb–25 Pulih, Ganti Dirut, dan Dividen Final Rp208/Saham - Stockbit Snips",0.6,3610.0,342883200,1
2025-03-24,BBRI.JK,"Pendirian Danantara, pemerintah alihkan 53,19% saham BBRI - IDNFinancials",0.0,3610.0,342883200,1
2025-03-24,BBRI.JK,"BBRI Bagi Dividen Rp208,4 per Saham dan Buyback Rp3 Triliun, Ini Rekomendasinya - Bareksa.com",0.6,3610.0,342883200,1
2025-03-24,BBRI.JK,Hery Gunardi gantikan Sunarso jadi Direktur Utama BBRI - IDNFinancials,0.0,3610.0,342883200,1
2025-03-24,BBRI.JK,"Bank BRI (BBRI) Siap Bagi Dividen Jumbo, Potensi Yield 5,65% - Bloomberg Technoz",0.6,3610.0,342883200,1
2025-03-24,BBRI.JK,"Diam-diam, Lo Kheng Hong Akumulasi Saham BBRI - Bloomberg Technoz",0.0,3610.0,342883200,1
2025-03-24,BBRI.JK,"Siapkan Rp 3 Triliun untuk Buyback, Strategis BBRI Jaga Stabilitas Saham - kumparan.com - Kumparan.com",0.6,3610.0,342883200,1
2025-03-24,BBRI.JK,"""Sudah masuk [ke saham BBRI],"" ujar Lo Kheng Hong . - Bloomberg Technoz",0.0,3610.0,342883200,1
2025-03-24,BBRI.JK,"Jelang RUPS Tahunan, Saham BRI (BBRI) Turun 2,43 Persen - Infobanknews",-0.6,3610.0,342883200,1
2025-03-24,BBRI.JK,"RUPST BRI Digelar Hari Ini, Segini Bocoran Tebaran Dividennya - Infobanknews",0.6,3610.0,342883200,1
2025-03-24,BBRI.JK,Dividen Tinggi BRI Jadi Daya Tarik Investor di Tengah Volatilitas Pasar - kumparan.com - Kumparan.com,0.6,3610.0,342883200,1
2025-03-24,BBRI.JK,BBRI Mulai Unjuk Gigi - investor.id,0.0,3610.0,342883200,1
2025-03-24,BBRI.JK,"BRI (BBRI) Umumkan Besaran Dividen Siang Nanti, Ini Bocorannya - CNBC Indonesia",0.6,3610.0,342883200,1
2025-03-24,BBRI.JK,"Lo Kheng Hong Diam-Diam Serok Saham BBRI, Nilainya Fantastis - CNBC Indonesia",0.0,3610.0,342883200,1
2025-03-24,BBRI.JK,Hasil RUPS BRI (BBRI): Bagi Dividen Jumbo hingga Buyback Saham Rp3 Triliun - IDX Channel,0.6,3610.0,342883200,1
2025-03-24,BBRI.JK,"Baru Serok Saham BRI, Lo Kheng Hong Langsung Cuan Rp13 M dari Dividen - CNBC Indonesia",0.6,3610.0,342883200,1
2025-03-24,BBRI.JK,"Gelar RUPST 2025, BRI Bagikan Dividen Rp 51,73 T dan Siap Lakukan Buyback Rp 3 T - kumparan.com - Kumparan.com",0.6,3610.0,342883200,1
2025-03-24,BBRI.JK,"Tok! BRI Sepakat Bagikan Dividen Rp 51,74 T atau Rp 345 per Saham - CNBC Indonesia",0.6,3610.0,342883200,1
2025-03-24,BBRI.JK,"BRI Gelar RUPST Hari Ini, Bahas Penggunaan Laba-Susunan Pengurus - kumparan.com - Kumparan.com",0.6,3610.0,342883200,1
2025-03-24,BBRI.JK,"BRI Bagikan Dividen Rp 51,74 T dari Laba Bersih 2024, Rp 343,4 per Saham - kumparan.com - Kumparan.com",0.6,3610.0,342883200,1
2025-03-24,BBRI.JK,"Profil Hery Gunardi, Direktur Utama BRI (BBRI) yang Baru - Bisnis.com",0.0,3610.0,342883200,1
2025-03-24,BBRI.JK,RUPST Tunjuk Hery Gunardi sebagai Direktur Utama Bank BRI - Tempo.co,0.0,3610.0,342883200,1
2025-03-24,BBRI.JK,"Hery Gunardi jadi Dirut, Ini Susunan Lengkap Pengurus BRI (BBRI) - Bisnis.com",0.0,3610.0,342883200,1
2025-03-24,BBRI.JK,"Tok! Dividen BBRI Tahun Buku 2024 Senilai Rp51,74 Triliun atau Rp343,4 per Saham - Bisnis.com",0.6,3610.0,342883200,1
2025-03-24,BBRI.JK,Terkuak! Ini Jumlah Saham BRI (BBRI) yang Dipegang Lo Kheng Hong - kontan.co.id,0.0,3610.0,342883200,1
2025-03-24,BBRI.JK,"Gelar RUPST 2025, BRI Bagikan Dividen Rp51,73 Triliun dan Bersiap Lakukan Buyback Rp3 Triliun - Medcom.id",0.6,3610.0,342883200,1
2025-03-24,BBRI.JK,"Dirut Ganti, Ini Susunan Lengkap Direksi dan Komisaris BRI - Finansial - Bloomberg Technoz",0.0,3610.0,342883200,1
2025-03-24,BBRI.JK,"RUPST BRI 2025, Antrean Investor di Menara BRILiaN Sempat Mengular - Bisnis.com",0.0,3610.0,342883200,1
2025-03-24,BBRI.JK,"Lo Kheng Hong Hadir di RUPST BRI 2025, Miliki Puluhan Juta Lembar Saham - kumparan.com - Kumparan.com",0.0,3610.0,342883200,1
2025-03-24,BBRI.JK,"BRI Bagikan Dividen Rp51,74 T, Cuan-nya Bisa Sampai 9%! - CNBC Indonesia",0.6,3610.0,342883200,1
2025-03-24,BBRI.JK,Hery Gunardi Takes Helm at BRI - Jakarta Globe,0.0,3610.0,342883200,1
2025-03-24,BBRI.JK,"Danantara established, government transfers 53.19% of BBRI shares - IDNFinancials",0.0,3610.0,342883200,1
2025-03-24,BBRI.JK,"Pemenang Utama Undian PHS II 2024 BRI Sempat Ragu, Ini Alasannya - Tuban Smart City",0.0,3610.0,342883200,1
2025-03-24,BBRI.JK,Laba Bersih Bank BRI (BBRI) di Februari 2025 Naik Pesat Berkat Normalisasi Biaya - kontan.co.id,0.6,3610.0,342883200,1
2025-03-24,BBRI.JK,Danantara operational holding receives 52% of BMRI shares - IDNFinancials,0.0,3610.0,342883200,1
2025-03-24,BBRI.JK,"Video: RUPST BRI,Pengumuman Dividen & Perubahan Direksi-Komisaris - CNBC Indonesia",0.6,3610.0,342883200,1
2025-03-24,BBRI.JK,RUPST BRI 2025: Hery Gunardi Jadi Direktur Utama - KabarBursa.com,0.0,3610.0,342883200,1
2025-03-24,BBRI.JK,"Tok! RUPST BRI Setuju Buyback Saham Rp3 Triliun, Ini Strateginya - Infobanknews",0.6,3610.0,342883200,1
2025-03-24,BBRI.JK,"Gantikan Sunarso, Hery Gunardi Jadi Dirut BRI yang Baru - Bloomberg Technoz",0.0,3610.0,342883200,1
2025-03-24,BBRI.JK,"Hery Gunardi Jadi Dirut Baru BRI, Begini Profilnya - Validnews",0.0,3610.0,342883200,1
2025-03-20,BBRI.JK,"Saham BBRI Merosot Tertekan Net Sell Asing, Hold atau Jual? Ini Strateginya! - Bareksa.com",-0.6,3660.0,313033000,1
2025-03-20,BBRI.JK,"Dividen, Hari Raya, dan Coretax - Pajak",0.6,3660.0,313033000,1
2025-03-20,BBRI.JK,Proyeksi Dividen Saham Bank BUMN Jelang RUPS Pekan Depan - Mikir Duit,0.6,3660.0,313033000,1
2025-03-20,BBRI.JK,Berapa Harga 1 Lot Saham BBRI? Ini Rincian dan Kinerjanya - FORTUNE Indonesia,0.0,3660.0,313033000,1
2025-03-20,BBRI.JK,[HOAKS] Nasabah BRI di Cianjur Antri Pindah Tabungan akibat Uang Raib - Tribrata News,0.0,3660.0,313033000,1
2025-03-18,BBRI.JK,"Bertemu Branch Manager BRI Ambon, Ka.Kanwil Singgung Pembenahan Layanan Perbankan - Kementerian Agama",0.0,3680.0,416894600,1
2025-03-18,BBRI.JK,Bank Rakyat Indonesia Branch Office Watampone Berbagi Kebahagiaan dengan Anak Yatim dan Gelar Buka Puasa Bersama - Radar Bone,0.0,3680.0,416894600,1
2025-03-17,BBRI.JK,"Brand Value Melesat, BRI Jadi Merek Nomor 1 di RI dan Urutan 323 Dunia - CNBC Indonesia",0.0,3830.0,162467700,0
2025-03-17,BBRI.JK,Top! BRI Jadi Merek Nomor 1 di Indonesia dan Urutan 323 Dunia di Daftar Brand Finance Global 500 2025 - InvestorTrust,0.0,3830.0,162467700,0
2025-03-14,BBRI.JK,Saham Bank Besar RI Bagi Dividen: Saatnya Borong - Bloomberg Technoz,0.6,3750.0,156131900,1
2025-03-14,BBRI.JK,Kasus Kredit Fiktif Rp 2 Miliar oleh Manajer BRI Lumajang Terungkap Lewat Investigasi Internal - Tempo.co,0.0,3750.0,156131900,1
2025-03-13,BBRI.JK,"Manuver Emiten Bank: BBRI, BBNI, BMRI, BNGA dan NISP Buyback Saham - Bisnis.com",0.6,3800.0,209225700,0
2025-03-13,BBRI.JK,"Cuan Luber Investasi Saham BBRI 10 Tahun, Bisa Beli Emas 15 Gram! - CNBC Indonesia",0.0,3800.0,209225700,0
2025-03-13,BBRI.JK,Singapore - Portal Kemlu,0.0,3800.0,209225700,0
2025-03-13,BBRI.JK,Kementerian Komunikasi dan Digital - Kementerian Komunikasi dan Digital,0.0,3800.0,209225700,0
2025-03-11,BBRI.JK,"PTBA, ITMG, ASII dan BBRI Masuk Top 14 Saham Dividen Terbesar, Bagaimana Prospeknya pada 2025? - Bareksa.com",0.6,3790.0,273961800,1
2025-03-10,BBRI.JK,"Goldman Sachs Pangkas Rating Saham RI! Saatnya Borong BBRI, BMRI, BBCA & BBNI? - Bareksa.com",0.0,3760.0,232192200,1
2025-03-10,BBRI.JK,"Saham Bank Besar RI Undervalued, BBRI Jadi Pilihan Utama - Bloomberg Technoz",0.6,3760.0,232192200,1
2025-03-10,BBRI.JK,"Saham Bank Besar RI Undervalued, BBRI Jadi Pilihan Utama - Market - Bloomberg Technoz",0.6,3760.0,232192200,1
2025-03-07,BBRI.JK,"Borong Saham BRI (BBRI), Dirut Sunarso Cuan 8,81% dalam Tiga Hari - InvestorTrust",0.0,3810.0,243793600,0
2025-03-07,BBRI.JK,"Optimis Fundamental Saham Bank BRI, Sunarso Borong 212.800 Saham - Bloomberg Technoz",0.0,3810.0,243793600,0
2025-03-07,BBRI.JK,"Dirut BRI (BBRI) Borong Saham Rp 772,46 Juta - CNBC Indonesia",0.0,3810.0,243793600,0
2025-03-07,BBRI.JK,Dirut BRI Sunarso Tambah Kepemilikan Saham Hingga Capai Rp24 M - Bloomberg Technoz,0.0,3810.0,243793600,0
2025-03-06,BBRI.JK,"Investor Asing Kembali Borong Saham BRI (BBRI), Empat Hari Capai Rp 532,20 miliar - InvestorTrust",0.0,3950.0,434485100,0
2025-03-06,BBRI.JK,Website DJKN - DJKN,0.0,3950.0,434485100,0
2025-03-05,BBRI.JK,UPI Menandatangani Perjanjian Kerja Sama dengan BRI - Universitas Pendidikan Indonesia,0.0,3840.0,441151000,1
2025-03-04,BBRI.JK,"Laba BBRI di Januari Anjlok, Apa Dampak ke Prospek Harga Saham dan Dividen 2025? - Bareksa.com",0.6,3670.0,338434700,1
2025-03-04,BBRI.JK,"Tekanan IHSG Masih Berlanjut, Cermati Tiga Saham Undervalue Ini - InvestorTrust",-0.6,3670.0,338434700,1
2025-03-04,BBRI.JK,"Hati-Hati, Level Bottom Saham Bank Sulit Diprediksi - KONTAN",0.0,3670.0,338434700,1
2025-03-04,BBRI.JK,"Tidak Mengecewakan, Ini Keuntungan Beli Saham Bank Besar - CNBC Indonesia",0.6,3670.0,338434700,1
2025-03-04,BBRI.JK,"Saham BRI, BNI & Mandiri Masih Berpotensi Naik, Bisa Cuan Berapa? - CNBC Indonesia",0.6,3670.0,338434700,1
2025-03-04,BBRI.JK,Polda NTT Gandeng PT Bank BRI dan PT Flosindo untuk Pengadaa - Tribrata News,0.0,3670.0,338434700,1
2025-03-03,BBRI.JK,Tiga Sekuritas Ini Pertahankan Rekomendasi Beli Saham BRI (BBRI) dengan Target Harga Menggiurkan Berikut - InvestorTrust,0.0,3670.0,744626800,0
2025-03-03,BBRI.JK,JP Morgan Ubah Pandangan untuk Saham BBRI Jadi Overweight - Bloomberg Technoz,0.0,3670.0,744626800,0
2025-03-03,BBRI.JK,"Saham BBRI Melesat 10,12%, Rekor Kenaikan Tertinggi sejak 2020 - Bloomberg Technoz",0.6,3670.0,744626800,0
2025-03-03,BBRI.JK,"Susul BBRI, JP Morgan Pasang Sikap Bullish untuk Saham BBNI - Bloomberg Technoz",0.0,3670.0,744626800,0
2025-03-03,BBRI.JK,"JP Morgan Kerek Rekomendasi Saham BBRI Jadi Overweight, Ini Alasannya - CNBC Indonesia",0.0,3670.0,744626800,0
2025-03-03,BBRI.JK,"Dividen BRI (BBRI) pada RUPS Maret 2025, Usulan Minimal 85% Mengemuka - Bisnis.com",0.6,3670.0,744626800,0
2025-03-03,BBRI.JK,Penandatanganan Kerja Sama antara Kejati Banten dengan PT. BRI (Persero) Tbk Regional Office Jakarta 3 - Kejaksaan Tinggi Banten,0.0,3670.0,744626800,0
2025-03-03,BBRI.JK,Sebanyak 16 Mahasiswa UNS Raih Sepeda dari BRI - Universitas Sebelas Maret,0.0,3670.0,744626800,0
2025-02-28,BBRI.JK,"📉 BBRI 1M25: Laba Bersih -58% YoY, Beban Provisi Diproyeksikan Turun - Stockbit Snips",-0.6,3360.0,1000597600,1
2025-02-28,BBRI.JK,"Valuasi Saham BRI (BBRI) Murah Banget, Analis Bilang Time to Buy - CNBC Indonesia",0.0,3360.0,1000597600,1
2025-02-28,BBRI.JK,Timing yang Pas Memanfaatkan Diskon Harga Saham BBRI - Bloomberg Technoz,0.0,3360.0,1000597600,1
2025-02-28,BBRI.JK,Potensi Harga Saham BBRI Rebound Setelah Laba Bulanan Turun 50 Persen - Mikir Duit,0.0,3360.0,1000597600,1
2025-02-28,BBRI.JK,"Saham BBRI Merosot ke Rp3.360, Begini Prospeknya ke Depan - Infobanknews",0.0,3360.0,1000597600,1
2025-02-28,BBRI.JK,"Pegadaian & BSI Jadi Bank Emas, Bos BRI Ungkap Dampaknya - CNBC Indonesia",0.0,3360.0,1000597600,1
2025-02-28,BBRI.JK,Badan Pengembangan Sumber Daya Manusia Pertahanan - Kementerian Pertahanan Republik Indonesia,0.0,3360.0,1000597600,1
2025-02-27,BBRI.JK,"IHSG Anjlok, Saatnya Cuan dari Saham BBRI, BBCA, dan BMRI Seperti 2018? - Bareksa.com",-0.6,3630.0,410928000,0
2025-02-27,BBRI.JK,"Terbebani Saham BBRI yang Turun 5%, IHSG Ambles 2,24% - Bloomberg Technoz",-0.6,3630.0,410928000,0
2025-02-27,BBRI.JK,"4 Tips Memilih DPLK, Perusahaan Penyedia Dana Pensiun Supaya Tidak Salah - InvestasiKu",0.0,3630.0,410928000,0
2025-02-26,BBRI.JK,"Dividen 3 Saham Blue Chip Ini Diprediksi Rp 97 T, Mana yang Prospek Investasi Bagus? - TradingView",0.6,3820.0,242834100,0
2025-02-26,BBRI.JK,"Presiden Prabowo Resmikan Layanan Bank Emas Pertama di Indonesia, Perkuat Kedaulatan Ekonomi - Presiden RI",0.0,3820.0,242834100,0
2025-02-24,BBRI.JK,"Danantara Resmi Terbentuk, OJK Tetap Awasi Ketat BBRI, BMRI dan BBNI - Bareksa.com",0.0,3920.0,138610800,0
2025-02-24,BBRI.JK,Menilik Dampak Kehadiran Danantara ke Kinerja Pasar Saham - TradingView,0.0,3920.0,138610800,0
2025-02-24,BBRI.JK,Gerak Saham BUMN yang Masuk ke Danantara - Bloomberg Technoz,0.0,3920.0,138610800,0
2025-02-21,BBRI.JK,Cek Rekomendasi Saham-Saham Emiten Sektor Kesehatan dari BRI Danareksa Sekuritas - kontan.co.id,0.0,3890.0,205268800,1
2025-02-21,BBRI.JK,Danantara: Polemik viral tarik uang dari bank-bank BUMN – Mengapa dikaitkan dengan Danantara? - BBC,0.0,3890.0,205268800,1
2025-02-21,BBRI.JK,[HOAKS] Pesan WhatsApp BRI Perubahan Skema Tarif Transaksi A - Tribrata News,0.0,3890.0,205268800,1
2025-02-20,BBRI.JK,"Jelang Peluncuran Danantara, Saham Bank BUMN Termasuk BBRI Terkoreksi, Kenapa? - Bareksa.com",-0.6,3910.0,312753300,0
2025-02-20,BBRI.JK,"Tingkatkan Kerjasama, Pimpinan Cabang BRI Kunjung Rutan Dumai - Kompasiana.com - Kompasiana.com",0.0,3910.0,312753300,0
2025-02-19,BBRI.JK,"Akan Di-Buyback Rp 3 T Mulai Maret, Saham Blue Chip Layak Dilirik Karena Makin Murah - TradingView",0.6,4020.0,348358600,0
2025-02-18,BBRI.JK,"Investor Asing Lanjut Net Buy Rp 384 Miliar, Saham BBRI Diburu - InvestorTrust",0.0,4150.0,374350700,0
2025-02-18,BBRI.JK,"BBRI, BMRI, BBNI Akan Bayar Dividen Jumbo, Saham Apa yang Layak Beli? - kontan.co.id",0.6,4150.0,374350700,0
2025-02-18,BBRI.JK,"RUPST Bank Mandiri, BRI, BNI, dan BTN Kompak Mundur, Ini Jadwal Terbarunya - Infobanknews",0.0,4150.0,374350700,0
2025-02-17,BBRI.JK,Bos BRI Sentil Konten Kreator yang Menakuti Pemegang Saham BBRI - TradingView,0.0,4030.0,265737100,1
2025-02-17,BBRI.JK,"Melesat 3% Sehari, Reksadana Saham Syailendra Pegang BBCA, BBRI, BMRI dan TLKM - Bareksa.com",0.0,4030.0,265737100,1
2025-02-14,BBRI.JK,"Dividen Bank BUMN: BBRI, BMRI, dan BBNI Kompak Bagi Dividen Jumbo! - Ajaib",0.6,3860.0,524909600,1
2025-02-14,BBRI.JK,"Tindaklanjuti Arahan Dirjenpas, Kalapas Lubuklinggau Teken MoU dengan Pimpinan Bank BRI Cabang Lubuklinggau - Kompasiana.com - Kompasiana.com",0.0,3860.0,524909600,1
2025-02-14,BBRI.JK,"Bank BRI Bukukan Laba Bersih Rp 60,64 Triliun pada Tahun 2024 - Marketeers",0.6,3860.0,524909600,1
2025-02-13,BBRI.JK,"Ini Prediksi Dividen BBRI 2025 dan Target Harga Sahamnya, Siap-siap Cuan! - Bareksa.com",0.6,3990.0,341640600,0
2025-02-13,BBRI.JK,"Harga Saham Blue Chip Ini Turun 5% Sejak 2025, Analis Sarankan Beli Sebelum Buyback - TradingView",0.0,3990.0,341640600,0
2025-02-13,BBRI.JK,Saham BBRI Punya Valuasi dan Dividen yang Menarik: Analis - Bloomberg Technoz,0.6,3990.0,341640600,0
2025-02-13,BBRI.JK,Saham BBRI Punya Valuasi dan Dividen yang Menarik: Analis - Market - Bloomberg Technoz,0.6,3990.0,341640600,0
2025-02-13,BBRI.JK,"Jadwal RUPS BRI (BBRI) Mundur, Jadi Tanggal 24 Maret 2025 - CNBC Indonesia",0.0,3990.0,341640600,0
2025-02-12,BBRI.JK,"BBRI Catat Laba Jumbo Rp60,64 Triliun, NPL Membaik! Ini Prospek Kinerja & Saham 2025 - Bareksa.com",0.6,4030.0,362571900,0
2025-02-12,BBRI.JK,"Bakal Tebar Dividen Jumbo, Intip Bocoran Dividen BBRI, BMRI, dan BBNI - TradingView",0.6,4030.0,362571900,0
2025-02-12,BBRI.JK,"BRI (BBRI) Berpotensi Bagi Dividen Rp204/Saham, Yield 5,04% - Bloomberg Technoz",0.6,4030.0,362571900,0
2025-02-12,BBRI.JK,"Buyback Saham BRI Bukan karena Koreksi IHSG, Ini Penjelasannya - Infobanknews",0.6,4030.0,362571900,0
2025-02-12,BBRI.JK,"Breaking News! Laba BRI (BBRI) 2024 Capai Rp60,64 Triliun - Bisnis.com",0.6,4030.0,362571900,0
2025-02-12,BBRI.JK,"BRI (BBRI) Cetak Laba Rp60,64 T Sepanjang 2024 - CNBC Indonesia",0.6,4030.0,362571900,0
2025-02-12,BBRI.JK,BRI (BBRI) Targetkan NIM Ada di Kisaran 7% Tahun Ini - Bloomberg Technoz,0.0,4030.0,362571900,0
2025-02-12,BBRI.JK,Perjalanan Laba BRI: Dari Rp 6 T Kini Tembus Rp 60 T - CNBC Indonesia,0.6,4030.0,362571900,0
2025-02-12,BBRI.JK,"Cermati Bocoran Dividen Bank BBRI, BMRI, dan BBNI - TradingView",0.6,4030.0,362571900,0
2025-02-12,BBRI.JK,BRI Tuban Salurkan 1.000 Paket Sembako untuk Warga Kurang Mampu | Situs Resmi Pemerintah Kabupaten Tuban - Tuban Smart City,0.0,4030.0,362571900,0
2025-02-12,BBRI.JK,"BRI Raup Laba Rp 60,64 Triliun sepanjang 2024 - Tempo.co",0.6,4030.0,362571900,0
2025-02-12,BBRI.JK,BRI Reports $3.7 Billion Profit in 2024 on Strong MSME Lending - Jakarta Globe,0.0,4030.0,362571900,0
2025-02-11,BBRI.JK,"Akan Di-Buyback Rp 3 Triliun, Harga Saham Blue Chip Terus Turun dan Makin Murah - TradingView",0.0,4010.0,276382800,1
2025-02-11,BBRI.JK,"Bedah Saham BRIS, Bagaimana Kinerja & Prospeknya di 2025? - Ajaib",0.6,4010.0,276382800,1
2025-02-11,BBRI.JK,Ini Target-target BRI Tahun 2025 - TradingView,0.0,4010.0,276382800,1
2025-02-11,BBRI.JK,Data Kinerja dan Rasio Keuangan Bank Rakyat Indonesia (BRI) pada 2023 - 2024 - DataIndonesia,0.0,4010.0,276382800,1
2025-02-11,BBRI.JK,Berita Kanwil DJKN Lampung dan Bengkulu - DJKN,0.0,4010.0,276382800,1
2025-02-10,BBRI.JK,Analis Sebut Ada Kesempatan di Balik Penurunan BBNI hingga BBRI - Market - Bloomberg Technoz,0.0,3970.0,201999400,1
2025-02-07,BBRI.JK,BRI Cabang Raha Unit Katobu dan Lawa Gelar Pemeriksaan Kesehatan Gratis Khusus Nasabah Pensiunan - Haluan Rakyat,0.0,4030.0,259636200,0
2025-02-06,BBRI.JK,"BMRI, BBRI, BBNI, TLKM, ANTM, PTBA hingga PGEO Masuk Danantara, Cek Prospek & Potensi Cuan - Bareksa.com",0.6,3970.0,378545500,1
2025-02-06,BBRI.JK,Mau Cari Cuan dari Dividen Big Banks? Begini Rekomendasi Para Analis - TradingView,0.6,3970.0,378545500,1
2025-02-06,BBRI.JK,ELIT Raih Fasilitas Kredit dari Bank BRI Senilai Rp 60 Miliar - pasardana.id,0.0,3970.0,378545500,1
2025-02-06,BBRI.JK,"BRI, Mandiri, BNI, dan BTN Bakal Gelar RUPS di Maret, Ini Jadwalnya - CNBC Indonesia",0.0,3970.0,378545500,1
2025-02-06,BBRI.JK,"Mari Merapat! Ini Bocoran Kapan Borong Saham Mandiri, BCA & BRI - CNBC Indonesia",0.0,3970.0,378545500,1
2025-02-06,BBRI.JK,Kementerian Komunikasi dan Digital - Kementerian Komunikasi dan Digital,0.0,3970.0,378545500,1
2025-02-05,BBRI.JK,"BPI Danantara Terbentuk, Analis Ini Sarankan Cermati Saham BBRI, BMRI, dan TLKM - TradingView",0.0,4140.0,209834400,0
2025-02-05,BBRI.JK,"Buyback Saham Rp 3 Triliun, Begini Strategi BRI untuk Pertumbuhan Bisnis - dailypost.id",0.6,4140.0,209834400,0
2025-02-05,BBRI.JK,Lapas Cipinang Jalin Kerja Sama Strategis dengan Bank Rakyat Indonesia - Direktorat Jenderal Pemasyarakatan,0.0,4140.0,209834400,0
2025-02-03,BBRI.JK,BRI (BBRI) Jual Habis Saham Hasil Buyback 2020 - Ajaib,0.0,4250.0,220285800,1
2025-02-03,BBRI.JK,"Dua Saham Blue Chip Ini Akan Di-buyback, Mana yang Paling Bagus Dibeli? - TradingView",0.6,4250.0,220285800,1
2025-01-30,BBRI.JK,Siap-Siap! BRI Segera Melunasi Pembayaran Dividen Tahun Buku 2024 - Infobanknews,0.6,4120.0,220222400,1
2025-01-30,BBRI.JK,Investor Tunggu Dividen! Ini Prediksi BCA-BNI-BRI-Mandiri Tahun Ini - CNBC Indonesia,0.6,4120.0,220222400,1
2025-01-22,BBRI.JK,"Saham-saham Pilihan Asing di Awal Tahun 2025, Ada BBRI, BMRI, BREN hingga TLKM - Bareksa.com",0.0,4260.0,193218900,1
2025-01-22,BBRI.JK,"Jadi Kesayangan Investor: Saham BRI, Mandiri, BCA & BNI Terbang - CNBC Indonesia",0.0,4260.0,193218900,1
2025-01-21,BBRI.JK,"Dirut BRI (BBRI) Borong 210 Ribu Saham, Kucurkan Dana Rp882 Juta - SWA.co.id",0.0,4260.0,345223800,0
2025-01-20,BBRI.JK,"Asing Terciduk Borong Saham BBRI Rp1,03 Triliun Jelang Pelantikan Trump, Ini Prospek Cuannya - Bareksa.com",0.6,4220.0,167348600,1
2025-01-20,BBRI.JK,"Ada BBRI, BMRI, BBNI dan PTRO dalam Portofolio, Cuan Reksadana Saham Trimegah Melesat - Bareksa.com",0.0,4220.0,167348600,1
2025-01-17,BBRI.JK,"BRI Tebar Dividen, Setor Rp10,88 Triliun untuk Kas Indonesia - Warta Ekonomi",0.6,4090.0,268758600,1
2025-01-17,BBRI.JK,"Tingkatkan Pelayanan Perbankan dan Dukungan Sosial, Rutan Sinjai dan BRI Cabang Sinjai Jalin Kerja Sama Strategis - Direktorat Jenderal Pemasyarakatan",0.0,4090.0,268758600,1
2025-01-15,BBRI.JK,"Saham BBRI Terbang Nyaris 8%, Bangkit ke Level Rp 4.000 Lagi - CNBC Indonesia",0.0,4090.0,407813500,1
2025-01-15,BBRI.JK,"Investor Cuan! BRI Cairkan Dividen Interim Rp20,33 Triliun Hari Ini - Infobanknews",0.6,4090.0,407813500,1
2025-01-15,BBRI.JK,"Bank BRI Tebar Dividen Interim Rp135/Lembar Saham, Negara Dapat Rp10,88 T - Kompas.tv",0.6,4090.0,407813500,1
2025-01-14,BBRI.JK,"Dividen Jumbo BBRI Rp20,46 Triliun Cair! Ini Rekomendasi Saham dan Prediksi Yield 2025 - Bareksa.com",0.6,3800.0,293621700,1
2025-01-14,BBRI.JK,Menghitung Harga Bottom Saham BBRI yang Sudah di Bawah Rp4.000 - Mikir Duit,0.0,3800.0,293621700,1
2025-01-13,BBRI.JK,"Harga BBRI, BMRI, BBCA dan BBNI Semakin Murah, Saatnya Serok Saham Big Banks? - Bareksa.com",0.0,3850.0,413408100,0
2025-01-08,BBRI.JK,"Target Harga dan Rekomendasi Saham BBCA, BMRI, BBRI, dan BBNI - Bloomberg Technoz",0.0,4080.0,133655700,0
2025-01-08,BBRI.JK,"Masih Tertekan, Kapan Waktu yang Pas Akumulasi BBRI hingga BBCA? - Bloomberg Technoz",0.0,4080.0,133655700,0
2024-12-27,BBRI.JK,"Giliran BRI (BBRI) Rilis Lapkeu, Laba Tembus Rp 50 Triliun - investor.id",0.6,4100.0,143104400,0
2024-12-24,BBRI.JK,Jangan Lupa! Hari Ini Cum Date Dividen Saham Bank BRI (BBRI) - Bloomberg Technoz,0.6,4200.0,199536100,0
2024-12-24,BBRI.JK,"Siap-Siap! BRI Akan Bagikan Dividen Interim, Intip Jadwalnya - CNBC Indonesia",0.6,4200.0,199536100,0
2024-12-24,BBRI.JK,Cek Jadwal Operasional BRI selama Libur Natal dan Tahun Baru 2025 - kontan.co.id,0.0,4200.0,199536100,0
2024-12-24,BBRI.JK,BRI Membantah Kena Ransomware: Data yang Beredar Bukan Milik Kami - Tempo.co,0.0,4200.0,199536100,0
2024-12-23,BBRI.JK,"BBRI Bagi Dividen Interim Tahun Buku 2024, Bisa Berikan Imbal Hasil 7%an dalam 3 - 4 Bulan? - brights.id",0.6,4210.0,167689800,0
2024-12-23,BBRI.JK,"Dua Fakta Ini Di Balik Rebound Saham BBRI, Bagaimana Prospek Selanjutnya? - TrenAsia",0.6,4210.0,167689800,0
2024-12-23,BBRI.JK,"Cum Dividen Interim Besok (24/12) hingga Januari, Cermati 8 Saham Berikut Ini - kontan.co.id",0.6,4210.0,167689800,0
2024-12-23,BBRI.JK,"Dividen Interim: Pengertian, Keuntungan, dan Pertimbangannya - brights.id",0.6,4210.0,167689800,0
2024-12-23,BBRI.JK,BRI Buka Layanan Operasional Terbatas Periode Libur Nataru - CNBC Indonesia,0.0,4210.0,167689800,0
2024-12-23,BBRI.JK,"Selama libur Natal-Tahun Baru, BRI buka layanan operasional terbatas - Antara News jatim",0.0,4210.0,167689800,0
2024-12-23,BBRI.JK,"Tambah Pembayaran QRIS, BRI Teken Kerja Sama dengan Loko Cafe Milik KAI Service - kumparan.com - Kumparan.com",0.0,4210.0,167689800,0
2024-12-20,BBRI.JK,Siap Siap Ada Kado Nataru Dividen Interim : BBRI - ADRO - CNBC Indonesia,0.6,4060.0,252689600,1
2024-12-20,BBRI.JK,123 UMKM Palangka Raya Terima Modal Usaha dari Pertamina-BRI - Media Center Kota Palangka Raya,0.0,4060.0,252689600,1
2024-12-20,BBRI.JK,BRI Baubau Brilian dan Cemerlang di HUT ke-129 - RRI.co.id,0.6,4060.0,252689600,1
2024-12-19,BBRI.JK,"Beli/Jual? Saham Blue Chip Ini Akan Bayar Dividen Di Luar Dugaan, Harga Sedang Turun - TradingView",-0.6,4090.0,381986300,0
2024-12-19,BBRI.JK,"Dividen Interim Bank BRI (BBRI): Analis Hitung Yield 3,2% - Bloomberg Technoz",0.6,4090.0,381986300,0
2024-12-19,BBRI.JK,Dividen Interim: Pengertian dan Tahapannya - Tempo.co,0.6,4090.0,381986300,0
2024-12-19,BBRI.JK,BANK RAKYAT INDONESIA DIDUGA MENGALAMI SERANGAN RANSOMWARE BASHE LOCKBIT - Naval CSIRT,0.0,4090.0,381986300,0
2024-12-19,BBRI.JK,Serangan Ransomware ke BRI Diragukan Karena Tak Seperti Kasus BSI - Tempo.co,0.0,4090.0,381986300,0
2024-12-19,BBRI.JK,"Soal Dugaan Serangan Ransomware, Pakar Sarankan BRI Koordinasi dengan BSSN dan Komdigi - Tempo.co",0.0,4090.0,381986300,0
2024-12-19,BBRI.JK,"Mengenal Bashe, Kelompok Ransomware yang Diduga Serang Bank BRI - Tempo.co",0.0,4090.0,381986300,0
2024-12-19,BBRI.JK,"Diduga Kena Serangan Ransomware, BRI Pastikan Data dan Dana Nasabah Aman - Infobanknews",0.0,4090.0,381986300,0
2024-12-19,BBRI.JK,"Diduga Diserang Ransomware, BRI Klaim Data dan Transaksi Aman - Bloomberg Technoz",0.0,4090.0,381986300,0
2024-12-19,BBRI.JK,Bank BRI: Tak Ditemukan Ancaman Hacker Bashe Ransomware - Finansial - Bloomberg Technoz,0.0,4090.0,381986300,0
2024-12-19,BBRI.JK,Mengenal Bahaya Ransomware yang Diduga Serang BRI - Tempo.co,0.0,4090.0,381986300,0
2024-12-19,BBRI.JK,"Diduga Kena Ransomware, BRI Pastikan BRImo, QLola, ATM dan Layanan Lain Beroperasi Lancar - Tempo.co",0.0,4090.0,381986300,0
2024-12-18,BBRI.JK,"Pembagian Dividen BBRI, Ini Nilai dan Jadwalnya - kumparan.com - Kumparan.com",0.6,4150.0,205055500,0
2024-12-18,BBRI.JK,Harga Saham BBRI Naik ke level Rp 4.170 di Tengah Laju IHSG yang Melemah 18 Desember 2024 - Media Pemalang - Media Pemalang,0.0,4150.0,205055500,0
2024-12-18,BBRI.JK,"Diduga Diserang Ransomware, BRI: Data dan Dana Nasabah Aman - Tempo.co",0.0,4150.0,205055500,0
2024-12-17,BBRI.JK,Website DJKN - DJKN,0.0,4150.0,327919000,0
2024-12-17,BBRI.JK,Bank Himbara Kuasai 50% Market Share Mobile Banking di Industri Perbankan - TradingView,0.0,4150.0,327919000,0
2024-12-16,BBRI.JK,Bank BRI (BBRI) Bagi-Bagi Dividen Rp135 per Saham! - Ajaib,0.6,4250.0,325441900,0
2024-12-16,BBRI.JK,Rekomendasi Saham BRI (BBRI) Usai Umumkan Dividen Rp20 T - Market - Bloomberg Technoz,0.6,4250.0,325441900,0
2024-12-16,BBRI.JK,"Imbal Hasil Dividen BBRI 2024 Bisa Capai 8,7%, Reksadana Borong Sahamnya Ratusan Miliar - Bareksa.com",0.6,4250.0,325441900,0
2024-12-16,BBRI.JK,"BBRI Akan Bagikan Dividen Interim Rp 20,46 T atau Rp 135/Saham - CNBC Indonesia",0.6,4250.0,325441900,0
2024-12-16,BBRI.JK,Investor Asing Diam-diam Jual 10 Saham Ini di Tengah Koreksi IHSG - Market - Bloomberg Technoz,-0.6,4250.0,325441900,0
2024-12-16,BBRI.JK,"BRI Tebar Dividen Rp 135 per Lembar Saham, Ini Jadwal Lengkapnya - kumparan.com - Kumparan.com",0.6,4250.0,325441900,0
2024-12-16,BBRI.JK,"BRI Tebar Dividen Interim 2024 Rp 135 per Saham, Cek Jadwalnya - Liputan6.com",0.6,4250.0,325441900,0
2024-12-16,BBRI.JK,"HUT ke-129, BRI Bagikan Dividen Interim Sebesar Rp20,46 Triliun untuk Pemegang Saham - Suarajawatengah.id",0.6,4250.0,325441900,0
2024-12-16,BBRI.JK,"Kado HUT Ke-129, BRI Bagikan Dividen Interim Rp20,46 T - Bloomberg Technoz",0.6,4250.0,325441900,0
2024-12-16,BBRI.JK,Perjalanan Bank BRI yang Genap Berusia 129 Tahun - Tempo.co,0.0,4250.0,325441900,0
2024-12-16,BBRI.JK,"BRI bagikan dividen interim Rp20,46 triliun pada HUT ke-129 - ANTARA News",0.6,4250.0,325441900,0
2024-12-16,BBRI.JK,"Rayakan Ulang Tahun ke-129, BRI Semakin Brilian dan Cemerlang Memajukan Perekonomian Negeri - Liputan6.com",0.6,4250.0,325441900,0
2024-12-16,BBRI.JK,Polsek Banguntapan Amankan Kegiatan Family Gathering BRI di JEC - Polda DIY,0.0,4250.0,325441900,0
2024-12-16,BBRI.JK,HUT BRI ke-129: Sejarah Panjang Bank Rakyat Indonesia yang Hadir Sejak 16 Desember 1895 - harian.disway.id - HARIAN DISWAY,0.0,4250.0,325441900,0
2024-12-13,BBRI.JK,"Sinyal Seolah Bakal Naik Saham BBRI Patah Berkali-kali, Asing Masih Rajin Jualan - KONTAN",0.0,4170.0,287838100,1
2024-12-13,BBRI.JK,"Analisis Saham BBRI, Masih Menjanjikan Keuntungan? - finansialku.com",0.6,4170.0,287838100,1
2024-12-13,BBRI.JK,BRI Diusulkan Menjadi Bank Koperasi - Tempo.co,0.0,4170.0,287838100,1
2024-12-13,BBRI.JK,Website DJKN - DJKN,0.0,4170.0,287838100,1
2024-12-12,BBRI.JK,"Indonesia Punya Bullion Bank di 2025, Ini Analisa Prospek Saham BBRI - Bareksa.com",0.6,4260.0,226698900,0
2024-12-12,BBRI.JK,Saham BBRI 12 Desember 2024 Melemah ke level Rp4.340 di Tengah Tekanan IHSG: Peluang atau Tantangan? - Media Pemalang - Media Pemalang,-0.6,4260.0,226698900,0
2024-12-12,BBRI.JK,Indonesia Ready to Establish Gold Bullion Bank: State-Owned Enterprises Ministry - Polri,0.0,4260.0,226698900,0
2024-12-11,BBRI.JK,"Likuiditas Jadi Tantangan Perbankan, Bedah Prospek BBRI di 2025 - Bloomberg Technoz",0.6,4380.0,203980300,0
2024-12-11,BBRI.JK,"Likuiditas Jadi Tantangan Perbankan, Bedah Prospek BBRI di 2025 - Market - Bloomberg Technoz",0.6,4380.0,203980300,0
2024-12-10,BBRI.JK,"“Imbal hasil dividen menjadi faktor pendorong penting,” mengutip riset JP Morgan terbaru, Selasa (10/12/2024). - Bloomberg Technoz",0.6,4360.0,196160900,1
2024-12-10,BBRI.JK,Saham BBRI Hari Ini 10 Desember 2024 Melemah di Sesi Pembukaan: Peluang atau Risiko untuk Investor? - Media Pemalang - Media Pemalang,-0.6,4360.0,196160900,1
2024-12-09,BBRI.JK,Apa Itu Market Bottom? Analisa BBRI untuk IDX:BBRI oleh WayanEko - TradingView,0.0,4390.0,158897200,0
2024-12-09,BBRI.JK,Airlangga Minta BRI dan BSI jadi Induk Bullion Bank - Infobanknews,0.0,4390.0,158897200,0
2024-12-06,BBRI.JK,Berita DJKN - DJKN,0.0,4310.0,151433000,1
2024-12-03,BBRI.JK,Sejarah Bicara 5 Saham Ini Suka Pesta Pora di Desember: BBRI-TLKM - CNBC Indonesia,0.0,4240.0,384146700,1
2024-11-29,BBRI.JK,Bank BRI Luncurkan Aplikasi BRImo di Timor Leste - Tempo.co,0.0,4250.0,412519800,0
2024-11-28,BBRI.JK,BRI Perkuat Komitmen Tata Kelola Perusahaan yang Transparan dan Berkelanjutan - Tempo.co,0.0,4330.0,277081800,0
2024-11-28,BBRI.JK,"BRI Ada di Tunjungan Plaza Surabaya, Nikmati Layanan Digital - Radar Jatim",0.0,4330.0,277081800,0
2024-11-26,BBRI.JK,"Investor Saham BBRI Tembus Setengah Juta, Dijuluki ‘Saham Rakyat’ - Bloomberg Technoz",0.0,4400.0,266677500,0
2024-11-26,BBRI.JK,Customer Service BRI Melayani Nasabah Difabel dengan Setulus Hati - MetroTVNews.com,0.0,4400.0,266677500,0
2024-11-25,BBRI.JK,"IHSG Sudah Bottom dan Berpotensi Rebound? Saham BBRI, BBCA, BMRI dan BBNI Siap Terbang - Bareksa.com",0.0,4470.0,401446400,0
2024-11-25,BBRI.JK,"🏦 BBRI 10M24: Laba Bersih +5,3% YoY - Stockbit Snips",0.6,4470.0,401446400,0
2024-11-25,BBRI.JK,"Target Harga dan Rekomendasi Saham BBNI, BMRI, BBCA dan BBRI - Bloomberg Technoz",0.0,4470.0,401446400,0
2024-11-25,BBRI.JK,7 Saham Bluechips Panen Cuan Saat Window Dressing - CNBC Indonesia,0.0,4470.0,401446400,0
2024-11-22,BBRI.JK,"Saham BBRI Bangkit Melesat Pasca Turun Akhir-akhir Ini, Siapa Pemborong dan Penjual Terbanyak? - Bareksa.com",-0.6,4400.0,280188100,1
2024-11-22,BBRI.JK,"Saham BBRI dan GOTO Melesat, IHSG Ditutup Menguat 0,77% - Bloomberg Technoz",0.6,4400.0,280188100,1
2024-11-22,BBRI.JK,Nikmati Diskon 20% di IHG Hotels dengan Kartu BRI Visa - Bloomberg Technoz,0.0,4400.0,280188100,1
2024-11-20,BBRI.JK,"JP Morgan Rekomendasi Bullish BBRI, Puluhan Reksadana Punya Sahamnya hingga Ratusan Miliar - Bareksa.com",0.0,4330.0,298734600,0
2024-11-20,BBRI.JK,"JP Morgan Ubah Pandangan untuk Saham BBRI, Kini Lebih Bullish - Bloomberg Technoz",0.0,4330.0,298734600,0
2024-11-19,BBRI.JK,Harga Saham BBRI Saat Ini Sudah Priced in dengan Kecemasan Asing atas Naiknya NPL? - Bareksa.com,0.6,4360.0,294838700,0
2024-11-19,BBRI.JK,Dividen ADRO Rp41 T Salah Satu yang Terbesar di Bursa Saham RI - Market - Bloomberg Technoz,0.6,4360.0,294838700,0
2024-11-19,BBRI.JK,Dividen ADRO Rp41 T Salah Satu yang Terbesar di Bursa Saham RI - Bloomberg Technoz,0.6,4360.0,294838700,0
2024-11-18,BBRI.JK,"Harga Saham Blue Chip Ini Terus Melorot, Cek yang Layak Beli & Punya Prospek Cerah - TradingView",0.6,4350.0,253272300,1
2024-11-18,BBRI.JK,Perjalanan Alumnus Universitas Airlangga Jadi Direktur Utama Bank Jatim - Universitas Airlangga Official Website,0.0,4350.0,253272300,1
2024-11-15,BBRI.JK,"Produk Bank Rakyat Indonesia, BRILink Jangkau ke Pinggiran Kota, UMKM BRI Link - lahatpos.disway.id - Disway",0.0,4470.0,106365600,0
2024-11-15,BBRI.JK,Kasus Hukum David Rahardja (DR) dan Bank Rakyat Indonesia (BRI) Terus Menjadi Sorotan Publik - reaksi media,0.0,4470.0,106365600,0
2024-11-14,BBRI.JK,2 Alasan KUR Tak Termasuk Kredit UMKM yang Bisa Diputihkan - Bloomberg Technoz,0.0,4500.0,159871800,0
2024-11-13,BBRI.JK,10 Emiten Pencetak Laba Terbesar di LQ45 : BRI Juaranya! - CNBC Indonesia,0.6,4580.0,209627200,0
2024-11-13,BBRI.JK,Bos BRI Ingatkan Dampak Kebijakan Protektif Trump ke Indonesia - Bloomberg Technoz,0.0,4580.0,209627200,0
2024-11-13,BBRI.JK,BRI (BBRI) Ungkap Dampak Hapus Kredit Macet ke Kinerja Keuangan - Market - Bloomberg Technoz,0.0,4580.0,209627200,0
2024-11-13,BBRI.JK,BRI (BBRI) Ungkap Dampak Hapus Kredit Macet ke Kinerja Keuangan - Bloomberg Technoz,0.0,4580.0,209627200,0
2024-11-12,BBRI.JK,"Harga Saham Blue Chip Di IDX BUMN20 Melorot, Cek yang Layak Beli & Prospek Cerah - TradingView",0.6,4500.0,252380100,1
2024-11-12,BBRI.JK,"Peresmian Lapangan Tenis Jupiter di Lanud Adi Soemarmo, BRI Salurkan Bantuan CSR untuk Renovasi - TNI AU",0.0,4500.0,252380100,1
2024-11-11,BBRI.JK,"Harga Saham Turun, Dividend Yield BBRI Bisa Naik Tembus 7,1% - Bareksa.com",0.6,4460.0,507192300,1
2024-11-11,BBRI.JK,"IHSG Sesi I Drop 1,11%, Terbebani Saham BBRI dan BBCA - Market - Bloomberg Technoz",-0.6,4460.0,507192300,1
2024-11-11,BBRI.JK,Strategi Investasi di Saham Big Bank Saat Ada Tekanan Jual - Mikir Duit,-0.6,4460.0,507192300,1
2024-11-11,BBRI.JK,"Cara Mengetahui Kode SWIFT Bank BRI, Cepat dan Mudah - Bloomberg Technoz",0.0,4460.0,507192300,1
2024-11-08,BBRI.JK,"Jumlah Kantor Cabang Terus Menyusut, BRI Optimalkan Layanan Lewat Agen BRIlink - kontan.co.id",0.0,4520.0,198589900,0
2024-11-07,BBRI.JK,"Trump Menang Tekan Saham Bank, Putusan The Fed Bisa Kerek BBRI, BBCA, BMRI dan BBNI? - Bareksa.com",0.0,4550.0,296218600,0
2024-11-07,BBRI.JK,"Sejarah Bank Rakyat Indonesia (BRI), Profil, dan Produknya - Medcom.id",0.0,4550.0,296218600,0
2024-11-07,BBRI.JK,Hakim Minta Pimpinan Bank di Medan Hadiri Sidang Raibnya Uang Nasabah - Waspada Online,0.0,4550.0,296218600,0
2024-11-07,BBRI.JK,"BRI Putri Hijau Medan ‘Kebobolan’ Rp5 M, Hakim: Terindikasi Korupsi, Hadirkan Pimpinan Kanwilnya - metro-online.co",0.0,4550.0,296218600,0
2024-11-07,BBRI.JK,BRI Beri Tips agar Masyarakat tidak Terkecoh Modus Penipuan Perbankan - Tempo.co,0.0,4550.0,296218600,0
2024-11-06,BBRI.JK,"Saham BBRI: Harga Wajar, Intisari & Update Terkini - Analisa dengan InvestingPro Oleh Investing.com - Investing.com Indonesia",0.0,4600.0,249059500,0
2024-11-05,BBRI.JK,"Investor Asing Diam-diam Borong 10 Saham Ini, Ada BBRI - Bloomberg Technoz",0.0,4710.0,199499300,0
2024-11-04,BBRI.JK,"Kinerja Makin Membaik, Cek Rekomendasi Saham BBRI - Bloomberg Technoz",0.0,4720.0,209831500,0
2024-11-04,BBRI.JK,"Rayakan Ulang Tahun ke-37, BRI Life Pertegas Komitmen Melindungi Masyarakat Indonesia - pasardana.id",0.0,4720.0,209831500,0
2024-11-04,BBRI.JK,Bos BRI Beberkan Strategi Dukung Kebijakan Ekonomi Pemerintahan Prabowo - Infobanknews,0.0,4720.0,209831500,0
2024-11-01,BBRI.JK,"Konsensus Analis: 86% Rekomendasi Beli Saham BBRI, Target Rp5.800 - Bloomberg Technoz",0.0,4700.0,235656400,1
2024-11-01,BBRI.JK,Analis Pasang Target Saham BBRI Rp5.600 Usai Laba Sentuh Rp45 T - Bloomberg Technoz,0.6,4700.0,235656400,1
2024-11-01,BBRI.JK,"3 Saham Big Bank Tumbang, Siapa yang Sudah Diskon Besar? - Mikir Duit",0.0,4700.0,235656400,1
2024-11-01,BBRI.JK,"Ciptadana Prediksi IHSG Rekor 8.400 Tahun Depan, Ini Saham-Saham Pilihan 2025: BBRI, ISAT, MBMA - Bareksa.com",0.6,4700.0,235656400,1
2024-11-01,BBRI.JK,"Tingkatkan Kualitas Layanan, BRI & Ombudsman Gelar Sosialisasi - Bloomberg Technoz",0.0,4700.0,235656400,1
2024-11-01,BBRI.JK,"Bank Rakyat Indonesia (BRI), Keuntungan Menjadi Nasabah di Musi Rawas - lahatpos.disway.id - Disway",0.6,4700.0,235656400,1
2024-10-31,BBRI.JK,"BBRI, BMRI, BBNI, BBCA, Ini Dia Perbandingan Kinerja Bank Big 4 - Bloomberg Technoz",0.0,4800.0,307110400,0
2024-10-31,BBRI.JK,BRI Bakal Lunasi MTN Rp2 T di 24 November - Bloomberg Technoz,0.0,4800.0,307110400,0
2024-10-31,BBRI.JK,3 Cara Menonaktifkan SMS Banking BRI dengan Mudah - Bloomberg Technoz,0.0,4800.0,307110400,0
2024-10-31,BBRI.JK,BRI Bidik AgenBRILink Jadi Marketplace - Bloomberg Technoz,0.0,4800.0,307110400,0
2024-10-30,BBRI.JK,"BRI (BBRI) Cetak Laba Konsolidasi Rp 45,36 Triliun di Kuartal III 2024, Kredit Tembus Rp 1.353,36 Triliun - InvestorTrust",0.6,4710.0,296314500,1
2024-10-30,BBRI.JK,Begini Strategi Bank BRI Turunkan Rasio Kredit Macet - Infobanknews,-0.6,4710.0,296314500,1
2024-10-30,BBRI.JK,"BBRI Cetak Laba Rp 45,36 T di Kuartal III-2024, Kredit Naik 8,21% - CNBC Indonesia",0.6,4710.0,296314500,1
2024-10-30,BBRI.JK,"BRI Raih Laba Bersih Rp45,36 Triliun di Triwulan III-2024 - Infobanknews",0.6,4710.0,296314500,1
2024-10-30,BBRI.JK,"BRI Kumpulkan Dana Pihak Ketiga Rp1.362 T, Rasio CASA Tembus 64,17% - CNBC Indonesia",0.0,4710.0,296314500,1
2024-10-30,BBRI.JK,"Dukung Inklusi Keuangan, BRI Andalkan BRImo dan BRILink - KabarBursa.com",0.0,4710.0,296314500,1
2024-10-30,BBRI.JK,"Bank Besar Catat Pertumbuhan Fee Based Income di Kuartal III-2024, Ini Pendorongnya - kontan.co.id",0.6,4710.0,296314500,1
2024-10-29,BBRI.JK,Ini Dia Daftar Saham Stock Split di Bursa Efek Indonesia - Ajaib,0.0,4700.0,203658600,1
2024-10-29,BBRI.JK,Anak Usaha BBRI Sediakan Pinjaman Digital ke PNM Group - Bloomberg Technoz,0.0,4700.0,203658600,1
2024-10-29,BBRI.JK,Ada Pengumuman Penting dari BRI (BBRI) & Bank Mandiri (BMRI) Besok - CNBC Indonesia,0.0,4700.0,203658600,1
2024-10-28,BBRI.JK,Daftar Lengkap Cabang BRI yang Buka Layanan Weekend Banking - babelpos.disway.id - Babelpos.id,0.0,4760.0,191211000,0
2024-10-25,BBRI.JK,"Earnings Call 30 Oktober, Begini Prediksi Kinerja BBRI di Q3-2024 - Bloomberg Technoz",0.0,4770.0,195647800,0
2024-10-25,BBRI.JK,"Siap-Siap! 5 Emiten Ini Tebar Dividen, Ada BBRI Hingga UNVR - CNBC Indonesia",0.6,4770.0,195647800,0
2024-10-25,BBRI.JK,"Sekuritas Ini Ungkap Prospek Kuat 6 Saham Metal Mining Ini, TINS dan NCKL Pilihan Teratas - InvestorTrust",0.6,4770.0,195647800,0
2024-10-25,BBRI.JK,"Atasi Kredit Macet, BRI Cabang Tanjungpandan Teken MoU dengan Kejari Beltim - Lawang Beltim",0.0,4770.0,195647800,0
2024-10-25,BBRI.JK,"Bank Rakyat Indonesia (BRI), Tidak Tunggu Lama, Pakai Reservasi Antrean Bank BRI via Sabrina - lahatpos.disway.id - Disway",0.0,4770.0,195647800,0
2024-10-25,BBRI.JK,"BRI Jadi Official Mobile Banking Partner di Urban Sneaker Society (USS) 2024, Ada Sneakers Seharga Rp 50 Ribu - InvestorTrust",0.0,4770.0,195647800,0
2024-10-25,BBRI.JK,"Swift Code BRI: Pengertian, Fungsi & Cara Menggunakan - Telkomsel",0.0,4770.0,195647800,0
2024-10-24,BBRI.JK,"Prabowo akan Putihkan Utang UMKM, Ini Efeknya ke BBRI, BBNI, BMRI dan BBTN - Bareksa.com",0.0,4820.0,218162100,0
2024-10-24,BBRI.JK,Bank Digital Anak Usaha BRI Catat Laba Melesat 130% - Bloomberg Technoz,0.6,4820.0,218162100,0
2024-10-24,BBRI.JK,"Tiga Bank Uji Coba Inovasi Skema Credit Scoring KUR, Ini Kriteria Debiturnya - TradingView",0.0,4820.0,218162100,0
2024-10-23,BBRI.JK,"Kenaikan Laba Bersih, Saham BBRI Digemari Dunia Investasi - https://jambiindependent.disway.id/ - Jambi Independent",0.6,4860.0,222147300,0
2024-10-23,BBRI.JK,"Saham BBRI Cetak Kenaikan Laba Bersih, Jadi Incaran Investor - rbtv.disway.id - RBTV Disway",0.6,4860.0,222147300,0
2024-10-23,BBRI.JK,BKN Memperbarui Kerja Sama dengan BRI - Badan Kepegawaian Negara,0.0,4860.0,222147300,0
2024-10-22,BBRI.JK,"Lunasi Obligasi di Awal November, BBRI Siapkan Dana Rp2,17 T - Bloomberg Technoz",0.0,4900.0,199707500,0
2024-10-22,BBRI.JK,"Perkuat Layanan JKN, BPJS Kesehatan Kerja Sama dengan BRI dan BNI - Kompasiana.com - Kompasiana.com",0.0,4900.0,199707500,0
2024-10-21,BBRI.JK,"BMRI vs BBRI: Duel Saham Dua Raksasa Perbankan, Siapa Pemenangnya? - Pikiran Rakyat Padang - Pikiran Rakyat",0.0,4990.0,110708200,0
2024-10-21,BBRI.JK,"Bukti Kinerja Positif, BRI Raih Dua Penghargaan di Ajang The Asian Post Awards 2024 - Liputan6.com",0.6,4990.0,110708200,0
2024-10-16,BBRI.JK,"Cek Aturan Terbaru Saldo Minimal di Bank BCA, BRI, Mandiri & BNI - Bloomberg Technoz",0.0,4950.0,118014300,1
2024-10-14,BBRI.JK,"IHSG Hijau Efek Sri Mulyani akan Jabat Menkeu Lagi? BBRI, BRMS, BMRI hingga BBCA Jadi Saham Trending - Bareksa.com",0.0,4900.0,125414400,1
2024-10-14,BBRI.JK,"6 Saham Metal Mining Ini Dipertahankan Beli, Pilihan Teratas TINS - InvestorTrust",0.0,4900.0,125414400,1
2024-10-14,BBRI.JK,CSR BRI Dukung Perlindungan 528 Pedagang Gianyar Lewat BPJS Ketenagakerjaan - BPJS Ketenagakerjaan,0.0,4900.0,125414400,1
2024-10-14,BBRI.JK,Lapor Pajak Kian Mudah dengan Unduh Data Portofolio di Aplikasi BRImo - TradingView,0.0,4900.0,125414400,1
2024-10-10,BBRI.JK,"Saham BBRI Dibuang Asing Tapi Malah Diserok Lokal, Begini Rekomendasi Investasinya - Bareksa.com",0.0,4860.0,226564700,1
2024-10-08,BBRI.JK,"Saham Bank BUMN Mendadak Terbang, BBRI ke Level Rp 5.025, Investor Asing Balik Masuk? - InvestorTrust",0.0,5000.0,527474400,0
2024-10-08,BBRI.JK,"Bareksa Insight: Oktober Bulan Cuan? Simak Rekomendasi Saham BBRI, BMRI, BBCA, MYOR hingga SMRA - Bareksa.com",0.0,5000.0,527474400,0
2024-10-04,BBRI.JK,"Diakui Dunia, Wealth Management BRI Jadi Best Private Bank for HNWIs - CNBC Indonesia",0.0,4860.0,289960700,0
2024-10-03,BBRI.JK,Wealth Management BRI Raih Award Best Private Bank for HNWIs - Bloomberg Technoz,0.0,4920.0,354814800,0
2024-10-03,BBRI.JK,"BRI Finance Sediakan Kendaraan Alokasi Jabatan kepada PT Pertamina,Wujud Sinergi BUMN - Press Release Indonesia",0.0,4920.0,354814800,0
2024-10-02,BBRI.JK,Siap-Siap! Segini Estimasi Dividen Interim BCA & BRI Akhir Tahun - CNBC Indonesia,0.6,4940.0,307487600,0
2024-10-01,BBRI.JK,"Saham Big Bank Koreksi, Kesempatan Cicil Beli Mulai Lagi? - CNBC Indonesia",0.0,5075.0,197069300,0
2024-10-01,BBRI.JK,"UNIDA dan Bank Rakyat Indonesia Jalin Kolaborasi, Tandatangani Kerja Sama Implementasi Tridarma Hingga Layanan Perbankan - Universitas Djuanda",0.0,5075.0,197069300,0
2024-09-30,BBRI.JK,"Bursa Saham Sepekan; IHSG Merah, Asing Jual BBRI Rp3,89 T - Bloomberg Technoz",-0.6,4950.0,539169900,1
2024-09-30,BBRI.JK,"Saham BBRI, BBCA dan BMRI Kompak Turun, Begini Strategi Investasinya - Bareksa.com",-0.6,4950.0,539169900,1
2024-09-30,BBRI.JK,"Daftar Contact Center BRI, Bisa Dihubungi 24 Jam Bebas Pulsa - Tempo.co",0.0,4950.0,539169900,1
2024-09-26,BBRI.JK,Analisis Saham BBRI untuk IDX:BBRI oleh Andre_Septianto - TradingView,0.0,5050.0,855266800,1
2024-09-26,BBRI.JK,"📈 Evaluasi Minor IHSG: Bobot AMMN Naik, BBRI Turun - Stockbit Snips",0.0,5050.0,855266800,1
2024-09-26,BBRI.JK,"Asing Buang Saham BBRI, Cermati 10 Saham Net Sell Terbesar pada Kamis (26/9) - TradingView",-0.6,5050.0,855266800,1
2024-09-26,BBRI.JK,"Bobot Emiten Big Cap BREN, BBCA, BBRI, BMRI, TLKM, ASII ke IHSG Turun - kontan.co.id",-0.6,5050.0,855266800,1
2024-09-26,BBRI.JK,"Pengeritan Monthly Fee Bank BRI, Ketentuan, dan Biaya Admin Tabungan - kontan.co.id",0.0,5050.0,855266800,1
2024-09-25,BBRI.JK,"Saham BBRI Semakin Murah Pasca Asing Lego Rp1,6 T, Mau Masuk Sebaiknya di Harga Berapa? - Bareksa.com",0.0,5325.0,607065900,0
2024-09-25,BBRI.JK,"Stock Pick: IHSG Turun Jadi Peluang Beli Saat Murah, Ini Ide Trading Saham BBRI, ADMR dan EXCL - Bareksa.com",-0.6,5325.0,607065900,0
2024-09-24,BBRI.JK,"Saham BBRI Turun Tapi Banyak yang Borong, pada Serok Harga Bawah? - Bareksa.com",-0.6,5525.0,195415700,0
2024-09-24,BBRI.JK,Bank Rakyat Indonesia (BBRI): Kinerja Solid Berkat Transformasi Berkelanjutan dan Inovasi yang Konsisten - SWA.co.id,0.0,5525.0,195415700,0
2024-09-23,BBRI.JK,"Pegang Saham BBCA, KBLI, BBRI, BSDE hingga NCKL, Cuan Reksadana Sucorinvest dan Prospera Melambung - Bareksa.com",0.0,5500.0,245292000,1
2024-09-23,BBRI.JK,"Gaet Vidi Aldiano, BRI Edukasi Masyarakat Hindari Modus Penipuan Lewat Lagu - MetroTVNews.com",0.0,5500.0,245292000,1
2024-09-20,BBRI.JK,"Berita Kanwil DJKN Sulawesi Selatan, Tenggara, dan Barat - DJKN",0.0,5375.0,260437400,1
2024-09-19,BBRI.JK,"Era Suku Bunga Tinggi Usai, BBRI Siap Terbang Tinggi - CNBC Indonesia",0.0,5400.0,332941100,0
2024-09-19,BBRI.JK,Siap-Siap! Puluhan Saham Ini Terbang Usai BI & Fed Cut Rate: BBRI-GOTO - CNBC Indonesia,0.0,5400.0,332941100,0
2024-09-19,BBRI.JK,Layanan Call Center BRI 24 Jam - Cermati.com,0.0,5400.0,332941100,0
2024-09-19,BBRI.JK,BRI Jadi BUMN dengan Dividen Terbesar dalam 10 Tahun Terakhir - Kompas.tv,0.6,5400.0,332941100,0
2024-09-18,BBRI.JK,Kementerian Komunikasi dan Digital - Kementerian Komunikasi dan Digital,0.0,5350.0,186877300,1
2024-09-18,BBRI.JK,Top! BRI Jadi BUMN dengan Setoran Dividen Terbesar ke Negara - CNBC Indonesia,0.6,5350.0,186877300,1
2024-09-17,BBRI.JK,"Tumbuh 33,9%, Volume Transaksi QLola BRI Capai Rp 6.788 Triliun - InvestorTrust",0.6,5300.0,201331600,1
2024-09-17,BBRI.JK,Website DJKN - DJKN,0.0,5300.0,201331600,1
2024-09-13,BBRI.JK,"Bullish, Saham BRI (BBRI) Bisa Naik ke Rp 7.900 - InvestorTrust",0.6,5300.0,259722600,0
2024-09-13,BBRI.JK,BRI Sebut Penyaluran Kredit Perbankan ke Batu Bara Masih Moncer - Bloomberg Technoz,0.0,5300.0,259722600,0
2024-09-13,BBRI.JK,"Masih Ada Sisa Plafon, Catat Cara Mudah & Syarat Pengajuan KUR BRI Online - TradingView",0.0,5300.0,259722600,0
2024-09-12,BBRI.JK,"BRI Proyeksikan BI Rate bisa Dipangkas jadi 4,75 Persen pada 2025 - Infobanknews",0.0,5175.0,138542100,1
2024-09-12,BBRI.JK,"Korupsi Dana Kredit Nasabah Rp1 Miliar, Kejati Sulsel Tahan Oknum Mantri BRI - Kejaksaan Agung",0.0,5175.0,138542100,1
2024-09-11,BBRI.JK,"BRI MI Gaet Investor Asing, Siap Pimpin Pasar Investasi Indonesia - Suara.com",0.0,5175.0,165284900,0
2024-09-11,BBRI.JK,[HOAKS] BRI Beri Bantuan Modal Usaha Sebesar Rp30 Juta - Tribrata News,0.0,5175.0,165284900,0
2024-09-10,BBRI.JK,[HOAKS] BRI Bagi-Bagi Saldo Rp500 Ribu - Tribrata News,0.0,5250.0,202326400,0
2024-09-09,BBRI.JK,Website DJKN - DJKN,0.0,5175.0,201448700,1
2024-09-09,BBRI.JK,"Naik 22%, Jumlah Nasabah Tajir BRI Tembus Lebih dari 161 Ribu Orang - kontan.co.id",0.6,5175.0,201448700,1
2024-09-06,BBRI.JK,"Tandatangani Perjanjian Kerja Bersama 2024-2026, BRI dan Serikat Pekerja Perkuat Hubungan Industrial - IDNFinancials",0.0,5225.0,170520700,0
2024-09-04,BBRI.JK,September Momentum Belanja Saham Murah? Pakai Trading Limit Bareksa Valuasi hingga 99% - Bareksa.com,0.0,5100.0,141890400,1
2024-09-03,BBRI.JK,"IHSG Berpotensi Sideways , Ini 6 Saham Rekomendasi - Medcom.id",0.0,5175.0,166033900,0
2024-09-03,BBRI.JK,Transaksi Bank dari Agen Laku Pandai Semakin Subur - TradingView,0.0,5175.0,166033900,0
2024-08-30,BBRI.JK,"Simak Rekomendasi Saham Hari Ini, ASII, AUTO, BBRI, SSIA, dan BTPS - InvestorTrust",0.0,5150.0,275298000,1
2024-08-30,BBRI.JK,"Ini Bocoran Dividen BBRI, BMRI, BBCA, dan BBNI Tahun Depan - CNBC Indonesia",0.6,5150.0,275298000,1
2024-08-30,BBRI.JK,"Ruang Pertumbuhan Kinerja masih Besar, Saham Midi Utama (MIDI) Jadi Pilihan - InvestorTrust",0.6,5150.0,275298000,1
2024-08-30,BBRI.JK,BRI dan UI Kembangkan Community Branch untuk Cetak Pengusaha Muda Sukses - Tempo.co,0.0,5150.0,275298000,1
2024-08-29,BBRI.JK,"Perkuat Jaringan di Korsel, BRI & Diaspora Rayakan HUT ke-79 RI - Bloomberg Technoz",0.0,5125.0,160041900,1
2024-08-29,BBRI.JK,BBRI gencar dorong pertumbuhan nasabah dan tambah cari sumber pertumbuhan baru - IDNFinancials,0.6,5125.0,160041900,1
2024-08-29,BBRI.JK,"Fokus Digitalisasi, Ini Beda Sasaran Bank Raya dan BRI - Infobanknews",0.0,5125.0,160041900,1
2024-08-29,BBRI.JK,Bos BRI Beberkan Jurus Tumbuh Berkelanjutan - Infobanknews,0.6,5125.0,160041900,1
2024-08-29,BBRI.JK,BRI Beberkan Tantangan Transformasi Digital di Daerah - Infobanknews,0.0,5125.0,160041900,1
2024-08-28,BBRI.JK,BRI Danareksa Sekuritas Resmikan Relokasi Kantor Cabang Medan Perkuat Distribusi - Press Release Indonesia,0.0,5150.0,277561700,0
2024-08-27,BBRI.JK,"IHSG Cenderung Konsolidasi, BRI Danareksa Jagokan WIFI, TBIG, MYOR, dan AMRT - InvestorTrust",0.0,5175.0,271088700,0
2024-08-27,BBRI.JK,Tiket Pertandingan BRI Liga 1 Kini Bisa Dibeli Melalui Super Apps BRImo - Sinar Harapan - Sinar Harapan,0.0,5175.0,271088700,0
2024-08-23,BBRI.JK,Kemenpora MoU dengan BRI Tentang Pemanfaatan Jasa Pelayanan Perbankan di Lingkungan Kemenpora - Kementerian Pemuda dan Olahraga,0.0,5150.0,217759300,1
2024-08-23,BBRI.JK,BRI Sebut 1 Juta Agen BRILink Hasilkan Volume Transaksi Rp800 Triliun - pasardana.id,0.0,5150.0,217759300,1
2024-08-22,BBRI.JK,Saham BBRI Jadi Pilihan Analis di Tengah Pemangkasan Suku Bunga - Bloomberg Technoz,0.0,5050.0,474043100,1
2024-08-22,BBRI.JK,BNI buka suara terkait rencana pelepasan saham BSI - ANTARA News,0.0,5050.0,474043100,1
2024-08-21,BBRI.JK,"Melesat 11,79%, Saham BRI (BBRI) Balik Ke Rp 5.000-an Lagi - CNBC Indonesia",0.0,5100.0,390307000,0
2024-08-21,BBRI.JK,"Tiga Investor Raksasa Borong Saham BRI, Blackrock Paling Getol! - CNBC Indonesia",0.0,5100.0,390307000,0
2024-08-20,BBRI.JK,"Indeks BUMN20 Baru Ngebut Belakangan, Intip Saham-Saham Pelat Merah Pilihan - TradingView",0.0,4950.0,310085500,1
2024-08-20,BBRI.JK,"Saham MAPI Masih Murah, Harusnya Harganya Segini - investor.id",0.0,4950.0,310085500,1
2024-08-19,BBRI.JK,"Target dan Rekomendasi Saham BBRI, BBCA, BMRI, dan BBNI - Bloomberg Technoz",0.0,4820.0,196203200,1
2024-08-19,BBRI.JK,Transisi Energi Dihambat Bank Nasional - Riset - Trend Asia,0.0,4820.0,196203200,1
2024-08-15,BBRI.JK,Kementerian Komunikasi dan Digital - Kementerian Komunikasi dan Digital,0.0,4830.0,214394900,0
2024-08-14,BBRI.JK,"Banyak Beredar Nomor dan Akun Palsu, BRI Imbau Nasabah Lakukan Hal Ini - Infobanknews",0.0,4820.0,262716500,1
2024-08-14,BBRI.JK,"Banyak Beredar Nomor dan Akun Palsu, BRI Himbau Nasabah Kenali Akun dan Kontak Resmi - InvestorTrust",0.0,4820.0,262716500,1
2024-08-14,BBRI.JK,"BRI imbau nasabah untuk kenali kontak resmi di tengah maraknya ""scam"" - ANTARA News Jambi",0.0,4820.0,262716500,1
2024-08-14,BBRI.JK,BRI dukung penegakan hukum terkait pencurian agen BRILink di Riau - ANTARA News,0.0,4820.0,262716500,1
2024-08-14,BBRI.JK,"Hindari Penipuan, Nasabah Diminta Kenali Akun dan Kontak Resmi BRI - Tempo.co",0.0,4820.0,262716500,1
2024-08-14,BBRI.JK,"Banyak Beredar Nomor dan Akun Palsu, BRI Imbau Nasabah Kenali Akun dan Kontak Resmi - MetroTVNews.com",0.0,4820.0,262716500,1
2024-08-13,BBRI.JK,"Saatnya Cuan Wintermar (WINS), Berikut Target Saham dan Kinerja Keuangannya - InvestorTrust",0.0,4720.0,109533400,1
2024-08-13,BBRI.JK,BRI Rilis Kebijakan Baru Terkait Perubahan Ketentuan Produk Tabungan - InvestorTrust,0.0,4720.0,109533400,1
2024-08-13,BBRI.JK,BRI rilis kebijakan baru terkait perubahan ketentuan produk tabungan - ANTARA News,0.0,4720.0,109533400,1
2024-08-08,BBRI.JK,Kodim 0914/TNT Terima Bantuan Mobil Ambulance Dari Bank BRI Tanjung Selor - Metro Kaltara,0.0,4660.0,131343400,1
2024-08-08,BBRI.JK,"Hoax Uang Nasabah Hilang Merebak, Pengamat Tegaskan Menabung di Bank Sangat Aman - InvestorTrust",0.0,4660.0,131343400,1
2024-08-07,BBRI.JK,"NIM Melesat, BRI (BBRI) Cetak Laba Bersih Terbesar Sepanjang Masa Rp 60,1 Triliun - InvestorTrust",0.6,4620.0,125937500,1
2024-08-06,BBRI.JK,"Potensi Cuan Jumbo, Sekuritas Ini Pertahankan Target Saham Summarecon (SMRA) Rp 1.000 - InvestorTrust",0.0,4600.0,238051800,1
2024-08-06,BBRI.JK,"Realisasi Laba Sesuai Estimasi, Begini Target Saham Bank Syariah (BRIS) - InvestorTrust",0.6,4600.0,238051800,1
2024-08-05,BBRI.JK,"Rebound! BRI (BBRI) Kembali ke Level Rp 5.000, Target Harga masih Tinggi - InvestorTrust",0.0,4530.0,329430900,1
2024-08-05,BBRI.JK,"Cermati, Sekuritas Ini Sebut Potensi Cuan Saham Pakuwon (PWON) masih Besar - InvestorTrust",0.0,4530.0,329430900,1
2024-08-05,BBRI.JK,"Terdiskon Besar, Sekuritas Ini Ungkap Potensi Cuan Saham Summarecon (SMRA) - InvestorTrust",0.0,4530.0,329430900,1
2024-08-01,BBRI.JK,"Kinerja Keuangan Stabil, Performa Saham BBRI Masih Merah! - Sinar Harapan - Sinar Harapan",0.0,4750.0,169636700,0
2024-08-01,BBRI.JK,Begini Cara BRI Melindungii Usaha Wong Cilik - CNBC Indonesia,0.0,4750.0,169636700,0
2024-07-31,BBRI.JK,"10 Emiten ""Sejuta Umat"", Pemegang Sahamnya Hampir 3 Juta - CNBC Indonesia",0.0,4670.0,168490300,1
2024-07-31,BBRI.JK,BRI Ditunjuk KSEI sebagai Bank Pembayaran dan Bank Administrator RDN - Tempo.co,0.0,4670.0,168490300,1
2024-07-30,BBRI.JK,Beli Saham BBRI 10 Tahun Lalu: Bisa Beli Mobil Baru - CNBC Indonesia,0.0,4670.0,201835700,0
2024-07-30,BBRI.JK,Analis Optimis Terhadap Prospek Cerah Bank BRI di 2024 - Bloomberg Technoz,0.6,4670.0,201835700,0
2024-07-30,BBRI.JK,Polda Riau Tetapkan Eks Pegawai BRI Unit Kualu Tersangka Dugaan Korupsi KUR - CAKAPLAH.com,0.0,4670.0,201835700,0
2024-07-30,BBRI.JK,"[HOAKS] Jokowi Bagi-Bagi Uang Untuk Pemegang Buku Rekening BCA, BNI, BRI, dan Bank Mandiri - Kementerian Komunikasi dan Digital",0.0,4670.0,201835700,0
2024-07-29,BBRI.JK,"Kinerja Makin Membaik, Ini Rekomendasi Analis untuk Saham BBRI - Market - Bloomberg Technoz",0.0,4780.0,126109900,0
2024-07-29,BBRI.JK,"Aset BRI Hampir Rp 2.000 Triliun, 3 Kali Lipat Jakarta - CNBC Indonesia",0.0,4780.0,126109900,0
2024-07-29,BBRI.JK,"Cetak Laba Hampir Rp 30 T, BRI Terbang di Tengah Ketidakpastian - CNBC Indonesia",0.6,4780.0,126109900,0
2024-07-26,BBRI.JK,"BRI Buka Lowongan Kerja untuk Lulusan S1, Simak Persyaratannya - Kompas.com",0.0,4760.0,192267300,1
2024-07-26,BBRI.JK,"Kredit BRI Tembus Rp1.336 Triliun, Ini Sektor yang Diuntungkan - CNBC Indonesia",0.6,4760.0,192267300,1
2024-07-25,BBRI.JK,"Rilis Kinerja Paruh Pertama, BBRI vs BBCA Mana yang Terbaik? - Mikir Duit",0.0,4700.0,274397700,1
2024-07-25,BBRI.JK,"Laba Rp29,7 Triliun di Semester I, Profitabilitas BBRI Diprediksi Membaik, Siap Serok Sahamnya? - Bareksa.com",0.6,4700.0,274397700,1
2024-07-25,BBRI.JK,Cara Daftar BRImo bagi Nasabah Lama dan Syaratnya - TradingView,0.0,4700.0,274397700,1
2024-07-25,BBRI.JK,"Nasabah Tenang, Ini Jurus BRI Hadapi Ancaman Siber - CNBC Indonesia",0.0,4700.0,274397700,1
2024-07-25,BBRI.JK,"Top! Laba Bersih BRI Tembus Rp29,90 Triliun di Semester I 2024 - Infobanknews",0.6,4700.0,274397700,1
2024-07-25,BBRI.JK,"Yuk, Intip Besaran Gaji dan Tantiem Bos BRI - TradingView",0.0,4700.0,274397700,1
2024-07-25,BBRI.JK,"Tumbuh Selektif, BRI Cetak Laba Rp 29,9 Triliun di Semester I-2024 - CNBC Indonesia",0.6,4700.0,274397700,1
2024-07-25,BBRI.JK,"Enam Bulan, BRI (BBRI) Cetak Laba Bersih Rp 29,9 Triliun - investor.id",0.6,4700.0,274397700,1
2024-07-25,BBRI.JK,Kolaborasi BPJS dan SRC Sinergikan UMKM di Panggung Pesta Rakyat Jakarta Convention Center - BPJS Ketenagakerjaan,0.0,4700.0,274397700,1
2024-07-24,BBRI.JK,"Soal MoU Muhammadiyah-Bank BRI (BBRI), Petinggi Muhammadiyah Singgung ""Ribawi"" - Sinar Harapan - Sinar Harapan",0.0,4780.0,116037600,0
2024-07-24,BBRI.JK,Website DJKN - DJKN,0.0,4780.0,116037600,0
2024-07-24,BBRI.JK,Berita Kanwil DJKN Aceh - DJKN,0.0,4780.0,116037600,0
2024-07-24,BBRI.JK,"Gagal Bayar Segmen UMKM Bengkak, BRI Kocok Ulang Komposisi Portofolio Kredit - TradingView",0.0,4780.0,116037600,0
2024-07-24,BBRI.JK,"Lowongan Kerja Bank BRI untuk Lulusan S1, Begini Cara Daftarnya - Kompas.tv",0.0,4780.0,116037600,0
2024-07-23,BBRI.JK,Ini Analisa Bloomberg Terhadap Kinerja BBRI di Q2-2024 - Bloomberg Technoz,0.0,4790.0,170919500,0
2024-07-22,BBRI.JK,"Cara Beli Saham BRI, Masih Prospektif Asal Lakukan Ini - finansialku.com",0.6,4910.0,140128300,0
2024-07-19,BBRI.JK,Top! BRI Jadi BUMN Penyetor Dividen Terbesar pada 2023 - Infobanknews,0.6,4900.0,135104800,1
2024-07-19,BBRI.JK,Website DJKN - DJKN,0.0,4900.0,135104800,1
2024-07-17,BBRI.JK,"Daftar 20 Emiten Dengan Free Cash Flow Jumbo, Ada BBRI & TLKM - CNBC Indonesia",0.0,4760.0,263325400,1
2024-07-17,BBRI.JK,"BRI Jadi Kontributor Dividen Terbesar BUMN pada 2023, Setor Rp23,2 Triliun ke Negara - Sinar Harapan - Sinar Harapan",0.6,4760.0,263325400,1
2024-07-17,BBRI.JK,"Hak Jawab, Penjelasan Sigit Prasetya soal Uang Rp 400 Juta - detikNews",0.0,4760.0,263325400,1
2024-07-17,BBRI.JK,Muhammadiyah dan BRI Jalin Kerja Sama Penyediaan Jasa dan Layanan Perbankan - Muhammadiyah,0.0,4760.0,263325400,1
2024-07-16,BBRI.JK,Saham BBRI Jadi Pilihan Analis; Valuasi Amat Menarik - Bloomberg Technoz,0.0,4730.0,189271400,1
2024-07-15,BBRI.JK,Cara Beli Saham Bank BRI (BBRI) Online dan Mudah - Ajaib,0.0,4820.0,188713000,0
2024-07-12,BBRI.JK,8 Emiten Lakukan Buyback Gila-Gilaan: GOTO Hingga BRI - CNBC Indonesia,0.6,4900.0,301125400,0
2024-07-11,BBRI.JK,[HOAKS] BRI Melakukan Phising - Tribrata News,0.0,4840.0,170461300,1
2024-07-10,BBRI.JK,Manuver Hermanto Tanoko - SWA.co.id,0.0,4850.0,167619700,0
2024-07-10,BBRI.JK,"Permudah Pembayaran Premi Asuransi, BRI Jalin Kerja Sama dengan Manulife Indonesia - Infobanknews",0.0,4850.0,167619700,0
2024-07-09,BBRI.JK,"Saham BBRI, BBNI dan BMRI Melesat Diborong Investor, Ini Penyebab dan Antrian Harganya - Bareksa.com",0.0,4870.0,291320400,0
2024-07-09,BBRI.JK,"Crazy Rich Hermanto Tanoko Serok Saham BBRI, BMRI, BBNI Usai Lego BDMN - CNBC Indonesia",0.0,4870.0,291320400,0
2024-07-08,BBRI.JK,"BUMN Bank BRI Masih Buka Lowongan Kerja Juli 2024 untuk S1 Semua Jurusan, Ini Cara Daftarnya - Kompas.tv",0.0,4750.0,222042100,1
2024-07-08,BBRI.JK,Kementerian Komunikasi dan Digital - Kementerian Komunikasi dan Digital,0.0,4750.0,222042100,1
2024-07-05,BBRI.JK,Digitalisasi Menjadi Peluang Emas bagi Pengusaha Ultra Mikro - Bloomberg Technoz,0.0,4800.0,218278000,0
2024-07-04,BBRI.JK,"IHSG Berpotensi Naik di Juli-Agustus, Seberapa Cerah Prospek Saham BBRI, BMRI, BBNI dan BBCA? - Bareksa.com",0.6,4790.0,422261500,1
2024-07-04,BBRI.JK,BRI Finance Targetkan Pembiayaan Mobil Baru Hingga Akhir 2024 Sebesar Rp800 Miliar - pasardana.id,0.0,4790.0,422261500,1
2024-07-04,BBRI.JK,"Per 1 Agustus, Rekening BRI Tak Aktif selama 180 Hari jadi Rekening Dormant - Kompas.tv",0.0,4790.0,422261500,1
2024-07-03,BBRI.JK,Cara Top Up GoPay Mudah dan Cepat dengan BRImo - Bloomberg Technoz,0.0,4600.0,176310400,1
2024-07-03,BBRI.JK,"Kunjungi Empat Bank, KPP Bontang Lakukan Pemblokiran Rekening - Pajak",0.0,4600.0,176310400,1
2024-07-02,BBRI.JK,5 Manfaat Utama Memiliki Kartu Kredit BRI - Finansial - Bloomberg Technoz,0.0,4570.0,234403100,1
2024-07-02,BBRI.JK,Cara Mudah Mendapatkan Kode Referral BRI dan Keuntungannya - Bloomberg Technoz,0.6,4570.0,234403100,1
2024-07-02,BBRI.JK,"Tak Lagi Pakai SMS, BRI Lakukan Penyesuaian Layanan Pengaduan - Bloomberg Technoz",0.0,4570.0,234403100,1
2024-07-01,BBRI.JK,BRI & Grand Lucky Hadirkan Promo Belanja Hemat - Finansial - Bloomberg Technoz,0.0,4630.0,261421200,0
2024-07-01,BBRI.JK,BRI & Grand Lucky Hadirkan Promo Belanja Hemat - Bloomberg Technoz,0.0,4630.0,261421200,0
2024-07-01,BBRI.JK,BRI Buka Layanan Keuangan untuk Diaspora & PMI di Korea Selatan - CNN Indonesia,0.0,4630.0,261421200,0
2024-06-28,BBRI.JK,"Saham Bank Raksasa Tancap Gas: BRI, BNI, Mandiri & BCA Siapa Juara? - CNBC Indonesia",0.0,4600.0,581319300,1
2024-06-28,BBRI.JK,"Berantas Judi, BRI Aktif Blokir Ribuan Rekening Terindikasi Judol - Bloomberg Technoz",0.0,4600.0,581319300,1
2024-06-28,BBRI.JK,"Museum Bank Rakyat Indonesia: Lokasi, Jam Buka, Harga, Daya Tarik, dan Rute - detikcom",0.0,4600.0,581319300,1
2024-06-28,BBRI.JK,BRI Blokir Ribuan Rekening yang Terindikasi Menampung Uang Judi Online - Liputan6.com,0.0,4600.0,581319300,1
2024-06-27,BBRI.JK,Begini Strategi BRI Mengelola Aset Bermasalah Jadi Bernilai - Bloomberg Technoz,0.0,4460.0,299430600,1
2024-06-27,BBRI.JK,"Waspada, Ada Penipuan dengan Modus Kenaikan Biaya Transfer BRI - Bloomberg Technoz",0.6,4460.0,299430600,1
2024-06-27,BBRI.JK,"Terintegrasi ke Samsung Pay, Samsung BRI Credit Card Diluncurkan - Bloomberg Technoz",0.0,4460.0,299430600,1
2024-06-27,BBRI.JK,PJ Wali Kota Bima Bangun Silaturahmi dengan Branch Manager PT. BRI dan PT. BTN Cabang Bima - Pemerintah Kota Bima,0.0,4460.0,299430600,1
2024-06-26,BBRI.JK,Saham BBRI Tanggal 27 Juni 2024 untuk IDX:BBRI oleh Putu_Oka - TradingView,0.0,4370.0,150303400,1
2024-06-26,BBRI.JK,"Tren Koreksi Saham Penghuni LQ45-MSCI, dari BMRI hingga GOTO - CNBC Indonesia",0.0,4370.0,150303400,1
2024-06-26,BBRI.JK,"Sosok di Balik BRI, dari Bank Desa jadi Bank Terbesar di Indonesia - Bisnis.com",0.0,4370.0,150303400,1
2024-06-26,BBRI.JK,Kementerian Komunikasi dan Digital - Kementerian Komunikasi dan Digital,0.0,4370.0,150303400,1
2024-06-26,BBRI.JK,[HOAKS] Surat BRI Berisi Perubahan Tarif BI FAST - Tribrata News,0.0,4370.0,150303400,1
2024-06-25,BBRI.JK,BRI Buka Suara Soal Jumlah ATM Semakin Menyusut - Bloomberg Technoz,0.0,4380.0,383572500,0
2024-06-25,BBRI.JK,"Samsung BRI Credit Card Resmi Meluncur, Buat Semua Kemudahan Jadi Milikmu - samsung.com",0.0,4380.0,383572500,0
2024-06-21,BBRI.JK,"Petaka Anjloknya Saham Big Bank Pada 2015, Mirip Kayak 2024? - Mikir Duit",-0.6,4440.0,532713300,0
2024-06-21,BBRI.JK,"Segudang Prestasi, BRI Jadi Perbankan No 1 di RI Versi Fortune 500 - CNBC Indonesia",0.0,4440.0,532713300,0
2024-06-21,BBRI.JK,Top! BRI Jadi Perusahaan Terbesar di Indonesia Versi Forbes - CNBC Indonesia,0.0,4440.0,532713300,0
2024-06-21,BBRI.JK,BRI KC Kebayoran Baru Salurkan Bantuan Sembako di Dua Lokasi - Indonesia Satu,0.0,4440.0,532713300,0
2024-06-21,BBRI.JK,"Nabung Mudah, Tau-tau Dapat Hadiah, BRI Gorontalo Serahkan Satu Unit Mobil Undian Simpedes - Gorontalopost.co.id",0.0,4440.0,532713300,0
2024-06-20,BBRI.JK,"Perkuat Kerjasama, KPP Badung Utara Sambut Kunjungan Bank BRI - Pajak",0.0,4270.0,387133400,1
2024-06-20,BBRI.JK,"Fantastis! Setoran BRI ke Kas Negara Tembus Rp 192,06 T - CNBC Indonesia",0.0,4270.0,387133400,1
2024-06-20,BBRI.JK,Kementerian Komunikasi dan Digital - Kementerian Komunikasi dan Digital,0.0,4270.0,387133400,1
2024-06-14,BBRI.JK,"Rupiah Jebol, Saham BBRI Rekor Terendah Sejak 2022 - Bloomberg Technoz",0.6,4180.0,358893200,0
2024-06-14,BBRI.JK,"SBR013 Terbit, BRI Tawarkan Berbagai Program Menarik - Bloomberg Technoz",0.0,4180.0,358893200,0
2024-06-14,BBRI.JK,Upaya PPNI & Bank BRI Berkomitmen Memudahkan Perawat Bertransaksi & Peluang Tambah Modal Usaha - PPNI,0.0,4180.0,358893200,0
2024-06-13,BBRI.JK,"Pantas Investor Ritel Kepincut Saham BBRI, Ini Alasannya! - CNBC Indonesia",0.0,4310.0,238349600,0
2024-06-13,BBRI.JK,"Punya Fundamental Bagus, Saham BBRI Jadi Incaran Investor Ritel - CNBC Indonesia",0.0,4310.0,238349600,0
2024-06-13,BBRI.JK,"BRI, Bank Rakyat yang Sahamnya Milik Rakyat - Bloomberg Technoz",0.0,4310.0,238349600,0
2024-06-13,BBRI.JK,"Jadi Sahamnya Rakyat, Jumlah Investor BRI Tembus Setengah Juta - CNBC Indonesia",0.0,4310.0,238349600,0
2024-06-13,BBRI.JK,"Saham Tertekan, 3 Direksi BRI Justru Borong Saham BBRI - KONTAN",0.0,4310.0,238349600,0
2024-06-12,BBRI.JK,Tiga Bos BBRI Borong Ratusan Ribu Lembar Saham di Harga Segini - Bareksa.com,0.0,4350.0,187332500,0
2024-06-12,BBRI.JK,Direksi BRI Borong Saham BBRI Siratkan Bentuk Optimisme Kinerja - ANTARA News,0.0,4350.0,187332500,0
2024-06-12,BBRI.JK,Direksi BRI Kompak Borong Saham BBRI Siratkan Bentuk Optimisme Kinerja - BeritaManado.com,0.0,4350.0,187332500,0
2024-06-12,BBRI.JK,"Direksi BRI Kompak Borong Saham BBRI, Siratkan Bentuk Optimisme Kinerja - Biz Kompas",0.0,4350.0,187332500,0
2024-06-12,BBRI.JK,Tiga direksi BRI beli saham BBRI dengan total 723 ribu lembar - ANTARA News,0.0,4350.0,187332500,0
2024-06-12,BBRI.JK,Direksi BRI Kompak Borong Saham BBRI Siratkan Bentuk Optimisme Kinerja - radarbanyumas.disway.id - radarbanyumas,0.0,4350.0,187332500,0
2024-06-12,BBRI.JK,Direksi BRI Kompak Borong Saham BBRI Siratkan Bentuk Optimisme Kinerja - Merdeka.com,0.0,4350.0,187332500,0
2024-06-12,BBRI.JK,"3 Direktur BRI Kompak Borong Saham BBRI, Ada Apa? - detikFinance",0.0,4350.0,187332500,0
2024-06-12,BBRI.JK,"Wujud Optimisme Kinerja, Direksi BRI Kompak Borong Saham BBRI - iNews.ID",0.0,4350.0,187332500,0
2024-06-11,BBRI.JK,"Saham BBRI dalam Tekanan, Analis: Ada Potensi Rebound yang Besar - Bloomberg Technoz",-0.6,4340.0,197854400,1
2024-06-10,BBRI.JK,Deretan Saham Bank Big Caps yang Memiliki Valuasi Terdiskon - CNBC Indonesia,0.0,4400.0,181387000,0
2024-06-10,BBRI.JK,"Cashless Makin Digemari, Ini 5 Digital Banking Pilihan Warga RI - CNBC Indonesia",0.0,4400.0,181387000,0
2024-06-06,BBRI.JK,Pegawai BRI Ikuti Sosialisasi Pendaftaran NPWP secara Daring - Pajak,0.0,4500.0,281534200,0
2024-06-05,BBRI.JK,6 Jurus Investasi Anti Nyangkut di Saham BBCA dan BBRI - Bareksa.com,0.0,4400.0,240788500,1
2024-06-05,BBRI.JK,"Bank BRI Buka Banyak Lowongan Kerja untuk S1 dan S2 Semua Jurusan, Penempatan Berbagai Kota - Kompas.tv",0.0,4400.0,240788500,1
2024-06-03,BBRI.JK,"Saham Bank Jumbo BRI BCA Mandiri Rebound, Lanjut Naik Nggak Nih? - CNBC Indonesia",0.6,4530.0,345770100,0
2024-06-03,BBRI.JK,PT Bank Rakyat Indonesia (Persero) Tbk Class B - TradingView,0.0,4530.0,345770100,0
2024-06-03,BBRI.JK,"Kinerja di Atas Industri, Bank BRI Bank Paling Royal Bagi Dividen - Bloomberg Technoz",0.6,4530.0,345770100,0
2024-05-31,BBRI.JK,Cara Transaksi Saham Pakai Aplikasi BRI BRIGHTS dengan Mudah - Bloomberg Technoz,0.0,4340.0,655144100,1
2024-05-30,BBRI.JK,"Valuasi Saham Perbankan Big Caps Setelah Harganya Ambruk, Makin Murah? - CNBC Indonesia",-0.6,4380.0,502927800,0
2024-05-29,BBRI.JK,Harga Wajar Saham BBRI Update Kuartal 1 2024 - PintarSaham,0.0,4410.0,465008500,0
2024-05-29,BBRI.JK,BRIGHTS: Solusi Tepat untuk Investasi Saham Persembahan dari BRI - Suara.com,0.0,4410.0,465008500,0
2024-05-29,BBRI.JK,"Seriusi Pembiayaan Hijau, BRI Salurkan Rp 82,3 T - CNBC Indonesia",0.0,4410.0,465008500,0
2024-05-28,BBRI.JK,Tips Menentukan Saham Right Issue yang Cepat Balik Modal - Mikir Duit,0.0,4530.0,258070200,0
2024-05-28,BBRI.JK,"Kenal Lebih Dekat, Jajaran Komisaris BRI Kunjungi PT Pindad - PT. Pindad (Persero)",0.0,4530.0,258070200,0
2024-05-28,BBRI.JK,Beragam Keunggulan Produk Giro dari BRI - Finansial - Bloomberg Technoz,0.0,4530.0,258070200,0
2024-05-28,BBRI.JK,"More Bank Options, Easier for People to Invest in Commodity Futures Trading at Valbury - Valbury Asia Futures",0.0,4530.0,258070200,0
2024-05-27,BBRI.JK,BBRI Jadi Bank Penyimpan Dana Margin di Kliring Berjangka Indonesia - Bareksa.com,0.0,4550.0,363719300,0
2024-05-27,BBRI.JK,Cara Memindahkan BRImo ke HP Baru yang Wajib Diketahui Nasabah - Finansial - Bloomberg Technoz,0.0,4550.0,363719300,0
2024-05-27,BBRI.JK,BBRI Jadi Bank Penyimpan Dana Margin di Kliring Berjangka Indonesia - pasardana.id,0.0,4550.0,363719300,0
2024-05-22,BBRI.JK,"IHSG Dibuka Menguat Jelang Libur Panjang, Saham BBRI dan BBCA Topang Transaksi Bursa - Bareksa.com",0.6,4720.0,215066000,0
2024-05-21,BBRI.JK,Pemimpin BRI Cabang Stabat Terima Kunjungan Kepala SPN Hinai Beserta Rombongan Berita Terkini Medan Sumut - UtamaNews,0.0,4680.0,271568800,1
2024-05-16,BBRI.JK,"BUMN Bank BRI Buka Lowongan Kerja Mei 2024 untuk S1 Semua Jurusan, Ini Link dan Kualifikasinya - Kompas.tv",0.0,4840.0,371295000,1
2024-05-16,BBRI.JK,"Sangat Mudah, Ini Cara Ajukan Bank Garansi Lewat QLola by BRI - Finansial - Bloomberg Technoz",0.0,4840.0,371295000,1
2024-05-15,BBRI.JK,"Stock Pick: Grup Prajogo Pangestu Topang IHSG, Ini Ide Trading Saham BBRI, CUAN dan CPIN - Bareksa.com",0.0,4820.0,298990300,1
2024-05-15,BBRI.JK,Lupa No Rekening BRI Kamu? Ini Dia Cara Ceknya! - Telkomsel,0.0,4820.0,298990300,1
2024-05-14,BBRI.JK,Perbankan Genjot Pembiayaan Berkelanjutan | - Republika.id,0.0,4730.0,341458900,1
2024-05-08,BBRI.JK,"IHSG Turun 0,49%, Saham BBRI & LQ45 Ini Justru Menghijau - Market - Bloomberg Technoz",-0.6,4680.0,572275800,0
2024-05-07,BBRI.JK,"Saham BBRI Oversold , Tahan Atau Beli? - Bloomberg Technoz",0.0,4670.0,304013600,1
2024-05-07,BBRI.JK,BRI Respons Isu di Medsos soal Uang yang Hilang di Bank - CNN Indonesia,0.0,4670.0,304013600,1
2024-05-06,BBRI.JK,"Jajaran Direksi Terbaru BRI Life Hasil RUPST, Aris Hartanto Direktur Utama - Press Release Indonesia",0.0,4790.0,262707400,0
2024-05-06,BBRI.JK,Beranda | Kota Blitar - Pemerintah Kota Blitar,0.0,4790.0,262707400,0
2024-05-03,BBRI.JK,"Dukung Merchant Kuliner Indonesia, BRI Berpartisipasi Dalam Penghargaan Exquisite’s Best Restaurants & Bars 2024 - ANTARA News",0.0,4750.0,321697200,1
2024-05-02,BBRI.JK,"Harga Saham Masih Undervalued , BRI Buyback Saham Senilai Rp1,5 Triliun - Infobanknews",0.6,4760.0,636922100,0
2024-04-30,BBRI.JK,"Fundamental BBRI Masih Kuat, Sahamnya Layak Serok? - CNBC Indonesia",0.0,4940.0,565609200,0
2024-04-30,BBRI.JK,"Terus Melonjak, Harga Saham BRI (BBRI) Rp 5.025 per Unit - detikFinance",0.0,4940.0,565609200,0
2024-04-30,BBRI.JK,Strategi BRI Agar 40 Juta Nasabah Pakai BRImo Tahun Ini - Finansial - Bloomberg Technoz,0.0,4940.0,565609200,0
2024-04-30,BBRI.JK,BRI Cabang Hayam Wuruk Targetkan 80 Ribu Nasabah Gunakan BRImo - investor.id,0.0,4940.0,565609200,0
2024-04-30,BBRI.JK,"BRI Bukittinggi Cabut Gugatan, Riyan Permana Putra sebut Tercapai Perdamaian dengan BRI Bukittinggi - RRI.co.id",0.0,4940.0,565609200,0
2024-04-26,BBRI.JK,Weekly Watchlist: Saham-Saham Sektor Perbankan Sepekan (22-26 April 2024) - Ajaib,0.0,4830.0,782589900,0
2024-04-26,BBRI.JK,BRI Pastikan Video Uang Hilang Hoax & Laporkan Pihak Terkait - CNBC Indonesia,0.0,4830.0,782589900,0
2024-04-25,BBRI.JK,💲 BBRI: Laba Bersih 1Q24 Ditekan Penurunan Kualitas Aset - Stockbit Snips,0.6,5150.0,479170900,0
2024-04-25,BBRI.JK,"Saham BBCA vs BBRI, Siapa yang Paling Menarik? - Mikir Duit",0.0,5150.0,479170900,0
2024-04-25,BBRI.JK,"BBRI Catat Laba Triwulan I 2024 Naik Jadi Rp15,98 Triliun - Bareksa.com",0.6,5150.0,479170900,0
2024-04-25,BBRI.JK,"BRI Cetak Laba Rp15,98 T di Kuartal I-2024 - CNBC Indonesia",0.6,5150.0,479170900,0
2024-04-25,BBRI.JK,"Aset BRI Tembus 1.989 T, Jadi Bank Terbesar Kedua di RI - CNBC Indonesia",0.0,5150.0,479170900,0
2024-04-25,BBRI.JK,"Laba BRI Kalahkan BCA, Ini Data Terbarunya - CNBC Indonesia",0.6,5150.0,479170900,0
2024-04-24,BBRI.JK,"Beredar Postingan Uang Nasabah Hilang Efek Bansos, BRI Pastikan Hoax - detikNews",0.0,5225.0,471241400,0
2024-04-23,BBRI.JK,BRI Cabang Hayam Wuruk Targetkan 80 Ribu Nasabah Pakai BRImo Tahun Ini - detikFinance,0.0,5300.0,281403100,0
2024-04-22,BBRI.JK,BRI Panglima Polim Gelar Program Spesial Lebaran dan Berbagi dengan Sesama - investor.id,0.0,5300.0,342282800,0
2024-04-18,BBRI.JK,Bank BRI BBRI Catat Pertumbuhan Aset Kelolaan Wealth Management BRI Sebesar 21 Persen Pada Q1-2024 - Sinar Harapan - Sinar Harapan,0.6,5475.0,247410700,0
2024-04-18,BBRI.JK,"Bank Islam Terbesar di Abu Dhabi Dikabarkan Incar Saham BRI di BSI, Ini Profilnya - Tempo.co",0.0,5475.0,247410700,0
2024-04-18,BBRI.JK,"Terima Kunker Kepala Cabang Bank BRI Soasio Tidore, Ini Yang Disampaikan Wali Kota - terbitmalut.com",0.0,5475.0,247410700,0
2024-04-17,BBRI.JK,UGM dan BRI Bahas Kerja Sama Pembangunan Guest Centre - Universitas Gadjah Mada,0.0,5300.0,244002000,1
2024-04-17,BBRI.JK,"Bank BRI Masih Buka Lowongan Kerja, IPK di Bawah 3 Bisa Mendaftar - Kompas.tv",0.0,5300.0,244002000,1
2024-04-16,BBRI.JK,"Direktur BRI Agus Winardono Serok Saham BBRI, Segini Harganya - Bareksa.com",0.0,5350.0,600717500,0
2024-04-16,BBRI.JK,"IHSG Merah Pasca Liburan, BBRI dan BBCA Anjlok 4% Tapi Antrean Beli Segini - Bareksa.com",-0.6,5350.0,600717500,0
2024-04-16,BBRI.JK,"Cuan di Bulan Ramadan, BRI Bayarkan Dividen Tunai Rp35,43 Triliun - Bloomberg Technoz",0.6,5350.0,600717500,0
2024-04-05,BBRI.JK,"10 Perusahaan Paling Berharga di ASEAN, Bank BCA - BRI Jadi Juara! - CNBC Indonesia",0.0,5650.0,178817800,0
2024-04-05,BBRI.JK,"Kementan Bersama Bank Mandiri dan Bank BRI, Serahkan Paket Sembako - pertanian.go.id",0.0,5650.0,178817800,0
2024-04-04,BBRI.JK,"Lampaui Target Kemenkeu, BRI Sukses Jual SBN SR020 hingga Rp1,5 Triliun - Infobanknews",-0.6,5700.0,131936100,0
2024-04-03,BBRI.JK,Segini Nilai Cuan di Saham BBRI Bila Hold Terus Sejak IPO - Bloomberg Technoz,0.0,5625.0,333518700,1
2024-04-03,BBRI.JK,"Outflow Dana Asing Saham Bank Jumbo Capai Rp1,7 Triliun, IHSG Makin ‘Boncos’ - Infobanknews",0.0,5625.0,333518700,1
2024-04-03,BBRI.JK,"Rupiah Melemah Bikin IHSG dan Saham Bank Berguguran, BBCA & BBRI Turun 2% - Bareksa.com",-0.6,5625.0,333518700,1
2024-04-03,BBRI.JK,Gak Usah Bingung! Ini Penyebab Saham Perbankan Raksasa RI Rontok - CNBC Indonesia,0.0,5625.0,333518700,1
2024-04-03,BBRI.JK,"Saham Big Bank Koreksi, Mana yang Sudah Murah? - Mikir Duit",0.0,5625.0,333518700,1
2024-04-03,BBRI.JK,Sejarah Awal Mula Saham BRI IPO di Bursa Efek indonesia - Suara.com,0.0,5625.0,333518700,1
2024-04-03,BBRI.JK,"Pemegang Saham BBRI Terbesar, Ini Sosoknya - Suara.com",0.0,5625.0,333518700,1
2024-04-03,BBRI.JK,ANGKATAN LAUT - TNI AL,0.0,5625.0,333518700,1
2024-04-03,BBRI.JK,MAN 5 Tasikmalaya Resmikan Sumur Artesis sekaligus santunan Anak Yatim - jabar.kemenag.go.id,0.0,5625.0,333518700,1
2024-04-02,BBRI.JK,"Pastikan Lolos SLIK OJK Sebelum Ajukan KUR BRI, Ini Caranya! - Finansial - Bloomberg Technoz",0.0,5675.0,412180900,0
2024-04-02,BBRI.JK,"Berkat Hal Ini, BRI Boyong 12 Penghargaan Infobank Digital Brand 2024 - Infobanknews",0.0,5675.0,412180900,0
2024-04-01,BBRI.JK,"Investor Asing Mudik, Saham Bank Besar Ini Tertekan - Bareksa.com",0.0,5925.0,217207800,0
2024-04-01,BBRI.JK,Kini Nasabah Bank DKI Bisa Lakukan Tarik Tunai Tanpa Kartu di Seluruh ATM BRI - Press Release Indonesia,0.0,5925.0,217207800,0
2024-04-01,BBRI.JK,BRI Sambut Baik Penghentian Restrukturisasi Kredit COVID-19 oleh OJK - CNBC Indonesia,0.0,5925.0,217207800,0
2024-04-01,BBRI.JK,"Aman & Menguntungkan, Ini Daftar Bunga Deposito di BRI - Finansial - Bloomberg Technoz",0.6,5925.0,217207800,0
2024-03-28,BBRI.JK,Cek Rekening! Ada THR Dari BRI Untuk Para Pemegang Saham - Bloomberg Technoz,0.0,6050.0,288926900,0
2024-03-28,BBRI.JK,"Berkat Fitur Ini, Atur Keuangan Pakai BRImo Jadi Lebih Mudah - Infobanknews",0.0,6050.0,288926900,0
2024-03-27,BBRI.JK,"Rangkuman Rekomendasi Saham Hari Ini, 27 Maret 2024 - Market - Bloomberg Technoz",0.0,6250.0,73308900,0
2024-03-27,BBRI.JK,"Mau Dapat Dividen Rp5 Juta/Bulan dari Big Bank, Harus Modal Berapa? - CNBC Indonesia",0.6,6250.0,73308900,0
2024-03-26,BBRI.JK,"Berbagi Berkah Bulan Ramadan, BRI Beri Santunan 200 Anak Yatim - Infobanknews",0.0,6300.0,120748400,0
2024-03-26,BBRI.JK,Dari Nol Hingga Berjaya: Kisah Inspiratif Perajin Tahu yang Mendapat Dukungan dari Bank BRI - Link UMKM,0.0,6300.0,120748400,0
2024-03-26,BBRI.JK,Strategi BRI Menghumanisasi Layanan Digital via Teknologi AI - Bloomberg Technoz,0.0,6300.0,120748400,0
2024-03-25,BBRI.JK,"Saham ASII, BBCA, BBRI, MDKA, dan TLKM jadi Underlying Kontrak Berjangka Saham - Bareksa.com",0.0,6250.0,115729600,1
2024-03-25,BBRI.JK,"Satu-Satunya di RI, BRI Masuk Jajaran Brand Paling Bernilai Dunia - CNBC Indonesia",0.0,6250.0,115729600,1
2024-03-21,BBRI.JK,"IHSG Menguat Lagi, Saham MAPA, BBRI dan BBTN Layak Diburu - TrenAsia",0.6,6100.0,136020000,1
2024-03-21,BBRI.JK,"Libur Lebaran 2024, BRI Siapkan Uang Tunai Rp34 Triliun - Infobanknews",0.0,6100.0,136020000,1
2024-03-21,BBRI.JK,"Sambut Lebaran 2024, BRI Siapkan Uang Tunai Sebesar Rp 34 Triliun - kontan.co.id",0.0,6100.0,136020000,1
2024-03-21,BBRI.JK,"Libur Lebaran 2024, BRI Siapkan Uang Tunai Rp 34 Triliun - Kompas.com",0.0,6100.0,136020000,1
2024-03-20,BBRI.JK,"Cuan Reksadana Saham HPAM dan Avrist Melesat, Koleksi BBRI, BMRI, hingga ACES - Bareksa.com",0.0,6100.0,120885400,0
2024-03-20,BBRI.JK,Bos BRI Bocorkan Dua Syarat Divestasi Saham BSI - CNN Indonesia,0.0,6100.0,120885400,0
2024-03-20,BBRI.JK,"Jumlah Pengguna 31,6 Juta, Transaksi BRImo Tembus Rp4.158 T - Bloomberg Technoz",0.0,6100.0,120885400,0
2024-03-19,BBRI.JK,"Dividen Besar Bank Jumbo BBRI, BMRI, BBCA dan BBNI - Bisnis.com",0.6,6000.0,114338600,1
2024-03-18,BBRI.JK,"Prediksi Laba BBRI di 2024 Direvisi Naik, Target Harga Saham Dikerek Jadi Segini - Bareksa.com",0.6,6000.0,110564700,0
2024-03-18,BBRI.JK,"Perlu Diamati, ini Saham dengan Yield Deviden Tinggi - KabarBursa.com",0.0,6000.0,110564700,0
2024-03-18,BBRI.JK,Sikap BlackRock hingga Goldman Sachs untuk Saham 4 Bank Besar RI - Bloomberg Technoz,0.0,6000.0,110564700,0
2024-03-18,BBRI.JK,"5 Langkah dan Cara Investasi Saham di BRI, Beli Sahamnya via Online Lebih Mudah dan Praktis - rbtv.disway.id - RBTV Disway",0.0,6000.0,110564700,0
2024-03-18,BBRI.JK,Kementerian Koordinator Bidang Perekonomian Republik Indonesia - - Kementerian Koordinator Bidang Perekonomian Republik Indonesia,0.0,6000.0,110564700,0
2024-03-15,BBRI.JK,"BCA, BRI, Mandiri, dan BNI Bagi THR Dividen saat Ramadan, Siapa Terbesar? - Bisnis.com",0.6,5975.0,305995800,1
2024-03-14,BBRI.JK,"Saham BBRI Anjlok Pasca Cum Date Dividen, Harga Sudah Murah untuk Borong? - Bareksa.com",0.0,6150.0,271254000,0
2024-03-13,BBRI.JK,Jangan Terlewatkan! Ini Hari Terakhir Cum Date Dividen Saham BRI - Infobanknews,0.6,6400.0,195173100,0
2024-03-13,BBRI.JK,"Hari Ini Cum Date Dividen, Saham BBRI Cetak Rekor Baru di Rp 6.450 - CNBC Indonesia",0.6,6400.0,195173100,0
2024-03-13,BBRI.JK,Pefindo Tegaskan Peringkat IdAAA untuk Bank Rakyat Indonesia (BBRI) - Bareksa.com,0.0,6400.0,195173100,0
2024-03-13,BBRI.JK,"BRI Tetapkan 13 Maret 2024 Jadi Cum Date Dividen Saham BBRI, Ini Timeline Lengkapnya! - Liputan6.com",0.6,6400.0,195173100,0
2024-03-13,BBRI.JK,"Hari Ini Jadi Cum Date Dividen Saham BBRI, Jangan Ketinggalan THR dari BRI - Espos.id",0.6,6400.0,195173100,0
2024-03-13,BBRI.JK,"13 Maret 2024 Jadi Cum Date Dividen Saham BBRI, Jangan Ketinggalan THR dari BRI - ANTARA News",0.6,6400.0,195173100,0
2024-03-13,BBRI.JK,BRI Lakukan Penyesuaian Jam Operasional Selama Ramadan - CNBC Indonesia,0.0,6400.0,195173100,0
2024-03-13,BBRI.JK,"Berikan Kenyamanan Bertransaksi di Bulan Ramadan, BRI Lakukan Penyesuaian Jam Operasional - ANTARA News",0.0,6400.0,195173100,0
2024-03-08,BBRI.JK,"Naik Jadi 6.350, Saham BBRI Cetak Rekor Baru - CNBC Indonesia",0.6,6350.0,163060000,1
2024-03-08,BBRI.JK,Memotret Posisi Direksi dan Komisaris Baru Bank Anggota Himbara - TradingView,0.0,6350.0,163060000,1
2024-03-07,BBRI.JK,"Saham Bank Besar BBCA, BBRI, BMRI Dibuka Loncat, Siap Ikut Borong atau Jual? - Bareksa.com",-0.6,6225.0,117724700,1
2024-03-07,BBRI.JK,Peneliti Harvard Ungkap Peran BRI Dorong Inklusi Keuangan - Bloomberg Technoz,0.0,6225.0,117724700,1
2024-03-07,BBRI.JK,"Disebut Jokowi, Ini Sosok Muhammad Yunus Pendiri Grameen Bank - CNBC Indonesia",0.0,6225.0,117724700,1
2024-03-07,BBRI.JK,"Peneliti Harvard Akui Kinerja BRI, Ini Komentarnya - CNBC Indonesia",0.0,6225.0,117724700,1
2024-03-06,BBRI.JK,"Dear Investor, Ini Syarat Bebas Pajak di Investasi Saham - CNBC Indonesia",0.0,6200.0,84108800,1
2024-03-06,BBRI.JK,"FWD Tambah Modal BRI Life, Porsi Kepemilikan BBRI Susut - Bisnis.com",0.0,6200.0,84108800,1
2024-03-06,BBRI.JK,"Komitmen Dukung Ekonomi Hijau, BRI Terbitkan Green Bond Rp1,2 T - CNN Indonesia",0.0,6200.0,84108800,1
2024-03-06,BBRI.JK,"BRI akan Bagikan Dividen Rp 48,1 T, Catat Cum Datenya - CNBC Indonesia",0.6,6200.0,84108800,1
2024-03-05,BBRI.JK,Strategi Terbaru BRI untuk Dukung UMKM: Program Digitalisasi Berbasis Ekosistem - Link UMKM,0.0,6125.0,115084600,1
2024-03-05,BBRI.JK,Bangunan cagar budaya Bank BRI di Yogyakarta - ANTARA Foto,0.0,6125.0,115084600,1
2024-03-01,BBRI.JK,Video: BRI Bagikan Dividen Rp319 Per Lembar Saham - CNBC Indonesia,0.6,6125.0,76286400,0
2024-03-01,BBRI.JK,"Bagikan Dividen Rp48,10 T, Ini Hasil Lengkap RUPS Tahunan BRI - Bloomberg Technoz",0.6,6125.0,76286400,0
2024-03-01,BBRI.JK,"Hendrikus Ivo Dicopot, Haryo Baskoro Wicaksono Jadi Komisaris BRI - Bloomberg Technoz",0.0,6125.0,76286400,0
2024-03-01,BBRI.JK,"Erick Thohir Rombak Komisaris BRI, Ini Susunan Terbarunya - economy.okezone.com",0.0,6125.0,76286400,0
2024-03-01,BBRI.JK,"Ini Rincian Nilai Dividen BRI, Negara Dapat Rp 25 T, Publik Rp 22 T - CNBC Indonesia",0.6,6125.0,76286400,0
2024-03-01,BBRI.JK,"Hendrikus Ivo Dicopot, Haryo Baskoro Wicaksono Jadi Komisaris BRI - Market - Bloomberg Technoz",0.0,6125.0,76286400,0
2024-03-01,BBRI.JK,"Hasil RUPST BRI 2024, Bagikan Dividen Rp48,10 Triliun hingga Pergantian Komisaris - Liputan6.com",0.6,6125.0,76286400,0
2024-03-01,BBRI.JK,RUPST BRI: Susunan Direksi Tetap dan Hanya Satu Komisaris yang Diganti - Infobanknews,0.0,6125.0,76286400,0
2024-02-29,BBRI.JK,Presiden Jokowi Apresiasi Peran BRI dalam Pengembangan UMKM di Indonesia - Sekretariat Kabinet Republik Indonesia,0.0,6125.0,173774600,0
2024-02-28,BBRI.JK,BRI Siap Sediakan Layanan Lengkap Perbankan di IKN - CNBC Indonesia,0.0,6225.0,97236700,0
2024-02-27,BBRI.JK,Weekly Watchlist: Saham-Saham Sektor Keuangan dalam Sepekan ( 26 Februari- 1 Maret 2024) - Ajaib,0.0,6125.0,99187500,1
2024-02-27,BBRI.JK,"BRI akan terbitkan Green Bond Rp2,5 triliun - IDNFinancials",0.0,6125.0,99187500,1
2024-02-26,BBRI.JK,"Gabung BRI Group, BRI-MI Sabet Predikat Top 5 Manajer Investasi - Bloomberg Technoz",0.0,6175.0,98920800,0
2024-02-22,BBRI.JK,Sebanyak 99% dari Total Transaksi BRI pada Tahun Lalu Dilakukan Secara Digital - kontan.co.id,0.0,6250.0,100256000,0
2024-02-21,BBRI.JK,"Didorong Kinerja Positif, Saham Bank BRI (BBRI) Diramal Akan Terus Cetak Rekor - kontan.co.id",0.6,6300.0,168423000,0
2024-02-21,BBRI.JK,"Punya Holding Ultra Mikro, Saham BBRI Diprediksi Akan Terus Cetak Rekor - Radar Bojonegoro",0.6,6300.0,168423000,0
2024-02-21,BBRI.JK,"Punya Holding Ultra Mikro, Saham BBRI Diprediksi Akan Terus Cetak Rekor - RADARSEMARANG.ID",0.6,6300.0,168423000,0
2024-02-20,BBRI.JK,"Lagi, Saham BBRI Pecah Rekor ATH di Rp6.300 - Market - Bloomberg Technoz",0.6,6300.0,160872600,0
2024-02-20,BBRI.JK,"Saham BRI Cetak Rekor Lagi di Rp 6.300, Kapitalisasi Dekati Rp 1.000 T - CNBC Indonesia",0.6,6300.0,160872600,0
2024-02-20,BBRI.JK,"Jelang Bagi Dividen, Saham BBRI Diborong Asing Hingga ATH - Market - Bloomberg Technoz",0.6,6300.0,160872600,0
2024-02-20,BBRI.JK,"IHSG Dibuka Menguat 0,36 persen, Saham BRIS, BBRI dan BBNI Kompak Naik - VOI.ID",0.6,6300.0,160872600,0
2024-02-20,BBRI.JK,"Relaksasi COVID Bakal Berakhir, BRI Siapkan Strategi Pencadangan - Bloomberg Technoz",0.0,6300.0,160872600,0
2024-02-19,BBRI.JK,"Top! Dalam 5 Tahun BRI Setor Rp 149,2T ke Negara Lewat Pajak & Dividen - CNBC Indonesia",0.6,6100.0,111382900,1
2024-02-16,BBRI.JK,BBRI Terseret Kasus Ingkar Janji Utang Asep Sabanda - pasardana.id,0.0,6150.0,130814400,0
2024-02-15,BBRI.JK,BBRI Berencana Bagi Dividen Tunai 2023 Rp233 Per Saham - InvestasiKu,0.6,6125.0,308685100,1
2024-02-15,BBRI.JK,"Maret, BCA, Mandiri, BRI, BNI, BTN Umumkan Dividen, Siapa Paling Gede? - CNBC Indonesia",0.6,6125.0,308685100,1
2024-02-13,BBRI.JK,"Harga Saham BBRI Sentuh All Time High, Kapitalisasi Pasarnya Tembus Rp 913 Triliun - kontan.co.id",0.0,6000.0,145852200,1
2024-02-13,BBRI.JK,"Dua Hari Berturut-turut, Saham BBRI Kembali Sentuh All Time High - TrenAsia",0.0,6000.0,145852200,1
2024-02-13,BBRI.JK,Transaksi Forex Hanya Sekali Login Lewat QLola by BRI - CNBC Indonesia,0.0,6000.0,145852200,1
2024-02-12,BBRI.JK,"BBRI Cetak Rekor Lagi di Rp 6.000, Kapitalisasi Pasar Sentuh Rp 900 T - CNBC Indonesia",0.6,6025.0,171514600,0
2024-02-12,BBRI.JK,"Hari Ini, BRI Pecahkan Rekor Harga Saham Tertinggi - CNN Indonesia",0.6,6025.0,171514600,0
2024-02-12,BBRI.JK,"Kembali Sentuh All Time High, Kapitalisasi Pasar BBRI Tembus Rp913 Triliun - GoRiau.com",0.0,6025.0,171514600,0
2024-02-12,BBRI.JK,"Kembali Sentuh All Time High, Kapitalisasi Pasar BBRI Tembus Rp913 Triliun - radarcirebon.disway.id - Radar Cirebon",0.0,6025.0,171514600,0
2024-02-12,BBRI.JK,"Siap-Siap! BRI Mau Tebar Dividen Jumbo, Segini Bocoran Nilainya - Infobanknews",0.6,6025.0,171514600,0
2024-02-12,BBRI.JK,"Top! Holding Ultra Mikro BRI Salurkan Kredit hingga Rp611,6 Triliun - Infobanknews",0.0,6025.0,171514600,0
2024-02-07,BBRI.JK,"Investasi Pasar Modal Makin Mudah, Ini Cara Buka RDN BRI di BRImo - Liputan6.com",0.0,5850.0,147005300,1
2024-02-07,BBRI.JK,"Permintaan Meningkat, Kredit Multiguna Menjadi Andalan Bisnis Perbankan - TradingView",0.6,5850.0,147005300,1
2024-02-06,BBRI.JK,"4 Saham Bank Himbara Menguat Berjamaah, Otw Rekor Lagi? - CNBC Indonesia",0.6,5825.0,126704300,1
2024-02-02,BBRI.JK,"Imbal Hasil Menjanjikan, BRI Pede Penjualan ORI025 Bakal Moncer - Infobanknews",-0.6,5850.0,177209700,0
2024-02-02,BBRI.JK,Ini Beda Kredit Ultra Mikro BRI dengan Pinjaman Online - TradingView,0.0,5850.0,177209700,0
2024-02-01,BBRI.JK,"Jadi ""Best Overall Company"", Bank BRI terima 109 penghargaan sepanjang 2023 - ANTARA News Bangka Belitung",0.0,5750.0,156633900,1
2024-01-31,BBRI.JK,"Laba 2023 Naik 17% Lebih, Saham BBRI Langsung Tancap Gas - CNBC Indonesia",0.6,5700.0,245117200,1
2024-01-31,BBRI.JK,"Margin Bunga Bersih di 2023 Naik Jadi 6,84%, Begini Target Harga Saham BBRI - Bareksa.com",0.6,5700.0,245117200,1
2024-01-31,BBRI.JK,"Video: Top! BRI Cetak Laba Bersih Rp 60,4 Triliun di 2023 - CNBC Indonesia",0.6,5700.0,245117200,1
2024-01-31,BBRI.JK,"Cetak Rekor! Laba BRI 2023 Tembus Rp60,4 Triliun, Melesat 17,5 Persen - Infobanknews",0.6,5700.0,245117200,1
2024-01-31,BBRI.JK,"BRI Cetak Rekor Kala Bank AS Kolaps, Sunarso Ungkap Rahasianya - CNBC Indonesia",0.6,5700.0,245117200,1
2024-01-31,BBRI.JK,"Kredit BRI capai Rp1.266,4 triliun pada 2023, tumbuh 11,2 persen - ANTARA News",0.6,5700.0,245117200,1
2024-01-31,BBRI.JK,"Adu Laba BRI, Mandiri, BCA dan BNI Sepanjang 2023, Siapa Juaranya? - Infobanknews",0.6,5700.0,245117200,1
2024-01-31,BBRI.JK,"Laba 2023 Tembus Rp60,43 Triliun, Ini Kata Bos Bank BRI (BBRI) - Emitennews.com",0.6,5700.0,245117200,1
2024-01-31,BBRI.JK,"BRI Cetak Laba Rp60,4 Triliun Sepanjang 2023, Didorong Penyaluran Kredit UMKM - Kompas.tv",0.6,5700.0,245117200,1
2024-01-30,BBRI.JK,BRI Beri Beasiswa Pendidikan Dua Mahasiswa Itera - ITERA,0.0,5625.0,150513700,1
2024-01-29,BBRI.JK,"Kontribusi Kuatkan IHSG, BBRI Sabet Penghargaan Best Stock Awards 2024 - Katadata.co.id",0.0,5575.0,145629600,1
2024-01-29,BBRI.JK,"Tak Sanggup Melawan BRI, Eterindo Wahanatama (ETWA) Diputuskan Pailit - Emitennews.com",0.0,5575.0,145629600,1
2024-01-29,BBRI.JK,"BRI dan UNPAR Resmikan BRIWork-UNPAR, Coworking Space Terintegrasi Layanan Perbankan Pertama di Bandung - Universitas Katolik Parahyangan",0.0,5575.0,145629600,1
2024-01-25,BBRI.JK,BRI (BBRI) Siap Tambah Cabang di Tengah Tren Penutupan Kantor Bank - Bisnis.com,0.0,5525.0,120478800,0
2024-01-24,BBRI.JK,"Kantor Perbankan Kian Menyusut, BRI Klaim Tetap Akan Perluas Layanan Fisik - kumparan.com - Kumparan.com",0.0,5650.0,104225000,0
2024-01-24,BBRI.JK,"Investasi Mudah, BRI Sediakan Layanan Jual Beli Emas Melalui Aplikasi BRImo - TradingView",-0.6,5650.0,104225000,0
2024-01-23,BBRI.JK,"5 Jenis Investasi di BRImo, Makin Mudah Dapat Cuan dalam Genggaman! - kumparan.com - Kumparan.com",0.0,5700.0,122999700,0
2024-01-23,BBRI.JK,"5 Pilihan Instrumen Investasi di BRImo, Cocok untuk Generasi Muda Siapkan Masa Depan Cerah - Liputan6.com",0.0,5700.0,122999700,0
2024-01-22,BBRI.JK,"Rapat Kerja Nasional BRI Life, Hijaukan Kinerja 2024 - Press Release Indonesia",0.0,5775.0,97545600,0
2024-01-22,BBRI.JK,"Solusi Bisnis Lebih Optimal, Kenalan Dengan QLola by BRI - CNBC Indonesia",0.0,5775.0,97545600,0
2024-01-18,BBRI.JK,"Buruan Daftar! Bank BRI Buka Lowongan Kerja 2024, Cek Posisi dan Persyaratannya - Infobanknews",0.0,5750.0,87259100,1
2024-01-18,BBRI.JK,"BRI Berikan Layanan Istimewa Bagi Nasabah Prioritas, Begini Syaratnya - TradingView",0.0,5750.0,87259100,1
2024-01-18,BBRI.JK,"BUMN Bank BRI Buka Lowongan Kerja Besar-besaran untuk S1, Penempatan Berbagai Kota - Kompas.tv",0.0,5750.0,87259100,1
2024-01-18,BBRI.JK,BRI Sukses Gelar Program Desa BRILiaN 2023 - Advertorial Kompas.id,0.0,5750.0,87259100,1
2024-01-16,BBRI.JK,Daftar 8 Reksadana Danareksa di Bareksa yang Resmi Berganti Nama Jadi BRI - Bareksa.com,0.0,5825.0,97074300,0
2024-01-16,BBRI.JK,"Gerak Saham BBCA, BMRI, BBRI, & BBNI jelang Pengumuman BI Rate - Bisnis.com",0.0,5825.0,97074300,0
2024-01-16,BBRI.JK,"Syarat dan Cara Pengajuan KUR BRI 2024 Secara Online, Ini Rincian Besaran Pinjamannya - Kompas.tv",0.0,5825.0,97074300,0
2024-01-15,BBRI.JK,"Tembus Rp5.850, Saham BRI (BBRI) Cetak Rekor Tertinggi - Bloomberg Technoz",0.6,5825.0,115126700,0
2024-01-15,BBRI.JK,"Penyaluran KUR BRI Lebihi Target, Segini Nilainya - Tuban Smart City",0.0,5825.0,115126700,0
2024-01-12,BBRI.JK,"Tembus Rp5.850, Saham Bank BRI (BBRI) Cetak Rekor Tertinggi - Market - Bloomberg Technoz",0.6,5850.0,109715700,0
2024-01-12,BBRI.JK,Weekly Watchlist: Saham-Saham Sektor Keuangan dalam Sepekan (8-12 Januari 2024) - Ajaib,0.0,5850.0,109715700,0
2024-01-12,BBRI.JK,"IHSG Dibuka Menguat, Saham Big Caps (BBRI, BBNI, BBCA) Panen Cuan - Bisnis.com",0.6,5850.0,109715700,0
2024-01-11,BBRI.JK,Agen BRILink Tingkatkan Pelayanan Keuangan BRI Kepada Masyarakat - TradingView,0.0,5750.0,116804400,1
2024-01-09,BBRI.JK,"Market Cap BCA, BRI, Mandiri, dan BNI saat Saham Bank Pecah Rekor, BBCA Teratas - Bisnis.com",0.6,5700.0,105666200,0
2024-01-08,BBRI.JK,Ini Daftar 20 Saham Dividen Jumbo: Ada Adaro-BRI-Sampoerna - CNBC Indonesia,0.6,5625.0,152015000,1
2024-01-08,BBRI.JK,BRI Finance Pertegas Bisnis Pembiayaan Berkelanjutan di 2024 - Infobanknews,0.0,5625.0,152015000,1
2024-01-05,BBRI.JK,"Saham BBRI Sentuh Rekor Tertinggi Baru, 2 Bulan Naik 20% - CNBC Indonesia",0.6,5750.0,134929600,0
2024-01-05,BBRI.JK,Saham BBRI Naik 20 Persen Selama 2 Bulan Terakhir - KabarBursa.com,0.6,5750.0,134929600,0
2024-01-05,BBRI.JK,ITB Berikan Penghargaan bagi 88 Mitra pada Malam Apresiasi Mitra Kemahasiswaan 2023 - Institut Teknologi Bandung,0.0,5750.0,134929600,0
2024-01-04,BBRI.JK,"Saham Bank Jumbo (BMRI, BBCA, BBRI, BBNI) All Time High, Cek Rekomendasinya! - Bisnis.com",0.0,5700.0,92683500,1
2024-01-04,BBRI.JK,"Investor Asing Net Buy Rp1,3 Triliun, Borong Saham BMRI-BBCA - Bisnis.com",0.0,5700.0,92683500,1
2024-01-04,BBRI.JK,BRI Sarolangun Serahkan Bantuan CSR Pembangunan TK Bhayangkari Polres Sarolangun Senilai Rp 296 Juta - kabarsarolangun.com,0.0,5700.0,92683500,1
2024-01-03,BBRI.JK,Apakah Bank BRI Ada di Malaysia? Ini Jawabannya - IDX Channel,0.0,5600.0,83659700,1
2024-01-02,BBRI.JK,"Harga Saham Bank Jumbo (BBRI, BMRI, BBCA, BBNI) saat IHSG All Time High - Bisnis.com",0.0,5675.0,91143100,0
2024-01-02,BBRI.JK,"Punya Fundamental Bisnis Bagus, BRI Yakin Bisa Mengarungi 2024 - SWA.co.id",0.0,5675.0,91143100,0
2024-01-02,BBRI.JK,Solusi Berbisnis yang Mudah dan Efisien dengan QLola by BRI - CNN Indonesia,0.0,5675.0,91143100,0
2026-04-30,BMRI.JK,"Bank Mandiri (BMRI) Tebar Dividen Rp44,47 Triliun dan Siapkan Buyback Saham Jumbo! - Ajaib",0.6,4390.0,186960200,0
2026-04-30,BMRI.JK,Saham Bank Mandiri (BMRI) Tertekan Usai Umumkan Pembagian Dividen - Kompas.com,0.6,4390.0,186960200,0
2026-04-30,BMRI.JK,"RUPST BMRI: Bagi Dividen Rp9,3 triliun, Buyback Saham, dan Rombak Komisaris - TopBusiness.id",0.6,4390.0,186960200,0
2026-04-30,BMRI.JK,"Dividen BMRI 2026 Tembus Rp 44,47 Triliun, Yield Capai 8,51 Persen - Kompas.com",0.6,4390.0,186960200,0
2026-04-30,BMRI.JK,"Pembagian Dividen BMRI 2026 Tembus Rp 44,47 Triliun, Simak Jadwal Lengkapnya - Jernih.co",0.6,4390.0,186960200,0
2026-04-30,BMRI.JK,"Bank Mandiri Setujui Buyback Saham Rp1,17 Triliun - Babel Insight",0.6,4390.0,186960200,0
2026-04-30,BMRI.JK,"Bank Mandiri Bagikan Dividen Tunai Rp 44,47 Triliun - Babel Insight",0.6,4390.0,186960200,0
2026-04-30,BMRI.JK,"BMRI Jadwalkan Dividen Final Rp377 per Saham, Cum Date 8 Mei 2026 - Emitennews.com",0.6,4390.0,186960200,0
2026-04-30,BMRI.JK,"PTBA Kebut Proyek DME, BMRI Siap Bagi Dividen Rp 44,47 T - detikFinance",0.6,4390.0,186960200,0
2026-04-30,BMRI.JK,"Bank Mandiri (BMRI) Bagi-Bagi Dividen Rp 44,47 Triliun, Ini Angka Per Sahamnya - kontan.co.id",0.6,4390.0,186960200,0
2026-04-30,BMRI.JK,Bank Mandiri Bagikan Dividen Jumbo Rp44 Triliun untuk Pemegang Saham - Babel Insight,0.6,4390.0,186960200,0
2026-04-30,BMRI.JK,Update Manajemen Hasil RUPST Bank Mandiri 2026: Cek Profil Emiten Perbankan Ini - KONTAN,0.0,4390.0,186960200,0
2026-04-30,BMRI.JK,"Bank Mandiri Bagikan Dividen Rekor Rp44,47 Triliun - Babel Insight",0.6,4390.0,186960200,0
2026-04-30,BMRI.JK,"Bank Mandiri Bagikan Dividen Rp44,47 Triliun dari Laba Tahun 2025 - Babel Insight",0.6,4390.0,186960200,0
2026-04-30,BMRI.JK,Bank Mandiri Bagikan Dividen Tunai Rp44 Triliun Tahun Buku 2025 - Babel Insight,0.6,4390.0,186960200,0
2026-04-30,BMRI.JK,"Bank Mandiri Bagikan Dividen Tunai Rp 44,47 Triliun bagi Pemegang Saham - AsatuNews.co.id",0.6,4390.0,186960200,0
2026-04-29,BMRI.JK,"Begini Pergerakan Harga Saham BMRI Usai Umumkan Tebar Dividen Rp44,47 Triliun - Infobanknews",0.6,4430.0,201458600,0
2026-04-29,BMRI.JK,"Kisi-kisi Dividen BMRI Jelang RUPST, Potensi Yield Tembus 8,47% - Ajaib",0.6,4430.0,201458600,0
2026-04-29,BMRI.JK,"Hari Ini Bank Mandiri Umumkan Dividen, Segini Perkiraannya - CNBC Indonesia",0.6,4430.0,201458600,0
2026-04-29,BMRI.JK,"Intip Prospek Saham BMRI, Rekomendasi Beli dengan Target Harga Rp 5.660-6.200 - InvestorTrust",0.6,4430.0,201458600,0
2026-04-29,BMRI.JK,Tok! Bank Mandiri (BMRI) Sepakat Tebar Dividen Rp44 Triliun - CNBC Indonesia,0.6,4430.0,201458600,0
2026-04-29,BMRI.JK,"Dapat Restu RUPST, BMRI Siapkan Rp1,167 T Beli Kembali Sahamnya - Bloomberg Technoz",0.0,4430.0,201458600,0
2026-04-29,BMRI.JK,RUPS Putuskan Pembagian Dividen Bank Mandiri (BMRI) Rp44 T - Bloomberg Technoz,0.6,4430.0,201458600,0
2026-04-29,BMRI.JK,"Kantongi Restu RUPST, Bank Mandiri Siap Eksekusi Buyback Saham Rp1,16 Triliun - Infobanknews",0.6,4430.0,201458600,0
2026-04-29,BMRI.JK,Saham BMRI Diborong - investor.id,0.0,4430.0,201458600,0
2026-04-29,BMRI.JK,"Catat! Bank Mandiri (BMRI) Mau Buyback Saham Rp1,16 Triliun - CNBC Indonesia",0.6,4430.0,201458600,0
2026-04-29,BMRI.JK,"RUPST Bank Mandiri: Riduan Tetap Dirut, Timothy Utama Diangkat Lagi jadi Direktur - Infobanknews",0.0,4430.0,201458600,0
2026-04-29,BMRI.JK,Saham BMRI Diuji Lagi - investor.id,0.0,4430.0,201458600,0
2026-04-29,BMRI.JK,"Asing Masih Jualan, BUMI hingga BMRI Dilepas di Sesi I - KabarBursa.com",-0.6,4430.0,201458600,0
2026-04-29,BMRI.JK,"Dividen Jumbo Saham BMRI Rp44 Triliun Disetujui, Yield Capai 8,5%, - KONTAN",0.6,4430.0,201458600,0
2026-04-29,BMRI.JK,"BMRI Dapat Restu Buyback Saham Rp1,16 T - investor.id",0.6,4430.0,201458600,0
2026-04-29,BMRI.JK,"Bank Mandiri Sepakat Tebar Dividen Rp44,47 Triliun Tahun Buku 2025 - Infobanknews",0.6,4430.0,201458600,0
2026-04-29,BMRI.JK,"RUPST Bank Mandiri sepakati dividen Rp44,47 T atau 79 persen dari laba - ANTARA News",0.6,4430.0,201458600,0
2026-04-29,BMRI.JK,"RUPST Setujui Dividen BMRI, Segini Besarannya - investor.id",0.6,4430.0,201458600,0
2026-04-29,BMRI.JK,"Bank Mandiri Sebar Dividen Rp377 Per Saham, Nilainya Tembus Rp44 T - Validnews",0.6,4430.0,201458600,0
2026-04-29,BMRI.JK,"Tak Ada yang Diganti, Ini Susunan Komisaris & Direksi Bank Mandiri - CNBC Indonesia",0.0,4430.0,201458600,0
2026-04-29,BMRI.JK,"Tok! Bank Mandiri Tebar Dividen Rp44,47 Triliun - SWA.co.id",0.6,4430.0,201458600,0
2026-04-29,BMRI.JK,"Bank Mandiri (BMRI) putuskan buyback saham maksimal Rp1,17 triliun - MSN",0.6,4430.0,201458600,0
2026-04-29,BMRI.JK,"Bank Mandiri (BMRI) Bagi Dividen Jumbo Rp 377 Per Saham, Tembus Rp 44 Triliun - Katadata.co.id",0.6,4430.0,201458600,0
2026-04-29,BMRI.JK,"Investor Asing Lepas Saham Bank Besar, Net Sell Sentuh Rp2 T - Bloomberg Technoz",-0.6,4430.0,201458600,0
2026-04-29,BMRI.JK,"Bank Mandiri (BMRI) Putuskan Buyback Saham Maksimal Rp1,17 Triliun - Bisnis.com",0.6,4430.0,201458600,0
2026-04-29,BMRI.JK,"Bank Mandiri (BMRI) Tebar Dividen Rp 44,47 T, Cek Angka Per Sahamnya - Kompas.com",0.6,4430.0,201458600,0
2026-04-29,BMRI.JK,"Bank Mandiri (BMRI) Bagikan Dividen Final Rp376,96 Per Saham, Setara Rp35,15 Triliun - DataIndonesia",0.6,4430.0,201458600,0
2026-04-29,BMRI.JK,Investor Asing Masih Net Sell Rp1 T Saat IHSG Hijau - Market - Bloomberg Technoz,-0.6,4430.0,201458600,0
2026-04-29,BMRI.JK,"Bank Mandiri Tebar Dividen Rekor Rp 44,47 Triliun dan Siapkan Buyback Saham di RUPST 2026 - InvestorTrust",0.6,4430.0,201458600,0
2026-04-29,BMRI.JK,"Bersiap Tebar Dividen, Bank Mandiri (BMRI) Umumkan Jadwal RUPST 29 April 2026 - Bisnis.com",0.6,4430.0,201458600,0
2026-04-29,BMRI.JK,"Dividen Bank Mandiri 2026 Diprediksi Tembus 8%: Investor Panen, Ini Hitungannya! - Mistar.id",0.6,4430.0,201458600,0
2026-04-29,BMRI.JK,"Bank Mandiri Tebar Dividen Tunai Rp44,47 Triliun - Babel Insight",0.6,4430.0,201458600,0
2026-04-29,BMRI.JK,"Dividen 8 Persen Menggiurkan, Tapi Saham Bank Mandiri Masih Tertekan - Herald ID",0.6,4430.0,201458600,0
2026-04-29,BMRI.JK,"RUPST Bank Mandiri Restui Dividen, Buyback, dan Penyegaran Pengurus - Waspada Online",0.6,4430.0,201458600,0
2026-04-29,BMRI.JK,"Bank Mandiri Kantongi Restu Buyback Saham Rp1,17 Triliun Oleh Warta Ekonomi - Investing.com Indonesia",0.6,4430.0,201458600,0
2026-04-29,BMRI.JK,"Bank Mandiri Bakal Buyback Saham Rp 1,17 Triliun - Liputan6.com",0.6,4430.0,201458600,0
2026-04-29,BMRI.JK,"Ditopang Fundamental Solid, RUPST Bank Mandiri Restui Pembagian Dividen Rp 44,47 Triliun - Infobanknews",0.6,4430.0,201458600,0
2026-04-29,BMRI.JK,"Bank Mandiri Bagikan Dividen Rekor Rp 44,47 Triliun - Babel Insight",0.6,4430.0,201458600,0
2026-04-28,BMRI.JK,Siap-siap Dividen BMRI - investor.id,0.6,4430.0,246361500,0
2026-04-28,BMRI.JK,"Net Sell Hari Ini Rp 2,34 Triliun, Investor Asing Lanjut Lepas Saham BBCA, BBRI, dan BMRI - InvestorTrust",-0.6,4430.0,246361500,0
2026-04-28,BMRI.JK,Saham BMRI Kembali Diuji - investor.id,0.0,4430.0,246361500,0
2026-04-28,BMRI.JK,"Investor Asing Lepas Saham Bank Besar, Net Sell Sentuh Rp2 T - Market - Bloomberg Technoz",-0.6,4430.0,246361500,0
2026-04-27,BMRI.JK,"Net Sell Capai Rp 2,03 Triliun, Investor Asing Lanjut Buang Saham BBCA, BMRI, dan BBRI - InvestorTrust",-0.6,4400.0,257209000,1
2026-04-27,BMRI.JK,"Investor Asing Buang Saham BBRI, BBCA, dan BMRI hingga Rp 16,1 Triliun per April, Bakal Berlanjut di Mei? - InvestorTrust",0.0,4400.0,257209000,1
2026-04-27,BMRI.JK,"Saham BMRI dalam Tekanan, Ini Penyebabnya - investor.id",-0.6,4400.0,257209000,1
2026-04-27,BMRI.JK,Manuver Asing di Saham BMRI - investor.id,0.0,4400.0,257209000,1
2026-04-27,BMRI.JK,"Saham BMRI Makin Murah, Harganya Bisa Mentok ke Sini - investor.id",0.0,4400.0,257209000,1
2026-04-27,BMRI.JK,Investor Asing Jual Saham Bank Mandiri Rp550 Miliar Senin 27 April - AsatuNews.co.id,-0.6,4400.0,257209000,1
2026-04-23,BMRI.JK,"Bukan BBCA, Saham Bank Ini Diramal Ngacir 54%, Laba Rp53 Triliun - investor.id",0.6,4630.0,133792200,0
2026-04-23,BMRI.JK,"Net Sell Jumbo Rp 978,65 MIliar, Asing Jual Saham BBRI dan BMRI - InvestorTrust",-0.6,4630.0,133792200,0
2026-04-23,BMRI.JK,"IHSG Rawan Melemah, Analis Rekomendasikan Saham BBYB, BMRI hingga GOTO - Infobanknews",-0.6,4630.0,133792200,0
2026-04-23,BMRI.JK,"Saham BBCA Murah, Asing Keluar Rp 22 T tapi Bakal Balik Lagi - investor.id",0.0,4630.0,133792200,0
2026-04-22,BMRI.JK,"Laba Lampaui Estimasi, Saham Bank Mandiri (BMRI) Diganjar dengan Target Harga Ini - InvestorTrust",0.6,4750.0,113814200,0
2026-04-22,BMRI.JK,Ramalan Saham BMRI Usai Rilis Kinerja: Harga Bisa Naik Tinggi - investor.id,0.6,4750.0,113814200,0
2026-04-21,BMRI.JK,"Penyaluran Kredit Bank Mandiri (BMRI) Tumbuh 17,4% Kuartal I-2026 - Bloomberg Technoz",0.6,4700.0,120070400,1
2026-04-21,BMRI.JK,"Laba Bank Mandiri (BMRI) Melejit, Begini Rasio Keuangan dan Harapan di Tahun Ini - kontan.co.id",0.6,4700.0,120070400,1
2026-04-21,BMRI.JK,Strategi Bos Mandiri (BMRI) Hadapi Risiko Geopolitik Timur Tengah - Bloomberg Technoz,-0.6,4700.0,120070400,1
2026-04-21,BMRI.JK,BMRI Bicara Soal Serapan Penempatan Dana Pemerintah - Bloomberg Technoz,0.0,4700.0,120070400,1
2026-04-15,BMRI.JK,"Asing Borong Saham Bank Saat IHSG Terbang 2,34% - CNBC Indonesia",0.0,4650.0,104621600,0
2026-04-14,BMRI.JK,"Saham Lagi Murah, Dividennya Bisa Rp 383/Saham? - investor.id",0.6,4710.0,135501000,0
2026-04-10,BMRI.JK,Harga Saham BMRI dan Estimasi Dividen 2025 - maybanktrade.co.id,0.6,4670.0,103583800,0
2026-04-10,BMRI.JK,"Buyback Saham Rp 1,7 Triliun, ""Free Float"" Bank Mandiri Tetap Aman? - Kompas.com",0.6,4670.0,103583800,0
2026-04-09,BMRI.JK,Target Baru Saham BMRI Usai Bocoran Dividen 2025 - Bloomberg Technoz,0.6,4570.0,128431200,1
2026-04-09,BMRI.JK,"Bank Mandiri (BMRI) Bakal Gelar RUPS, Bahas: Buyback Saham Hingga Rombak Pengurus - Kompas.com",0.6,4570.0,128431200,1
2026-04-09,BMRI.JK,"Saham Big Banks Melemah Lagi, BBCA Paling Banyak Dijual Asing Pada Kamis (9/4/2026) - TradingView",-0.6,4570.0,128431200,1
2026-04-09,BMRI.JK,"Bank Mandiri (BMRI) Targetkan Harga Saham Naik, Dividen Menjanjikan - AsatuNews.co.id",0.6,4570.0,128431200,1
2026-04-08,BMRI.JK,"Gelar RUPST, Bank Mandiri (BMRI) Mau Rombak Pengurus Lagi - CNBC Indonesia",0.0,4670.0,169872400,0
2026-04-08,BMRI.JK,"Siap-siap BMRI, Dividen Finalnya Bisa Segini - investor.id",0.6,4670.0,169872400,0
2026-04-07,BMRI.JK,Bank Mandiri (BMRI) Tetapkan RUPS Penentu Dividen pada 29 April 2026 - Bisnis.com,0.6,4510.0,190831700,1
2026-04-06,BMRI.JK,"CASA Menyusut, Yield Dividen BMRI Terancam? - KabarBursa.com",0.6,4610.0,60887500,0
2026-04-06,BMRI.JK,"Danantara Akuisisi Saham Mandiri Manajemen Investasi Senilai Rp1,02 Triliun - IDX Channel",0.0,4610.0,60887500,0
2026-04-02,BMRI.JK,"Di Tengah Perang, Global Bond BMRI Laris Manis - investor.id",0.0,4650.0,109496300,0
2026-04-01,BMRI.JK,"IHSG rebound didukung de-eskalasi perang Iran, saham bank menguat - IDNFinancials",0.6,4720.0,162832600,0
2026-04-01,BMRI.JK,Saham BBRI dan BMRI Jadi Bulan-bulanan - investor.id,0.0,4720.0,162832600,0
2026-03-31,BMRI.JK,"Dividen Final Bank Mandiri (BMRI), plus Target Harga Saham - investor.id",0.6,4720.0,184777500,0
2026-03-31,BMRI.JK,Saham Bank Mandiri Mempertahankan Posisinya pada Maret 2026 - RRI.co.id,0.0,4720.0,184777500,0
2026-03-30,BMRI.JK,"IHSG melemah tertekan saham bank, dolar AS tembus Rp17.002 - IDNFinancials",-0.6,4700.0,110819500,1
2026-03-26,BMRI.JK,"Nasib Saham Bank di 2026, Masihkah Menarik Dikoleksi? - CNBC Indonesia",0.0,4840.0,120735200,0
2026-03-25,BMRI.JK,"Rekomendasi Saham Ajaib Sekuritas Hari Ini (TLKM, BMRI, MYOR) - Ajaib",0.0,4970.0,389331300,0
2026-03-25,BMRI.JK,"TLKM, ASII & BMRI Melesat, Reksadana Indeks BRI & Syailendra Lompat 4,8% Sehari - Bareksa.com",0.0,4970.0,389331300,0
2026-03-17,BMRI.JK,"BMRI siap buyback Rp1,17 triliun saham mulai April 2026 - IDNFinancials",0.6,4730.0,274977700,1
2026-03-17,BMRI.JK,"Jaga Harga & MESOP, BMRI Bersiap Buyback Saham Rp1,17 Triliun - Lotus Andalan Sekuritas",0.6,4730.0,274977700,1
2026-03-17,BMRI.JK,"Buyback Rp1,17 Triliun BMRI, Bagaimana Respons Pasar? - KabarBursa.com",0.6,4730.0,274977700,1
2026-03-17,BMRI.JK,Bank Mandiri (BMRI) Bersiap Gelar RUPST pada 29 April 2026 - kontan.co.id,0.0,4730.0,274977700,1
2026-03-17,BMRI.JK,"Bank Mandiri (BMRI) Mau Buyback Rp 1,17 Triliun - CNBC Indonesia",0.6,4730.0,274977700,1
2026-03-17,BMRI.JK,"Bank Mandiri (BMRI) Berencana Buyback Saham Maksimal Rp1,17 Triliun, Catat Jadwalnya - Bisnis.com",0.6,4730.0,274977700,1
2026-03-16,BMRI.JK,"Rekomendasi Saham Hari Ini BMRI, BTPS, CPIN & MIKA, IHSG Diprediksi Bisa Lebih Rendah - Bareksa.com",0.0,4700.0,149035900,1
2026-03-13,BMRI.JK,Saham BMRI Anjlok - investor.id,-0.6,4750.0,187462500,0
2026-03-13,BMRI.JK,Asing Hajar Saham BMRI Bikin Harga Anjlok - investor.id,-0.6,4750.0,187462500,0
2026-03-11,BMRI.JK,"BBCA, BBRI, BMRI, BBNI: Saham Diskon dengan Potensi Dividen Jumbo - Bisnis Indonesia Premium",0.6,4880.0,86606500,1
2026-03-11,BMRI.JK,"Saham Big Banks: BBRI dan BBNI Menguat, BBCA dan BMRI Ditutup Melemah Rabu (11/3) - kontan.co.id",0.0,4880.0,86606500,1
2026-03-10,BMRI.JK,"BBCA, BBRI, BMRI, hingga BBNI Awali 2026 dengan Kinerja Kuat, Bagaimana Prospek Saham Bank? - Ajaib",0.6,4910.0,124581800,0
2026-03-10,BMRI.JK,Mengintip Nasib Saham Bank BMRI-BBRI Cs di 2026 - IDX Channel,0.0,4910.0,124581800,0
2026-03-10,BMRI.JK,"Ramalan Dividen Final Bank Besar, Paling Gede Rp322 per Saham - investor.id",0.6,4910.0,124581800,0
2026-03-10,BMRI.JK,"Bank Mandiri Catat Laba Bersih Rp 8,9 Triliun per Februari 2026 - kontan.co.id",0.6,4910.0,124581800,0
2026-03-06,BMRI.JK,"BMRI Terus Tergerus, Buy on Weakness atau Sell? - KabarBursa.com",0.0,4980.0,127625100,0
2026-03-03,BMRI.JK,"Saham BMRI Dihitung Ulang, Ini Hasilnya - investor.id",0.0,5100.0,106384700,0
2026-02-26,BMRI.JK,"Musim Dividen Bank Dimulai, Ini Rencana Pembagian Dividen Big Banks - TradingView",0.6,5325.0,120621100,0
2026-02-25,BMRI.JK,"Saham BBRI & BMRI Diborong Investor Global, Apa Artinya? - Ajaib",0.0,5300.0,147700600,1
2026-02-25,BMRI.JK,BlackRock & Pemodal Jumbo yang Utak-atik Saham BBRI hingga BMRI - Bisnis Indonesia Premium,0.0,5300.0,147700600,1
2026-02-25,BMRI.JK,"Berburu Cuan Dividen Bank Besar, Intip Potensi Yield Dividen BBCA, BMRI, BBRI, & BBNI - KONTAN",0.6,5300.0,147700600,1
2026-02-25,BMRI.JK,"Usai Rilis Kinerja Januari 2026, Prospek Saham Bank Mandiri Kian Mentereng - kontan.co.id",0.6,5300.0,147700600,1
2026-02-24,BMRI.JK,"Saat IHSG Anjlok 1,37%, Investor Asing justru Agresif Net Buy Saham Rp 1,37 Triliun Dipimpin BMRI dan BUVA - InvestorTrust",-0.6,5375.0,203553200,0
2026-02-24,BMRI.JK,💸 Laba Bersih Bank Only BMRI (+16% YoY) & BBNI (+3% YoY) Tumbuh di Jan–26 - Stockbit Snips,0.6,5375.0,203553200,0
2026-02-24,BMRI.JK,Saham BMRI Diincar - investor.id,0.0,5375.0,203553200,0
2026-02-24,BMRI.JK,"Investor Asing Getol Borong 10 Saham Ini, Termasuk BBRI dan BMRI - Bloomberg Technoz",0.0,5375.0,203553200,0
2026-02-24,BMRI.JK,Gerak-gerik Asing di Saham BBRI dan BMRI - investor.id,0.0,5375.0,203553200,0
2026-02-23,BMRI.JK,"Kredit BMRI tumbuh 15,62% pada Januari 2026 - IDNFinancials",0.6,5275.0,131077800,1
2026-02-20,BMRI.JK,"BI Sebut Perbankan RI Kuat, Cek Rekomendasi Saham BBRI, BMRI, Dkk - Bloomberg Technoz",0.0,5125.0,88563800,1
2026-02-20,BMRI.JK,Berapa Besaran Dividen BMRI? Ini Bocorannya dari Dirut Bank Mandiri - kontan.co.id,0.6,5125.0,88563800,1
2026-02-19,BMRI.JK,"Dividen BMRI 2026 Berpotensi Yield 7%, Masih Menarik untuk Dicermati? - Ajaib",0.6,5075.0,133827800,1
2026-02-19,BMRI.JK,Ini Bocoran Dividen Bank Mandiri (BMRI) - KONTAN,0.6,5075.0,133827800,1
2026-02-19,BMRI.JK,Yang Bikin Saham BMRI Tetiba Anjlok - investor.id,-0.6,5075.0,133827800,1
2026-02-19,BMRI.JK,"Harga Saham Bank Blue Chip Merosot Karena BI Rate Tak Turun, Pilih Beli / Jual? - TradingView",-0.6,5075.0,133827800,1
2026-02-19,BMRI.JK,"Investor Asing Borong Saham BMRI, BBRI dan BREN Kala IHSG Naik 1% - Bloomberg Technoz",0.6,5075.0,133827800,1
2026-02-19,BMRI.JK,"Saham BMRI Jadi Rebutan, Harga Bisa Tembus Segini - investor.id",0.0,5075.0,133827800,1
2026-02-18,BMRI.JK,"Kinerja Moncer, Segini Target Harga Saham Bank Mandiri dari para Analis Oleh Warta Ekonomi - Investing.com Indonesia",0.0,5275.0,212076100,0
2026-02-18,BMRI.JK,"Rekomendasi Saham Hari Ini 18 Februari 2026: BMRI, BUKA, INDF & SMGR, IHSG Berpeluang Menguat - Bareksa.com",0.6,5275.0,212076100,0
2026-02-18,BMRI.JK,"Gara-gara Ini, Saham BMRI Harganya Naik - investor.id",0.6,5275.0,212076100,0
2026-02-18,BMRI.JK,"Bank Mandiri (BMRI) Akan Bagikan Dividen Tahun Buku 2025, Segini Besarannya - TradingView",0.6,5275.0,212076100,0
2026-02-18,BMRI.JK,Menimbang Daya Ungkit Saham BMRI (Bank Mandiri) - Bisnis Indonesia Premium,0.0,5275.0,212076100,0
2026-02-18,BMRI.JK,"Punya BMRI, ADMR, EMAS & MBMA, Reksadana Saham Bahana & Trimegah Melesat hingga 2% Sehari - Bareksa.com",0.0,5275.0,212076100,0
2026-02-18,BMRI.JK,Bos Bank Mandiri (BMRI) Beri Bocoran Dividen Tahun Buku 2025 - TradingView,0.6,5275.0,212076100,0
2026-02-18,BMRI.JK,"Bank Mandiri (BMRI) Akan Bagikan Dividen Tahun Buku 2025, Segini Besarannya - kontan.co.id",0.6,5275.0,212076100,0
2026-02-18,BMRI.JK,"Cetak laba Rp 56,3 T di 2025, Ini Bocoran Dividen Bank Mandiri (BMRI) - CNBC Indonesia",0.6,5275.0,212076100,0
2026-02-18,BMRI.JK,"BMRI Unjuk Gigi, Target Harga Tinggi - Halaman 2 - investor.id",0.0,5275.0,212076100,0
2026-02-18,BMRI.JK,"Kinerja Moncer, Segini Target Harga Saham Bank Mandiri - Infobanknews",0.0,5275.0,212076100,0
2026-02-12,BMRI.JK,Begini Tanggapan Bank Mandiri (BMRI) Setelah Moody’s Turunkan Outlook Kredit Jadi Negatif - InvestorTrust,-0.6,5075.0,121407500,0
2026-02-12,BMRI.JK,"Kinerja Saham Big Banks Kamis (12/2): BMRI dan BBNI Menguat, BBCA dan BBRI Melemah - kontan.co.id",0.0,5075.0,121407500,0
2026-02-11,BMRI.JK,"Saham BMRI, BBCA, BBNI di Zona Merah, BBRI dan BBTN Menguat Ini Analisanya! - kontan.co.id",0.6,5025.0,201135900,1
2026-02-11,BMRI.JK,Pemicu Saham BMRI Tiba-tiba Merah - investor.id,0.0,5025.0,201135900,1
2026-02-10,BMRI.JK,"Laba BMRI Rp56 Triliun, Dividen Ya Kira-kira Segini - investor.id",0.6,5100.0,177110700,0
2026-02-10,BMRI.JK,"Kinerja Bank Mandiri (BMRI) Tetap Kokoh di 2025, Diprediksi Berlanjut di 2026 - KONTAN",0.0,5100.0,177110700,0
2026-02-10,BMRI.JK,"Laba Bersih Naik, Analis Kerek Target Saham Bank Mandiri (BMRI) - kontan.co.id",0.6,5100.0,177110700,0
2026-02-10,BMRI.JK,Duit Asing Menggunung di Saham BMRI - investor.id,0.0,5100.0,177110700,0
2026-02-09,BMRI.JK,"Saham BMRI Diborong Asing, Kinerja Bank Mandiri Jadi Sorotan 2026 - Ajaib",0.0,5000.0,177079900,1
2026-02-09,BMRI.JK,"Peluang Investor: Moody's Turunkan Outlook, Ini Saham yang Justru Layak Dikoleksi! - TradingView",-0.6,5000.0,177079900,1
2026-02-09,BMRI.JK,"BMRI Pecahkan Rekor, Target Harga Sahamnya Baru - investor.id",0.6,5000.0,177079900,1
2026-02-09,BMRI.JK,"Saham Big Bank Lesu, Begini Rekomendasi dari Analis - TradingView",0.0,5000.0,177079900,1
2026-02-09,BMRI.JK,Catatan Rekor Bank Mandiri dalam 10 Tahun: Aset Hingga Laba - CNBC Indonesia,0.6,5000.0,177079900,1
2026-02-06,BMRI.JK,"Moody’s revisi outlook 5 saham bank RI, IHSG terburuk di Asia - IDNFinancials",0.0,5050.0,278775900,0
2026-02-06,BMRI.JK,Goldman Sachs dan Sederet Sekuritas yang Kerek Target Harga Saham BMRI - Bisnis Indonesia Premium,0.0,5050.0,278775900,0
2026-02-06,BMRI.JK,"Saham BMRI, BBRI dan BBCA Diborong Asing, Ini Rekomendasi dari Maybank Sekuritas - kontan.co.id",0.0,5050.0,278775900,0
2026-02-06,BMRI.JK,"Saham Bank Besar Mau Tembusin Rp6.000, Laba Lagi Bagus - investor.id",0.6,5050.0,278775900,0
2026-02-06,BMRI.JK,"Bank Mandiri Membagikan Dividen Interim kepada Para Pemegang Saham senilai Rp9,3 triliun - Koran BUMN",0.6,5050.0,278775900,0
2026-02-06,BMRI.JK,"Saham Tiga Bank Besar Diborong Investor Asing Dua Hari Beruntun, Sinyal Pemulihan? - KONTAN",0.0,5050.0,278775900,0
2026-02-05,BMRI.JK,Kisi-kisi Dividen Tahun Buku 2025 Bank Mandiri (BMRI) - Bloomberg Technoz,0.6,5050.0,209505400,0
2026-02-05,BMRI.JK,"Laba Bank Mandiri (BMRI) Lampaui Ekspektasi, Rp56 T di 2025 - Bloomberg Technoz",0.6,5050.0,209505400,0
2026-02-05,BMRI.JK,Kinerja Big Banks Masih Kurang Cemerlang pada 2025 - TradingView,0.6,5050.0,209505400,0
2026-02-04,BMRI.JK,"Saham Big Banks Kompak Menguat, BMRI Pimpin Kenaikan hingga Penutupan Rabu (4/2) - kontan.co.id",0.6,5000.0,232816800,1
2026-02-04,BMRI.JK,"Investor berburu saham murah, peluang rebound IHSG berlanjut - IDNFinancials",0.0,5000.0,232816800,1
2026-02-04,BMRI.JK,Kisi-Kisi Kinerja Bank Mandiri (BMRI) 2025 Jelang Rilis Laporan Keuangan - Bisnis.com,0.0,5000.0,232816800,1
2026-02-04,BMRI.JK,Empat Saham Perbankan ini Diburu Asing di Sesi Pertama Perdagangan - KabarBursa.com,0.0,5000.0,232816800,1
2026-02-03,BMRI.JK,"Saham BRI, BNI & Mandiri Ngebut, Ini Ramalan Harga Terbaru dari Analis - CNBC Indonesia",0.0,4830.0,169775800,1
2026-01-30,BMRI.JK,"Saham Big Banks Menguat pada Penutupan Jumat (30/1), BMRI Pimpin Kenaikan - kontan.co.id",0.6,4820.0,343393600,0
2026-01-30,BMRI.JK,"Valuasi Atraktif, Cek Rekomendasi 4 Saham Bank Besar RI - Market - Bloomberg Technoz",0.0,4820.0,343393600,0
2026-01-29,BMRI.JK,"Saham Big Banks Kompak Menguat, BBRI Pimpin Kenaikan Kamis (29/1) - TradingView",0.6,4630.0,907054600,1
2026-01-29,BMRI.JK,"Saham Big Banks Mulai Menguat Pasca Tekanan MSCI, BBCA Terangkat Rencana Buyback - TradingView",0.6,4630.0,907054600,1
2026-01-28,BMRI.JK,Bank Mandiri Sabet Best Stock Awards 2026 Kategori Saham Top Performer dan Big Cap - InvestorTrust,0.0,4560.0,643802800,1
2026-01-28,BMRI.JK,"Bank Mandiri (BMRI) Tidak Lagi Ditopang BSI, Segini Penurunan Asetnya - Bisnis.com",0.0,4560.0,643802800,1
2026-01-27,BMRI.JK,"MSCI Bekukan Indonesia, IHSG Terjun Bebas! - TradingView",0.0,4810.0,160620600,0
2026-01-23,BMRI.JK,Target Terbaru Harga Saham Bank Mandiri (BMRI) - Bisnis Indonesia Premium,0.0,4990.0,116237200,0
2026-01-23,BMRI.JK,"Tebar Dividen Interim Rp 9,3 Triliun Bukti Solidnya Fundamental Bank Mandiri (BMRI) - InvestorTrust",0.6,4990.0,116237200,0
2026-01-22,BMRI.JK,"Valuasi Saham 4 Bank Besar Berpotensi Pulih pada 2026, Simak Faktor Pendorongnya - KONTAN",0.0,4980.0,145002200,1
2026-01-21,BMRI.JK,"Saham Perbankan Lesu Pasca BI Tahan Suku Bunga, Simak Rekomendasi Analis - TradingView",0.0,4990.0,117548600,0
2026-01-19,BMRI.JK,"BMRI Bagikan Dividen Interim Rp9,3 Triliun, Sinyal Fundamental Masih Kuat - Ajaib",0.6,5000.0,197645100,1
2026-01-19,BMRI.JK,"Mulai Bangkit Awal 2026, Sudah Waktunya Koleksi Saham BBCA, BBRI, BMRI, dan BBNI? - kontan.co.id",0.0,5000.0,197645100,1
2026-01-19,BMRI.JK,"Saham BMRI Diborong, Target Harga Segini - investor.id",0.0,5000.0,197645100,1
2026-01-19,BMRI.JK,"Direktur Bank Mandiri Borong 155 Ribu Saham BMRI, Rogoh Kocek Segini Oleh Warta Ekonomi - Investing.com Indonesia",0.0,5000.0,197645100,1
2026-01-19,BMRI.JK,Direktur Bank Mandiri (BMRI) Borong 155.000 Saham Perusahaan - CNBC Indonesia,0.0,5000.0,197645100,1
2026-01-15,BMRI.JK,"Big Banks Pimpin Penguatan Sektor Perbankan, Cek Saham yang Menarik Dikoleksi - TradingView",0.0,4990.0,245024400,1
2026-01-15,BMRI.JK,"Wakil Wali Kota Sukabumi Hadiri Pelatihan Pengelolaan Keuangan, Investasi, dan Saham Bersama Bank Mandiri - KDP Kota Sukabumi",0.0,4990.0,245024400,1
2026-01-15,BMRI.JK,Saham BMRI Ngacir Gara-gara Ini - investor.id,0.0,4990.0,245024400,1
2026-01-14,BMRI.JK,"Bagi Dividen Interim Hari Ini, Bank Mandiri Tegaskan Tetap Punya Ruang untuk Bertumbuh - pasardana.id",0.6,4840.0,114314800,1
2026-01-14,BMRI.JK,"Dividen Interim Bank Mandiri (BMRI) Rp9,3 T Dibagikan Hari Ini, Berikut Rinciannya - Infobanknews",0.6,4840.0,114314800,1
2026-01-14,BMRI.JK,"Pemegang Saham BMRI Diguyur Dividen Interim Rp 9,3 Triliun - investor.id",0.6,4840.0,114314800,1
2026-01-14,BMRI.JK,Harap Bersabar! Dividen Bank Mandiri (BMRI) Cair di 14 Januari 2026 - InvestorTrust,0.6,4840.0,114314800,1
2026-01-14,BMRI.JK,"Kinerja Tetap Solid, Bank Mandiri Tebar Dividen Interim Rp9,3 T - Bloomberg Technoz",0.6,4840.0,114314800,1
2026-01-14,BMRI.JK,"Bank Mandiri Tebar Dividen Rp 9,3 T Hari Ini - detikFinance",0.6,4840.0,114314800,1
2026-01-13,BMRI.JK,"Prospek BBRI, BMRI, BBNI, dan BBTN Menurut Danantara dan Outlook Perbankan 2026 - Bisnis Indonesia Premium",0.6,4820.0,93419500,1
2026-01-12,BMRI.JK,Saham BMRI Kenapa? - investor.id,0.0,4770.0,118384500,1
2026-01-09,BMRI.JK,BTN (BBTN) Melesat? BRI Danareksa Beri Rekomendasi Beli & Target Harga di Rp 1.300 - TradingView,0.0,4760.0,104703800,1
2026-01-07,BMRI.JK,"Sebagian saham BMRI dialihkan, transaksi hingga Rp60,67 miliar - IDNFinancials",0.0,4810.0,284261700,0
2026-01-07,BMRI.JK,"BMRI shares transferred, transaction worth up to IDR 60.67 billion - IDNFinancials",0.0,4810.0,284261700,0
2026-01-07,BMRI.JK,"BMRI Alihkan 485,33 Juta Saham ke BP BUMN: Sinyal Apa? - KabarBursa.com",0.0,4810.0,284261700,0
2026-01-07,BMRI.JK,Saham BMRI Bisa-bisa Jadi Segini - investor.id,0.0,4810.0,284261700,0
2026-01-07,BMRI.JK,"Danantara Asset Management Mengalihkan Saham Seri B ke Bank-Bank Himbara, Siapa Saja? - SWA.co.id",0.0,4810.0,284261700,0
2026-01-06,BMRI.JK,Saham BMRI Turun Gegara Ini - investor.id,-0.6,4880.0,180600600,0
2026-01-06,BMRI.JK,"Saham Bank Blue Chip Tertekan di Awal 2026, Waktunya Akumulasi atau Jual? - KONTAN",-0.6,4880.0,180600600,0
2026-01-05,BMRI.JK,"Saham Blue Chip Bank di BEI Lanjut Turun Awal 2026, Hari Ini (5/1) Pilih Beli / Jual? - TradingView",-0.6,5050.0,108458200,0
2026-01-05,BMRI.JK,"Hari Ini (5/1), Cum Date Pembayaran Dividen Interim Saham BMRI, Kinerja Bank Naik - kontan.co.id",0.6,5050.0,108458200,0
2026-01-05,BMRI.JK,"Saham Mandiri (BMRI) Masuki Masa Cum Dividen Hari Ini, Senin (5/1/2026) - Bisnis.com",0.6,5050.0,108458200,0
2026-01-05,BMRI.JK,"Dividen Interim Rp 100/Saham, Masuk Cum Date - investor.id",0.6,5050.0,108458200,0
2026-01-02,BMRI.JK,Nasib BMRI dan Proyeksi Bank-bank Besar di 2026 - investor.id,0.0,5075.0,59263700,0
2025-12-30,BMRI.JK,Simak Proyeksi BMRI 2026 Sebelum Tahun Baru! - Ajaib,0.0,5100.0,74077800,0
2025-12-30,BMRI.JK,DEWA milik Grup Bakrie utang Rp5 triliun ke BCA dan Bank Mandiri - IDNFinancials,0.0,5100.0,74077800,0
2025-12-30,BMRI.JK,"Cum Date Mulai 2 Jan 2026, 8 Saham BMRI RAJA BSSR Bayar Dividen Usai Tahun Baru - kontan.co.id",0.6,5100.0,74077800,0
2025-12-30,BMRI.JK,"Bank Mandiri Bagikan Dividen Interim Rp9,3 Triliun, Cek Jadwalnya - nusantaratv.com",0.6,5100.0,74077800,0
2025-12-29,BMRI.JK,Saham BMRI Punya Target Harga Baru - investor.id,0.0,5075.0,55697500,1
2025-12-24,BMRI.JK,Mengejar Dividen Saham BMRI dan BBRI: Peluang Cuan atau Sekadar Jebakan? - KONTAN,0.6,5050.0,40272500,1
2025-12-24,BMRI.JK,Menakar Dampak Wacana Spin-off BSI (BRIS) bagi Bank Mandiri (BMRI) - Bisnis Indonesia Premium,0.0,5050.0,40272500,1
2025-12-23,BMRI.JK,Obligasi Berkelanjutan Rp5 T Bank Mandiri Oversubscribed 3 Kali - CNBC Indonesia,0.0,5050.0,44307700,0
2025-12-22,BMRI.JK,"Saham Bank Mandiri (BMRI) Bagi Dividen Rp100 per Lembar, Simak Jadwal Lengkapnya - Ajaib",0.6,5100.0,93615600,0
2025-12-22,BMRI.JK,Bank Mandiri Bakal Bagikan Dividen Interim Rp100 per Saham Oleh Warta Ekonomi - Investing.com Indonesia,0.6,5100.0,93615600,0
2025-12-22,BMRI.JK,"Pantau Jadwal Dividen Interim BMRI, Perhatikan Hal ini - KabarBursa.com",0.6,5100.0,93615600,0
2025-12-22,BMRI.JK,"Jadwal Dividen Interim Bank Mandiri (BMRI) Keluar, Segini per Sahamnya - Indo Premier Sekuritas",0.6,5100.0,93615600,0
2025-12-22,BMRI.JK,"Bank Mandiri (BMRI) Bagi-Bagi Dividen Rp 9,3 Triliun, Catat Jadwalnya - CNBC Indonesia",0.6,5100.0,93615600,0
2025-12-22,BMRI.JK,"10 Saham Diborong Investor Asing dalam Sepekan, BMRI Terbanyak - Bloomberg Technoz",0.0,5100.0,93615600,0
2025-12-22,BMRI.JK,"Bank Mandiri Bagikan Dividen Interim Rp9,3 Triliun, Ini Jadwalnya - Infobanknews",0.6,5100.0,93615600,0
2025-12-22,BMRI.JK,"Bank Mandiri Tebar Dividen Interim Rp9,3 triliun, Ini Jadwal Lengkapnya! Oleh Warta Ekonomi - Investing.com Indonesia",0.6,5100.0,93615600,0
2025-12-19,BMRI.JK,"Bank Mandiri (BMRI) Tebar Dividen Interim Rp 9,3 Triliun, Setara Rp 100 per Saham - InvestorTrust",0.6,5175.0,161960800,0
2025-12-19,BMRI.JK,FAC Sekuritas - FAC Sekuritas,0.0,5175.0,161960800,0
2025-12-19,BMRI.JK,"BMRI Meraih Level Tertinggi Sejak Pertengahan Juni 2025 di 5.200, Perseroan akan Membagikan Dividen - fxstreet-id.com",0.6,5175.0,161960800,0
2025-12-19,BMRI.JK,Bank Mandiri (BMRI) Tebar Dividen Interim hingga Rp9 T - Bloomberg Technoz,0.6,5175.0,161960800,0
2025-12-19,BMRI.JK,RUPSLB Bank Mandiri Tetapkan Zulkifli Zaini sebagai Komisaris Utama dan M Rudy Salahuddin Ramto Wakomut - InvestorTrust,0.0,5175.0,161960800,0
2025-12-19,BMRI.JK,RUPSLB Bank Mandiri Tegaskan Dukungan Pemegang Saham dan Penguatan Strategi Menuju 2026 - Stabilitas.id,0.0,5175.0,161960800,0
2025-12-19,BMRI.JK,Sepak Terjang Zulkifli Zaini yang Diangkat Jadi Komut Bank Mandiri - Infobanknews,0.0,5175.0,161960800,0
2025-12-19,BMRI.JK,"Saham BMRI Diserbu, Punya Target Harga Baru - investor.id",0.0,5175.0,161960800,0
2025-12-19,BMRI.JK,"Asing Diam-Diam Borong Deretan Saham Big Bank, Rotasi Sektor Dimulai? - CNBC Indonesia",0.0,5175.0,161960800,0
2025-12-19,BMRI.JK,"Bank Mandiri (BMRI) RUPSLB Hari Ini, Bahas Perubahan Pengurus - Bloomberg Technoz",0.0,5175.0,161960800,0
2025-12-18,BMRI.JK,"Investor Asing Serbu Saham Bank Mandiri (BMRI), Naik 6,6% Sejak Senin - CNBC Indonesia",0.6,5150.0,150669000,1
2025-12-17,BMRI.JK,"NPL sehat, BMRI catat laba bersih Rp5,26 triliun pada November 2025 - IDNFinancials",0.6,5025.0,94254100,1
2025-12-17,BMRI.JK,RUPS LB Bank Kalbar Bahas Saham dan Pengawas - Pemkab Kubu Raya,0.0,5025.0,94254100,1
2025-12-16,BMRI.JK,"🪙 BMRI Bank Only Nov–2025: Kredit Terakselerasi, Opex Mulai Ternormalisasi - Stockbit Snips",0.0,5000.0,137373200,1
2025-12-16,BMRI.JK,Investor Asing Diam-diam Akumulasi Saham BMRI sampai BBRI - Bloomberg Technoz,0.0,5000.0,137373200,1
2025-12-15,BMRI.JK,"Rekomendasi Saham Tim Analis Bareksa: CBDK & BMRI, IHSG Diprediksi Melemah - Bareksa.com",-0.6,4990.0,122451500,1
2025-12-15,BMRI.JK,"Bank Mandiri, BRI, BNI, BCA Bakal Seperti JP Morgan & Goldman Sachs? - Bareksa.com",0.0,4990.0,122451500,1
2025-12-15,BMRI.JK,"Jelang Rapat Dewan Gubernur BI Saham Big Banks Rebound, Cek Rekomendasi Analis - TradingView",0.0,4990.0,122451500,1
2025-12-15,BMRI.JK,"Saham Semua Bank Mendadak Melesat Hari Ini, Saatnya Berburu Saham Ini? - InvestorTrust",0.0,4990.0,122451500,1
2025-12-11,BMRI.JK,BMRI Ada Revisi Target Harga - investor.id,0.0,4950.0,151956700,0
2025-12-11,BMRI.JK,"Bunga The Fed Dipangkas, Empat Saham Bank Besar dan IHSG Melemah - Bloomberg Technoz",-0.6,4950.0,151956700,0
2025-12-10,BMRI.JK,Mengenal Riduan: Dari Auditor Internal Hingga Pucuk Pimpinan Bank Mandiri - Ajaib,0.0,4970.0,96005900,0
2025-12-08,BMRI.JK,Investor Kakap yang Borong Saham Bank Mandiri (BMRI) Awal Desember 2025 - Bisnis Indonesia Premium,0.0,4950.0,62947600,0
2025-12-05,BMRI.JK,Buyback Bank Mandiri Jaga Kepercayaan Pasar - MetroTVNews.com,0.6,4900.0,53969200,1
2025-12-04,BMRI.JK,Dirut BMRI Riduan raih predikat The Most All-Round Seasoned Banker - IDNFinancials,0.0,4920.0,59392600,0
2025-12-04,BMRI.JK,"Rekomendasi Saham Tim Analis Bareksa: CDIA, BRPT & BMRI, IHSG Diprediksi Melemah - Bareksa.com",-0.6,4920.0,59392600,0
2025-12-04,BMRI.JK,Target Harga Baru Saham BMRI - investor.id,0.0,4920.0,59392600,0
2025-12-03,BMRI.JK,BMRI Terbaru: Agenda RUPSLB dan Restrukturisasi Manajemen - Ajaib,0.0,4880.0,102556300,1
2025-12-03,BMRI.JK,"Investor Asing Amerika Berburu Saham BMRI, Prospek Desember Cerah - KONTAN",0.6,4880.0,102556300,1
2025-12-02,BMRI.JK,Proyeksi Dividen per Saham Bank Mandiri (BMRI) Tahun Buku 2025 - Bisnis Indonesia Premium,0.6,4850.0,104013500,1
2025-12-02,BMRI.JK,Bank Mandiri (BMRI) Berburu Dana Rp 5 Triliun - investor.id,0.0,4850.0,104013500,1
2025-12-01,BMRI.JK,"Saham Bank BUMN Ini Akan Di-buyback hingga Maret 2026, Investor Ritel Disarankan Beli - kontan.co.id",0.6,4860.0,58603700,0
2025-12-01,BMRI.JK,"Saham Blue Chip Bank Bangkit Awal Des 2025, Tak Semua Layak Beli, Cek Analisisnya! - TradingView",0.0,4860.0,58603700,0
2025-11-28,BMRI.JK,🏦 BMRI & BBNI 10M25: Laba Bersih Bank Only -10% YoY & -6% YoY - Stockbit Snips,0.6,4830.0,128777200,1
2025-11-27,BMRI.JK,"Investor Asing Borong Saham Bank Mandiri (BMRI) dan Bank Neo (BBYB), BBRI hingga BBCA Dilego - Bisnis.com",0.0,4860.0,170213000,0
2025-11-27,BMRI.JK,Penyebab Saham BMRI Tiba-tiba Anjlok - investor.id,-0.6,4860.0,170213000,0
2025-11-27,BMRI.JK,"Bank Mandiri (BMRI) Mau RUPSLB 19 Desember, Ini 3 Agendanya - CNBC Indonesia",0.0,4860.0,170213000,0
2025-11-25,BMRI.JK,"Saham BMRI, Ramalan yang Mulai Jadi Kenyataan - investor.id",0.0,5025.0,169379300,0
2025-11-24,BMRI.JK,Buyback BMRI Isyaratkan Kepercayaan Diri Manajemen - investor.id,0.6,5100.0,303252000,0
2025-11-20,BMRI.JK,"IHSG Intraday Catat ATH 8.491, Saham Bank Himbara Dipimpin BMRI Perkasa - InvestorTrust",0.0,4940.0,234717700,1
2025-11-20,BMRI.JK,"Net Buy Melesat Rp 1,26 Triliun, Asing Borong Saham BMRI hingga BUVA - InvestorTrust",0.0,4940.0,234717700,1
2025-11-20,BMRI.JK,"Aliran Dana Asing Masuk ke BMRI dan BBRI, Sinyal Apa? - KabarBursa.com",0.0,4940.0,234717700,1
2025-11-20,BMRI.JK,Giliran Saham BMRI Diborong Habis-habisan - investor.id,0.0,4940.0,234717700,1
2025-11-19,BMRI.JK,"Asing borong saham BUMI dan BMRI, IHSG naik 57,19 poin di sesi I - IDNFinancials",0.6,4850.0,107585700,1
2025-11-19,BMRI.JK,"Rekomendasi Trading Saham Hari Ini BMRI, MAPA & MAPI, IHSG Diprediksi Positif - Bareksa.com",0.6,4850.0,107585700,1
2025-11-19,BMRI.JK,"Pemerintah kembali tempatkan dana di bank Himbara, saham ini menguat? - IDNFinancials",0.6,4850.0,107585700,1
2025-11-18,BMRI.JK,"Fee Based Income BMRI Capai Rp5,4T dari Digitalisasi Ekosistem - Ajaib",0.0,4790.0,127022100,1
2025-11-17,BMRI.JK,"Rekomendasi Saham Ajaib Sekuritas Hari Ini (BMRI, JPFA, ISAT) - Ajaib",0.0,4820.0,136477100,0
2025-11-17,BMRI.JK,"Rekomendasi Trading Saham Hari Ini BMRI, AKRA & PTRO, IHSG Diprediksi Melemah - Bareksa.com",-0.6,4820.0,136477100,0
2025-11-13,BMRI.JK,"Investor Asing Borong Saham Bank Mandiri dan BBCA, Ini Daftar Lengkapnya - Bisnis.com",0.0,4700.0,108100300,1
2025-11-12,BMRI.JK,Sejarah Bank Mandiri: Dari Restrukturisasi 1998 Hingga Pemimpin Perbankan Indonesia - Ajaib,0.0,4760.0,138539800,0
2025-11-12,BMRI.JK,"Investor Asing Borong Saham BMRI dan BBCA, Dorong IHSG Hijau - Market - Bloomberg Technoz",0.0,4760.0,138539800,0
2025-11-12,BMRI.JK,Buyback Saham Bank Mandiri Diyakini Jaga Kinerja dan Kepercayaan Pasar - MetroTVNews.com,0.6,4760.0,138539800,0
2025-11-12,BMRI.JK,"Susul Himbara Lainnya, Bank Mandiri Juga Umumkan Bakal Gelar RUPSLB - kontan.co.id",0.0,4760.0,138539800,0
2025-11-11,BMRI.JK,BMRI Terbaru: Aksi Direksi dan Potensi Pergerakan Saham di Tengah Konsolidasi Pasar - Ajaib,0.0,4680.0,168794500,1
2025-11-11,BMRI.JK,"Rekomendasi Trading Saham Hari Ini BBRI, BMRI & KLBF, IHSG Diramal di Zona Positif - Bareksa.com",0.6,4680.0,168794500,1
2025-11-10,BMRI.JK,Direktur Bank Mandiri (BMRI) Tambah Koleksi Saham Dalam Rangka MSOP Oleh Warta Ekonomi - Investing.com Indonesia,0.0,4730.0,88738200,0
2025-11-10,BMRI.JK,"Ekonom Bank Mandiri (BMRI) Ingatkan Aliran Dana Asing ke Indonesia Masih Hadapi Tantangan, Mengapa? - SWA.co.id",0.0,4730.0,88738200,0
2025-11-05,BMRI.JK,Saham Big Banks Kompak Menguat pada Penutupan Bursa Rabu (5/11) - TradingView,0.6,4770.0,102878900,0
2025-11-05,BMRI.JK,"BEI Komentari Saham-Saham Bank Himbara Turun, Ini Kata Ekonom Bank Mandiri (BMRI) - SWA.co.id",-0.6,4770.0,102878900,0
2025-11-05,BMRI.JK,BSI (BRIS) Serahkan Keputusan Divestasi dari Bank Mandiri (BMRI) ke Pemegang Saham - Bisnis.com,0.0,4770.0,102878900,0
2025-11-03,BMRI.JK,"Rekomendasi Trading Saham Hari Ini SMGR, BMRI & UNVR, IHSG Diprediksi Melemah - Bareksa.com",-0.6,4760.0,129834200,0
2025-11-03,BMRI.JK,"Laba Bank Mandiri (BMRI) Turun, Begini Rekomendasi Maybank Sekuritas - kontan.co.id",0.0,4760.0,129834200,0
2025-10-30,BMRI.JK,Bank Mandiri Tegaskan Telah Melaksanakan Buyback BMRI - pasardana.id,0.6,4800.0,390256000,0
2025-10-30,BMRI.JK,BEEF raih pinjaman Rp790 miliar dari Bank Mandiri - IDNFinancials,0.0,4800.0,390256000,0
2025-10-30,BMRI.JK,"Ditopang Saham BMRI & GOTO, IHSG Ditutup Naik 0,22% - Bloomberg Technoz",0.6,4800.0,390256000,0
2025-10-29,BMRI.JK,BMRI - Analisis Fundamental - brights.id,0.0,4650.0,176978800,1
2025-10-29,BMRI.JK,Menengok Aksi Blackrock dan JP Morgan di Saham BMRI Ketika Harga Mulai Mendaki - KONTAN,0.0,4650.0,176978800,1
2025-10-29,BMRI.JK,"Rekomendasi Trading Saham Hari Ini BBRI, SMGR & BMRI, The Fed Potong Suku Bunga 0,25% - Bareksa.com",0.0,4650.0,176978800,1
2025-10-29,BMRI.JK,BMRI Terbaru: Stabilitas Kinerja dan Arah Strategis Jelang Akhir Tahun - Ajaib,0.0,4650.0,176978800,1
2025-10-29,BMRI.JK,"IHSG Terkoreksi, Pantau Saham ADMR, MAPI, dan BMRI - Ajaib",-0.6,4650.0,176978800,1
2025-10-29,BMRI.JK,"Bank Mandiri Pertegas Optimisme Bisnis, Buyback Saham Jadi Sinyal Kekuatan Fundamental - Infobanknews",0.6,4650.0,176978800,1
2025-10-29,BMRI.JK,"Bank Mandiri Cetak Laba Rp4,14 Triliun, Siap Jalankan Buyback Saham - KabarBursa.com",0.6,4650.0,176978800,1
2025-10-29,BMRI.JK,"Saham Bagus Murah Lagi, Dilirik Lo Kheng Hong, Dividennya Rp 466 per Saham - investor.id",0.6,4650.0,176978800,1
2025-10-29,BMRI.JK,"Tegaskan Optimisme Bisnis, Bank Mandiri Bersiap Buyback Saham - CNBC Indonesia",0.6,4650.0,176978800,1
2025-10-29,BMRI.JK,"Bank Mandiri Pertegas Optimisme Bisnis, Siapkan Aksi Buyback Saham - CNN Indonesia",0.6,4650.0,176978800,1
2025-10-28,BMRI.JK,"Rekomendasi Saham Ajaib Sekuritas Hari Ini (BMRI, AADI, EMTK) - Ajaib",0.0,4510.0,174666600,1
2025-10-28,BMRI.JK,"Laba BMRI In Line, Saham Murah Mau Diserok, Target Harga Segini - investor.id",0.6,4510.0,174666600,1
2025-10-28,BMRI.JK,"BRIS catat pembiayaan melonjak 12%, lampaui Bank Mandiri dan industri - IDNFinancials",0.0,4510.0,174666600,1
2025-10-28,BMRI.JK,Bank Mandiri (BMRI) Bakal Buyback Saham - investor.id,0.6,4510.0,174666600,1
2025-10-27,BMRI.JK,"Bank Mandiri (BMRI) Akan Buyback Saham Hingga Rp 1,17 Triliun - TradingView",0.6,4470.0,245576100,1
2025-10-27,BMRI.JK,"Bakal 'Buyback' Saham Rp 1,17 Triliun, Bank Mandiri (BMRI) Masih Cari Waktu - InvestorTrust",0.6,4470.0,245576100,1
2025-10-27,BMRI.JK,"Laba bersih BMRI mencapai Rp37,75 triliun, turun 10,14% - IDNFinancials",0.0,4470.0,245576100,1
2025-10-27,BMRI.JK,"Bank Mandiri (BMRI) Cetak Laba Rp 37,7 Triliun, Kredit Naik 11% Jadi Rp 1.764 Triliun di Kuartal III 2025 - InvestorTrust",0.6,4470.0,245576100,1
2025-10-27,BMRI.JK,"IHSG Diprediksi Bergerak Terbatas, Pantau 3 Saham Dipimpin BMRI - InvestorTrust",0.0,4470.0,245576100,1
2025-10-27,BMRI.JK,"Net profit of BMRI reaches IDR 37.75 trillion, down 10.14% - IDNFinancials",0.0,4470.0,245576100,1
2025-10-27,BMRI.JK,"Rencana Buyback Rp1,17 Triliun, Bank Mandiri Ungkap Jadwal dan Tujuannya - Infobanknews",0.6,4470.0,245576100,1
2025-10-27,BMRI.JK,"Bank Mandiri Merilis Kinerja kuartal III 2025, Cek Rekomendasi Para Analis - kontan.co.id",0.0,4470.0,245576100,1
2025-10-27,BMRI.JK,"Bank Mandiri (BMRI) Siap Buyback Rp1,17 Triliun - IDX Channel",0.6,4470.0,245576100,1
2025-10-27,BMRI.JK,"Saham Bagus Mumpung Murah, Dividennya Rajin, Bisa Rp 340 per Saham? - investor.id",0.6,4470.0,245576100,1
2025-10-27,BMRI.JK,"Bank Mandiri Siapkan Buyback Saham hingga Rp1,17 Triliun - Bloomberg Technoz",0.6,4470.0,245576100,1
2025-10-27,BMRI.JK,"Bank Mandiri Siap Buyback Saham Rp 1,17 Triliun - kumparan.com - Kumparan.com",0.6,4470.0,245576100,1
2025-10-24,BMRI.JK,Harga Wajar Saham BMRI: Estimasi & Proyeksi Terbaru - Ajaib,0.0,4550.0,350420300,0
2025-10-24,BMRI.JK,"Rekomendasi Saham Ajaib Sekuritas Hari Ini (BMRI, ADMR, PGEO) - Ajaib",0.0,4550.0,350420300,0
2025-10-24,BMRI.JK,"Net Buy Berlanjut Rp 1,15 Triliun, Investor Asing Agresif Borong Saham BMRI hingga BBCA - InvestorTrust",0.0,4550.0,350420300,0
2025-10-23,BMRI.JK,"Saham pelat merah BBRI, TLKM, PGAS, dan BMRI dominasi top net buy - IDNFinancials",0.0,4430.0,202102500,1
2025-10-23,BMRI.JK,"Danantara Mau Proses Spin-off BRIS, Begini Hitungan Nasib BMRI - Mikir Duit",0.0,4430.0,202102500,1
2025-10-22,BMRI.JK,Bank Mandiri Tanggapi Kabar Pelepasan Saham BSI - KONTAN,0.0,4330.0,216261300,1
2025-10-22,BMRI.JK,Bank Mandiri Segera Melepas Saham BSI - KONTAN,0.0,4330.0,216261300,1
2025-10-22,BMRI.JK,Beda Manuver BlackRock dengan JP Morgan & Goldman Sachs di Saham Bank Mandiri (BMRI) - Bisnis Indonesia Premium,0.0,4330.0,216261300,1
2025-10-21,BMRI.JK,"Saham Big Banks Kompak Menghijau pada Selasa (21/10), Begini Rekomendasi Sahamnya - TradingView",0.0,4350.0,230858900,0
2025-10-21,BMRI.JK,"BMRI Rebound, tapi Net Foreign Sell Tinggi: Apa Artinya? - KabarBursa.com",0.0,4350.0,230858900,0
2025-10-21,BMRI.JK,"Net Buy Melesat Rp 1,34 Triliun, Asing Borong Saham Bank Ini - InvestorTrust",0.0,4350.0,230858900,0
2025-10-20,BMRI.JK,"IHSG Sesi I Melesat 1,97% Terkerek Saham Big Bank, Ada BBCA hingga BBNI - InvestorTrust",0.0,4300.0,331939200,1
2025-10-20,BMRI.JK,"Lusa pengumuman suku bunga BI, saham big banks meroket di sesi I - IDNFinancials",0.0,4300.0,331939200,1
2025-10-17,BMRI.JK,"Saham Big Bank Masih Lesu di Akhir Pekan Ini, Simak Rekomendasi Analis - TradingView",0.0,4050.0,247510000,1
2025-10-16,BMRI.JK,"IHSG Terkoreksi 15,34 Poin, Investor Asing Jual Saham BBRI dan BMRI - Sonora.id",-0.6,4090.0,125979600,0
2025-10-15,BMRI.JK,"Net Sell Berlanjut Rp 1,39 Triliun, Asing Obral Saham BBRI hingga WIFI - InvestorTrust",-0.6,4050.0,270562400,1
2025-10-13,BMRI.JK,"Saham Big Banks Kompak Ambruk Tahun Ini, Begini Rekomendasi Analis - TradingView",-0.6,4230.0,79178600,0
2025-10-13,BMRI.JK,"Saham Bank Bersiap Rebound, Cek Target Harganya - Bloomberg Technoz",0.0,4230.0,79178600,0
2025-10-13,BMRI.JK,"BMRI Terlalu Murah, Muncul Target Harga Baru - investor.id",0.0,4230.0,79178600,0
2025-10-09,BMRI.JK,"Bukan Blackrock tapi State Street yang Konsisten Borong Saham BBCA, BMRI, BBRI & BBNI - KONTAN",0.0,4390.0,183242600,0
2025-10-09,BMRI.JK,Saham BRIS: Pertumbuhan Perbankan Syariah dan Potensi Investasi - brights.id,0.6,4390.0,183242600,0
2025-10-08,BMRI.JK,Saham BBCA-BMRI Tergerus: Profit Taking di Angka Berapa? - KabarBursa.com,0.0,4250.0,97466800,1
2025-10-03,BMRI.JK,"Harga Saham BBRI, BMRI, dan BBNI Turun, Sinyal Beli atau Hindari? - Sonora.id",-0.6,4310.0,102459100,0
2025-10-02,BMRI.JK,"Harga 4 Saham Blue Chip Bank Rontok, Manakah yang Layak Beli Hari Ini (3/10)? - TradingView",0.0,4360.0,93387400,0
2025-09-30,BMRI.JK,BMRI - bank mandiri menunggu REBOUND untuk IDX:BMRI oleh Forecaster-STA - TradingView,0.0,4400.0,108639600,0
2025-09-30,BMRI.JK,Kinerja Januari-Agustus 2025: BMRI & BBRI Tetap Direkomendasikan Buy Meski Laba Turun - Bareksa.com,0.0,4400.0,108639600,0
2025-09-29,BMRI.JK,"Asing Net Buy Rp 555,63 Miliar, Saham BREN hingga BBCA Diborong - InvestorTrust",0.0,4400.0,63753600,0
2025-09-29,BMRI.JK,"Saham Bank Pelat Merah Terus Melemah, Investor Asing Masih Jualan - Kompas.com",-0.6,4400.0,63753600,0
2025-09-25,BMRI.JK,"Beda Arah JP Morgan, Morgan Stanley & Mayoritas Sekuritas di Saham Bank Mandiri (BMRI) - Bisnis Indonesia Premium",0.0,4360.0,73946900,1
2025-09-24,BMRI.JK,"Dua Sekuritas Ini Pangkas Turun Target Harga BMRI, Sahamnya masih Layak Dilirik? - InvestorTrust",-0.6,4390.0,85439100,0
2025-09-24,BMRI.JK,BMRI Punya Target Harga Baru - investor.id,0.0,4390.0,85439100,0
2025-09-23,BMRI.JK,"Meski Laba Bersih Terkoreksi, Para Analis Masih Merekomendasikan Beli Saham BMRI - KONTAN",0.0,4410.0,90675500,0
2025-09-23,BMRI.JK,"Saham Big Banks Selasa (23/9): BBCA Menguat Sementara BMRI, BBRI, dan BBNI Melemah - Pusat Data Kontan",0.0,4410.0,90675500,0
2025-09-23,BMRI.JK,Ini Ramalan Dividen Bank Mandiri: Berapa Skenario Terburuk - Terbaik? - CNBC Indonesia,0.6,4410.0,90675500,0
2025-09-22,BMRI.JK,Target Harga Saham Bank Mandiri (BMRI) Terbaru dan Aksi Blackrock Cs - Bisnis Indonesia Premium,0.0,4420.0,107176100,0
2025-09-22,BMRI.JK,"Pegang Saham GGRM, ANTM, TBIG & BMRI, Reksadana Sucorinvest dan Sinarmas Naik hingga 2% Sehari - Bareksa.com",0.6,4420.0,107176100,0
2025-09-22,BMRI.JK,Cobaan bagi BMRI - investor.id,0.0,4420.0,107176100,0
2025-09-19,BMRI.JK,BMRI tetap pertahankan dividend payout ratio pada kisaran 60% - IDNFinancials,0.6,4380.0,235975900,1
2025-09-19,BMRI.JK,"Bank Mandiri (BMRI) Pertahankan Rasio Pembayaran Dividen 60%, Ada Opsi Interim? - InvestorTrust",0.6,4380.0,235975900,1
2025-09-19,BMRI.JK,"Bank Mandiri Turunkan Target Kredit dan NIM, Saham Bergerak Datar - KabarBursa.com",-0.6,4380.0,235975900,1
2025-09-19,BMRI.JK,Bank Mandiri (BMRI) Ungkap Rencana Bagi-bagi Dividen Masa Depan - Bloomberg Technoz,0.6,4380.0,235975900,1
2025-09-19,BMRI.JK,Bank Mandiri Beri Bocoran Dividen Tahun Buku 2025 - Infobanknews,0.6,4380.0,235975900,1
2025-09-19,BMRI.JK,"Kinerja Semester I 2025 Tertekan, Rekomendasi Saham BMRI Tetap Buy, Ini Target Harganya - Bareksa.com",0.0,4380.0,235975900,1
2025-09-19,BMRI.JK,Bank Mandiri (BMRI) Buka Peluang Bagikan Dividen Interim - Bisnis.com,0.6,4380.0,235975900,1
2025-09-19,BMRI.JK,"Bank Mandiri Bukukan Laba Rp 24,5 Triliun, Kredit Tembus Rp 1.701 Triliun di Kuartal II 2025 - InvestorTrust",0.6,4380.0,235975900,1
2025-09-19,BMRI.JK,"Usai Paparan Kinerja, Bagaimana Arah Pergerakan Saham Bank Mandiri (BMRI)? - kontan.co.id",0.0,4380.0,235975900,1
2025-09-19,BMRI.JK,"Bank Mandiri (BMRI) Cetak Laba Rp 24,5 T pada Semester I-2025 - CNBC Indonesia",0.6,4380.0,235975900,1
2025-09-19,BMRI.JK,Bank Mandiri (BMRI) Ungkap Rencana Bagi-bagi Dividen Masa Depan - Market - Bloomberg Technoz,0.6,4380.0,235975900,1
2025-09-19,BMRI.JK,"Cetak Laba Rp 24,5 Triliun, Ini Bocoran Dividen Bank Mandiri (BMRI) - CNBC Indonesia",0.6,4380.0,235975900,1
2025-09-19,BMRI.JK,Bank Mandiri Pertahankan Dividen Payout Ratio di Kisaran 60% - Bisnis.com,0.6,4380.0,235975900,1
2025-09-18,BMRI.JK,Update Harga Saham BMRI Hari Ini: Analisis Pergerakan dan Faktor Pengaruh - Ajaib,0.0,4420.0,177560100,0
2025-09-18,BMRI.JK,"Diprediksi Melesat, Analis Saran Beli Saham Bank Blue Chip Ini Usai BI Rate Turun - TradingView",-0.6,4420.0,177560100,0
2025-09-18,BMRI.JK,"Investor Asing Pandang Netral ke Perbankan Indonesia, BBCA, BMRI, & BBRI Jadi Jagoan - KONTAN",0.0,4420.0,177560100,0
2025-09-17,BMRI.JK,Intip Rekomendasi Saham Emiten Perbankan di Tengah Sejumlah Sentimen Positif - TradingView,0.6,4510.0,232702500,0
2025-09-17,BMRI.JK,"Saham BBRI, BBNI, BMRI, BBTN, BRIS Menguat Usai BI Rate Turun - Bloomberg Technoz",0.0,4510.0,232702500,0
2025-09-16,BMRI.JK,"Net Sell Kembali Rp 374,55 Miliar, Saham BMRI dan BBCA Dilepas - InvestorTrust",-0.6,4480.0,122027400,1
2025-09-16,BMRI.JK,Kisi-Kisi Laba Bank Mandiri (BMRI) Semester I/2025 jelang Rilis Laporan Keuangan - Bisnis.com,0.6,4480.0,122027400,1
2025-09-15,BMRI.JK,"Investor Asing Akhirnya Net Buy Rp 1,04 Triliun, Saham BBCA hingga AMMN kembali Diburu - InvestorTrust",0.0,4530.0,231346000,0
2025-09-15,BMRI.JK,Saham bank berpotensi menguat usai diguyur kas negara Rp200 triliun - IDNFinancials,0.6,4530.0,231346000,0
2025-09-12,BMRI.JK,"Kode Keras Lo Kheng Hong, Segini Target Saham BBRI, BMRI Cs Terbaru - Bisnis Indonesia Premium",0.0,4520.0,216960200,1
2025-09-12,BMRI.JK,Penyebab Goldman Sachs Naikkan Target Harga Saham Bank Himbara - Bloomberg Technoz,0.6,4520.0,216960200,1
2025-09-12,BMRI.JK,Penyebab Goldman Sachs Naikkan Target Harga Saham Bank Himbara - Market - Bloomberg Technoz,0.6,4520.0,216960200,1
2025-09-12,BMRI.JK,"Dana Rp200 Triliun Ke Himbara, Saham Bank BUMN Menguat - Ajaib",0.6,4520.0,216960200,1
2025-09-11,BMRI.JK,"Asing balik arah usai net sell 2 pekan, borong saham GOTO hingga BBRI - IDNFinancials",-0.6,4480.0,366697800,1
2025-09-11,BMRI.JK,"Dana Asing Kabur Rp1,25 Triliun, Saham BMRI, ANTM hingga BBCA Paling Banyak Dilego - Infobanknews",0.0,4480.0,366697800,1
2025-09-11,BMRI.JK,"Purbaya Effect, Saham Bank Himbara Beterbangan - Bloomberg Technoz",0.0,4480.0,366697800,1
2025-09-11,BMRI.JK,"IHSG Menguat 0,64% Ditopang Kinerja Saham Bank BUMN - CNBC Indonesia",0.6,4480.0,366697800,1
2025-09-11,BMRI.JK,BERITA POPULER: Harga Emas Antam (ANTM) Terpangkas hingga Laba Bank Mandiri (BMRI) Ambles - investor.id,0.6,4480.0,366697800,1
2025-09-11,BMRI.JK,Saham Bank Himbara Terbang Tinggi Setelah Menkeu Akan Guyur Likuiditas Rp200 Triliun - Infobanknews,0.0,4480.0,366697800,1
2025-09-10,BMRI.JK,Mengenal Saham BMRI: Mengapa Bank Mandiri Jadi Pilihan Investor - Ajaib,0.0,4400.0,293494200,1
2025-09-10,BMRI.JK,BMRI - Analisis Fundamental - brights.id,0.0,4400.0,293494200,1
2025-09-09,BMRI.JK,"Tinggalkan perbankan, asing borong saham emas saat IHSG turun 1,28% - IDNFinancials",-0.6,4310.0,509366600,1
2025-09-09,BMRI.JK,"Menteri Keuangan Diganti, Investor Asing Makin Menghindari Saham Perbankan - TradingView",0.0,4310.0,509366600,1
2025-09-09,BMRI.JK,"Sri Mulyani pamit, Rp2,99 triliun dana asing tinggalkan pasar saham - IDNFinancials",0.0,4310.0,509366600,1
2025-09-09,BMRI.JK,"Saham Bagus Lagi Murah, Dividen Besar - investor.id",0.6,4310.0,509366600,1
2025-09-08,BMRI.JK,"Sentimen Reshuffle Kabinet Bayangi Pasar, Rekomendasi Saham Hari Ini BBNI, BBRI & BMRI - Bareksa.com",0.0,4490.0,200234500,0
2025-09-08,BMRI.JK,"BMRI Berayun, Mengarah ke Level Ini - investor.id",0.0,4490.0,200234500,0
2025-09-04,BMRI.JK,"IHSG Menuju 7.900 Lagi, BMRI, BBRI, BBNI Diborong Asing - CNBC Indonesia",0.0,4680.0,88735300,0
2025-09-04,BMRI.JK,"Ramalan Nasib Saham Bank BBCA, BMRI Cs di Tengah Fenomena September Effect - Bisnis.com",0.0,4680.0,88735300,0
2025-09-02,BMRI.JK,"Dana Asing Kabur Rp2,14 Triliun, Saham BBCA, BMRI, dan BBRI Paling Banyak Dilego - Infobanknews",0.0,4570.0,150045600,1
2025-09-02,BMRI.JK,Blackrock dan Vanguard Melawan Arah di Saham BBCA dan BMRI - Bisnis Indonesia Premium,0.0,4570.0,150045600,1
2025-09-01,BMRI.JK,"Saham Bank Masih Turun, Investor Tunggu Kinerja Perbankan Benar-Benar Pulih - TradingView",-0.6,4600.0,320335300,0
2025-09-01,BMRI.JK,Saham Bagus Lagi Murah Banget - investor.id,0.0,4600.0,320335300,0
2025-08-27,BMRI.JK,Bunga kredit Bank Mandiri turun usai BI Rate dipangkas jadi 5% - IDNFinancials,-0.6,4800.0,113576300,0
2025-08-22,BMRI.JK,"Peluang Saham Bank Usai BI Rate Dipangkas, Simak Rekomendasi BBCA, BMRI, BBNI, dan BBTN Ini - InvestorTrust",0.0,4890.0,73104500,1
2025-08-22,BMRI.JK,Mandiri Sekuritas Kembali Raih Indonesia’s Best Securities House 2025 dari Euromoney - Infobanknews,0.0,4890.0,73104500,1
2025-08-21,BMRI.JK,Ramalan Terbaru Saham BBCA & BMRI Cs usai BI Rate Dipotong - investor.id,0.0,4900.0,132019200,0
2025-08-21,BMRI.JK,"BI Rate Turun, Cek Rekomendasi Saham yang Diuntungkan - Bloomberg Technoz",0.0,4900.0,132019200,0
2025-08-20,BMRI.JK,"Saham BBRI-BMRI-BBNI-BBTN Melesat, Bulan Ini Terbang Belasan Persen - CNBC Indonesia",0.0,4950.0,144622900,0
2025-08-15,BMRI.JK,"Net Buy Berlanjut Rp 1,30 Triliun, Asing Borong Saham BBRI, BMRI, dan TLKM - InvestorTrust",0.0,4850.0,126685400,0
2025-08-13,BMRI.JK,"BBCA, BBRI, BMRI serap dana asing terbesar, siapa paling menarik? - IDNFinancials",0.0,4870.0,180844900,0
2025-08-13,BMRI.JK,Bursa Efek Jakarta & Indonesia | Pasar Keuangan Indonesia - IDNFinancials,0.0,4870.0,180844900,0
2025-08-13,BMRI.JK,"Asing Diam-diam Borong Saham BBRI, BMRI, dan BBCA Kala IHSG Menguat - Infobanknews",0.6,4870.0,180844900,0
2025-08-13,BMRI.JK,"Saham Diskon Tetiba Loncat, Katanya Bisa ke Rp 5.000-an, Dividen Rp 340/Saham? - investor.id",0.6,4870.0,180844900,0
2025-08-12,BMRI.JK,"Saham BMRI Menguat 4,03% pada 12 Agustus 2025, Ditutup di Level Rp 4.910 - TradingView",0.6,4910.0,301599000,0
2025-08-12,BMRI.JK,"IHSG capai rekor tertinggi didukung saham BBRI, BBCA, BMRI - IDNFinancials",0.6,4910.0,301599000,0
2025-08-12,BMRI.JK,"Investor Fundamental Lagi Senyum-Senyum, Saham BBNI, BBRI, BMRI Lompat - CNBC Indonesia",0.0,4910.0,301599000,0
2025-08-05,BMRI.JK,Saham BMRI Ngebut Usai Ganti Dirut - KONTAN,0.0,4750.0,277668300,0
2025-08-05,BMRI.JK,"Asing Masuk Pasar Net Buy Rp 552,26 Miliar, Saham BMRI dan BBCA Diborong - InvestorTrust",0.0,4750.0,277668300,0
2025-08-05,BMRI.JK,"Punya BBCA, BMRI, BBNI & BBRI, Return Reksadana Indeks STAR AM dan Maybank AM Melesat 2% - Bareksa.com",0.0,4750.0,277668300,0
2025-08-05,BMRI.JK,Serikat Pekerja Bank Mandiri sambut positif hasil RUPSLB Bank Mandiri - ANTARA News Megapolitan,0.6,4750.0,277668300,0
2025-08-05,BMRI.JK,"RUPSLB, Pemegang Saham Tunjuk Riduan jadi Direktur Utama Bank Mandiri - MONITOR.CO.ID",0.0,4750.0,277668300,0
2025-08-05,BMRI.JK,Riduan Gantikan Darmawan Junaidi Jadi Dirut Bank Mandiri - MetroTVNews.com,0.0,4750.0,277668300,0
2025-08-04,BMRI.JK,"Harga Saham BMRI Menguat 1,55 Persen usai Gelar RUPSLB - Infobanknews",0.6,4620.0,174404800,1
2025-08-04,BMRI.JK,"Gelar RUPSLB, Bank Mandiri Ganti Komisaris hingga Direktur Utama - pasardana.id",0.0,4620.0,174404800,1
2025-08-04,BMRI.JK,"Ini Sejarah Dividen Bank Mandiri, Intip Proyeksinya Tahun Ini - CNBC Indonesia",0.6,4620.0,174404800,1
2025-08-04,BMRI.JK,"Akselerasi Transformasi, RUPSLB 2025 Tetapkan Susunan Baru Direksi dan Komisaris Bank Mandiri - InvestorTrust",0.0,4620.0,174404800,1
2025-08-04,BMRI.JK,"RUPSLB Bank Mandiri Maju, Riduan-Alexandra Dikaitkan Posisi Dirut - Bloomberg Technoz",0.0,4620.0,174404800,1
2025-08-04,BMRI.JK,"Riduan Jadi Dirut Bank Mandiri, Ini Susunan Lengkap Direksi & Komisaris Terbaru - Ajaib",0.0,4620.0,174404800,1
2025-08-04,BMRI.JK,RUPSLB Bank Mandiri Tunjuk Riduan sebagai Direktur Utama Menggantikan Darmawan Junaidi - Tempo.co,0.0,4620.0,174404800,1
2025-08-04,BMRI.JK,Susunan Lengkap Direksi dan Komisaris Baru Bank Mandiri Hasil RUPSLB - Tempo.co,0.0,4620.0,174404800,1
2025-08-04,BMRI.JK,"Profil dan Harta Riduan, Dirut Baru Bank Mandiri, Tembus Rp 126 Miliar - Tempo.co",0.0,4620.0,174404800,1
2025-08-04,BMRI.JK,"Bank Mandiri (BMRI) Umumkan Riduan-Henry Berkolaborasi jadi Dirut dan Wadirut, Timothy ke Operasional - Bisnis.com",0.0,4620.0,174404800,1
2025-07-31,BMRI.JK,Saham BMRI Kenapa? - investor.id,0.0,4510.0,155903600,1
2025-07-30,BMRI.JK,"IHSG Koreksi Sehat, Saham Pilihan Hari Ini BMRI, JSMR, MAPA & SRTG - Bareksa.com",0.0,4620.0,141263400,0
2025-07-30,BMRI.JK,"Saham Bank Menarik untuk Investasi Jangka Panjang, Begini Prospeknya - Infobanknews",0.6,4620.0,141263400,0
2025-07-28,BMRI.JK,"Saham Mumpung Murah, Nanti Katanya Bisa Rp 6.000-an - investor.id",0.0,4700.0,112048900,1
2025-07-25,BMRI.JK,"Perbankan Mulai Terbitkan Laporan Keuangan Semester I-2025, Cek Rekomendasi Analis - TradingView",0.0,4690.0,88471700,1
2025-07-23,BMRI.JK,"RUPSLB Bank Mandiri Ada Perubahan Pengurus, Ini Respons Danantara - CNBC Indonesia",0.0,4680.0,115298400,1
2025-07-21,BMRI.JK,Sejarah Bank Mandiri: Himbara yang Loyal Akuisisi - detikFinance,0.0,4680.0,103387400,0
2025-07-21,BMRI.JK,"Meski dalam Tekanan, Saham Perbankan Masih Memiliki Potensi - Kompas.id",-0.6,4680.0,103387400,0
2025-07-18,BMRI.JK,Diam-Diam JP Morgan Akumulasi Saham BMRI Jelang Rilis Lapkeu - CNBC Indonesia,0.0,4740.0,161262400,0
2025-07-18,BMRI.JK,Intip Arah JP Morgan di Saham Bank Jumbo Jelang Laporan Keuangan - CNBC Indonesia,0.0,4740.0,161262400,0
2025-07-17,BMRI.JK,Segini Dividen yang Diterima Jika Punya Satu Lot BBRI hingga BBCA - Bloomberg Technoz,0.6,4720.0,120304000,1
2025-07-15,BMRI.JK,"Saham ANTM, AMRT, BMRI, BRPT & INDF Masuk Underlying SSF - CNBC Indonesia",0.0,4700.0,206958200,0
2025-07-15,BMRI.JK,"Dana Asing Kabur Rp1,17 T, BMRI dan CUAN Masuk 5 Saham Terbanyak Dijual - Infobanknews",-0.6,4700.0,206958200,0
2025-07-15,BMRI.JK,"BSI Bakal Lepas dari Bank Mandiri, Danantara Harus Hati-hati Oleh Warta Ekonomi - Investing.com Indonesia",0.0,4700.0,206958200,0
2025-07-14,BMRI.JK,"BEI Tambah 5 Saham Baru Single Stock Futures: AMRT, ANTM, BMRI, INDF & BRPT - Bareksa.com",0.0,4690.0,429438700,1
2025-07-14,BMRI.JK,"Dibayangi Pergantian Pengurus, Begini Prospek Saham BMRI - Market - Bloomberg Technoz",0.6,4690.0,429438700,1
2025-07-14,BMRI.JK,"Bank Mandiri (BMRI) Bakal Gelar RUPSLB 4 Agustus 2025, Agenda Perombakan Pengurus - TradingView",0.0,4690.0,429438700,1
2025-07-14,BMRI.JK,"Saham Bank BUMN Terkoreksi Tajam, Analis: Momentum Emas untuk Value Investing - InvestorTrust",-0.6,4690.0,429438700,1
2025-07-14,BMRI.JK,Investor Pantau RUPSLB BMRI: Pengurus bakal Diganti - KabarBursa.com,0.0,4690.0,429438700,1
2025-07-14,BMRI.JK,"Gelar RUPSLB, Bank Mandiri (BMRI) Rombak Jajaran Pengurus - Bloomberg Technoz",0.0,4690.0,429438700,1
2025-07-14,BMRI.JK,"Saham Diserbu, Dividen Bisa Rp 340/Saham? - investor.id",0.6,4690.0,429438700,1
2025-07-14,BMRI.JK,"Andai Punya 1 Lot Saham Bank Mandiri, Berapa Dividen yang Didapat? - Kompas.com",0.6,4690.0,429438700,1
2025-07-14,BMRI.JK,Saham Big Bank Koreksi! Peluang Cuan Dividen Sampai 8% Datang Lagi - CNBC Indonesia,0.6,4690.0,429438700,1
2025-07-14,BMRI.JK,Jadwal RUPSLB Bank Mandiri (BMRI) 2025 dan Mata Acaranya - Kompas.com,0.0,4690.0,429438700,1
2025-07-11,BMRI.JK,"Didorong Saham BMRI, IHSG Menguat 0,6% Tembus 7.047 - Bloomberg Technoz",0.6,4970.0,219980300,0
2025-07-11,BMRI.JK,"IHSG menguat 2,65% sepekan, saham perbankan kembali bergairah - IDNFinancials",0.6,4970.0,219980300,0
2025-07-10,BMRI.JK,"Saham BBRI-BMRI Kompak Terbang, Ternyata Ini Penyebabnya - CNBC Indonesia",0.0,4820.0,160889700,1
2025-07-10,BMRI.JK,"IHSG Menguat 0,88%, Saham BBRI dan BMRI Melaju Kencang - Bloomberg Technoz",0.6,4820.0,160889700,1
2025-07-09,BMRI.JK,"Weekly Watchlist: Saham-Saham Potensial ANTM, BMRI, INDF Sepekan (2-9 Juli 2025) - Ajaib",0.0,4710.0,110198500,1
2025-07-08,BMRI.JK,"Harga Saham Blue Chip Koreksi Semester 1 2025, Cek yang Prospek Dibeli Semester 2 Ini - TradingView",0.6,4720.0,132853800,0
2025-07-07,BMRI.JK,Vanguard Group Tercatat Rajin Borong Saham Big Banks Saat Harga Lagi Murah - TradingView,0.0,4740.0,120538300,0
2025-07-04,BMRI.JK,"Danantara Mau Lebur Anak Usaha Mandiri Jadi 3, Respons BMRI: Masih Dicermati - Kompas.com",0.0,4740.0,104170500,0
2025-07-03,BMRI.JK,"Saham Blue Chip & Perbankan Jadi Beban IHSG Tahun Ini, Kenapa? - CNBC Indonesia",-0.6,4740.0,103849000,0
2025-07-01,BMRI.JK,Saham BMRI Kenapa? - investor.id,0.0,4750.0,319875800,1
2025-07-01,BMRI.JK,Bank Mandiri (BMRI) Mau Gelar RUPSLB Awal Bulan Depan - CNBC Indonesia,0.0,4750.0,319875800,1
2025-07-01,BMRI.JK,"Bank Mandiri Bakal Gelar RUPSLB 4 Agustus 2025, Bahas Apa? - Infobanknews",0.0,4750.0,319875800,1
2025-07-01,BMRI.JK,Bank Mandiri Taspen Umumkan Pengunduran Diri Direktur Utama Perseroan - pasardana.id,0.0,4750.0,319875800,1
2025-06-30,BMRI.JK,BMRI Bakal Gelar RUPSLB - investor.id,0.0,4880.0,220479900,0
2025-06-30,BMRI.JK,Adu Kinerja 12 Saham Bank yang Rilis Laporan Mei 2025 - Mikir Duit,0.0,4880.0,220479900,0
2025-06-30,BMRI.JK,Bank Mandiri Bakal Gelar RUPSLB 4 Agustus 2025 - kumparan.com - Kumparan.com,0.0,4880.0,220479900,0
2025-06-26,BMRI.JK,"Sekuritas Ini Revisi Turun Target Laba Bank Mandiri (BMRI), Bagaimana Sahamnya? - InvestorTrust",0.0,5025.0,94704500,0
2025-06-25,BMRI.JK,🏦 BMRI 5M25: Laba Bersih Flat YoY - Stockbit Snips,0.6,4880.0,139963400,1
2025-06-25,BMRI.JK,Asing Kompak Borong Saham BMRI dan BBNI Saat IHSG Bangkit - CNBC Indonesia,0.0,4880.0,139963400,1
2025-06-25,BMRI.JK,"BMRI Bukukan Laba Rp19,7 Triliun hingga Mei 2025, Ini Rekomendasi Sahamnya - Bareksa.com",0.6,4880.0,139963400,1
2025-06-24,BMRI.JK,"Punya Saham BBCA, BBRI, BMRI hingga ICBP. Cuan Reksadana Batavia & Ciptadana Melesat - Bareksa.com",0.0,5025.0,126563900,0
2025-06-24,BMRI.JK,"Laba Bank Mandiri (BMRI) Tumbuh 0,13% pada Mei 2025 - investor.id",0.6,5025.0,126563900,0
2025-06-23,BMRI.JK,Chart dan Harga Saham BMRI — IDX:BMRI - TradingView,0.0,4920.0,119439200,1
2025-06-23,BMRI.JK,"Saham Bank LQ45 Memerah saat IHSG Turun pada Senin (23/6), Ada BBRI, BMRI, dan BBCA - kontan.co.id",-0.6,4920.0,119439200,1
2025-06-23,BMRI.JK,"Tanda-tanda Perang Dunia 3 Muncul, Big Caps Berguguran - Bloomberg Technoz",0.0,4920.0,119439200,1
2025-06-19,BMRI.JK,"Tiga Bank Jumbo jadi Kreditur Utama Chandra Daya Investasi (CDIA) yang IPO Rp2,37 Triliun - Bisnis.com",0.0,4970.0,114769600,0
2025-06-18,BMRI.JK,"Perang Iran-Israel: Saham Bank Tertekan, Saham Migas Naik Terbatas - Kompas.id",0.6,5075.0,53353000,0
2025-06-17,BMRI.JK,"Rangkuman Rekomendasi Saham Hari Ini, 17 Juni 2025 - Bloomberg Technoz",0.0,5100.0,70657700,0
2025-06-17,BMRI.JK,Remala Abadi (DATA) Raih Fasilitas Kredit Rp220 Miliar dari Bank Mandiri - Bisnis.com,0.0,5100.0,70657700,0
2025-06-17,BMRI.JK,"Livin’ by Mandiri Punya Tampilan Baru, Nasabah Makin Mudah Akses Produk dan Layanan Finansial - Liputan6.com",0.0,5100.0,70657700,0
2025-06-16,BMRI.JK,Remala Abadi (DATA) Raih Fasilitas Kredit Rp 220 Miliar dari Bank Mandiri - kontan.co.id,0.0,5150.0,61695600,0
2025-06-13,BMRI.JK,"Potensi Saham Bank Naik di Juli-Agustus Capai 80%, Ini Rekomendasi Investasinya! - Bareksa.com",0.6,5150.0,128071000,0
2025-06-11,BMRI.JK,Salah Satu Pemegang Saham Bank Panin (PNBN) Jual Seluruh Saham Miliknya - kontan.co.id,-0.6,5200.0,90666100,0
2025-06-10,BMRI.JK,"Pegang BREN, PTRO, BBCA & BMRI, Reksadana Saham Syailendra & Henan Putihrai Melesat 2% Sehari - Bareksa.com",0.0,5250.0,158265000,0
2025-06-10,BMRI.JK,Weekly Watchlist: Saham-Saham Potensial Sepekan (3-10 Juni 2025) - Ajaib,0.0,5250.0,158265000,0
2025-06-10,BMRI.JK,Menimbang Untung-Rugi Spin Off BSI (BRIS) dari Bank Raksasa BUMN - Katadata.co.id,0.0,5250.0,158265000,0
2025-06-10,BMRI.JK,"Lepas dari Bank Mandiri, Aset Rp401 Triliun BSI Bakal Masuk ke Kantong Danantara - Warta Ekonomi",0.0,5250.0,158265000,0
2025-06-05,BMRI.JK,Untung Buntung Rencana Pemisahan BSI (BRIS) dari Mandiri (BMRI) ke Danantara - Bisnis.com,0.6,5075.0,69179700,1
2025-06-04,BMRI.JK,Erick Thohir: Spin off BRIS dari Bank Mandiri masih dikaji - IDNFinancials,0.0,5025.0,139577800,1
2025-06-04,BMRI.JK,"Mau Pisah dari Bank Mandiri (BMRI), BSI (BRIS) Buka Suara - CNBC Indonesia",0.0,5025.0,139577800,1
2025-06-04,BMRI.JK,"BSI Angkat Suara Soal Spin Off ke Danantara, Ini Penjelasannya - Infobanknews",0.0,5025.0,139577800,1
2025-06-04,BMRI.JK,BSI Buka Suara soal Spin Off dari Bank Mandiri: Tetap on the Track - kumparan.com - Kumparan.com,0.0,5025.0,139577800,1
2025-06-04,BMRI.JK,"BSI Bakal Naik Kelas, Siap Lepas dari Mandiri dan Berada di Bawah Kendali Danantara - Towa.co.id",0.6,5025.0,139577800,1
2025-06-04,BMRI.JK,"Danantara Dikabarkan Bakal Akuisisi BSI, Pemerintah Beri Penjelasan - Kompas.com",0.0,5025.0,139577800,1
2025-06-03,BMRI.JK,"Pelemahan 4 Saham Big Bank Tekan IHSG, Intip kembali Target Harga BBCA, BBRI, BMRI, dan BBNI - InvestorTrust",0.0,5050.0,169321800,0
2025-06-03,BMRI.JK,Tiga Skema Peluang Danantara Ambil Alih BRIS dari BMRI dkk - Mikir Duit,0.0,5050.0,169321800,0
2025-06-03,BMRI.JK,"Saham Perbankan Masih Melanjutkan Tren Pelemahan, Simak Rekomendasi Analis - kontan.co.id",0.0,5050.0,169321800,0
2025-06-03,BMRI.JK,Penyebab Saham Bank Keok: Data Ekonomi Hingga Profit Taking - CNBC Indonesia,0.0,5050.0,169321800,0
2025-06-03,BMRI.JK,"BSI (BRIS) Bakal Naik Kasta, Langsung di Bawah Kendali Danantara - Bisnis.com",0.6,5050.0,169321800,0
2025-06-03,BMRI.JK,"Cek Tingkat Kurs Dollar-Rupiah di Bank Mandiri, BCA, BNI, dan BRI Hari Selasa (3/6) - kontan.co.id",0.0,5050.0,169321800,0
2025-06-02,BMRI.JK,"Bank Mandiri (BMRI) Hadapi Tekanan Margin, Tapi Prospek Tetap Tangguh di 2025 - kontan.co.id",0.0,5075.0,373474500,0
2025-06-02,BMRI.JK,Erick Thohir Buka Suara soal Kabar BSI dari Bank Mandiri Pisah - Bloomberg Technoz,0.0,5075.0,373474500,0
2025-06-02,BMRI.JK,Saham Bank Syariah Indonesia (BRIS) Anjlok di Tengah Kabar Spin-Off Bank BSI - kontan.co.id,-0.6,5075.0,373474500,0
2025-06-02,BMRI.JK,Erick Thohir Buka Suara soal BSI Bakal Spin Off dari Bank Mandiri - kumparan.com - Kumparan.com,0.0,5075.0,373474500,0
2025-06-02,BMRI.JK,"Saham Bank Raksasa RI Anjlok, IHSG Makin Tertekan - Radar Kediri",-0.6,5075.0,373474500,0
2025-06-02,BMRI.JK,Erick Thohir Buka-bukaan Kabar BSI Spin Off dari Bank Mandiri - detikFinance,0.0,5075.0,373474500,0
2025-05-27,BMRI.JK,Bank Mandiri Pindah Kantor Pusat Mulai 2 Juni 2025 - ntvnews.id,0.0,5400.0,86083800,0
2025-05-26,BMRI.JK,"Bank Mandiri (BMRI) Pindah Kantor Pusat, Diambil Alih Danantara? - investor.id",0.0,5475.0,102960800,0
2025-05-22,BMRI.JK,RUPST Bank Jatim (BJTM) Angkat Bankir Mandiri (BMRI) jadi Dirut - Bisnis.com,0.0,5450.0,137585600,0
2025-05-21,BMRI.JK,"Koleksi Saham ANTM, BBRI, BMRI, BBCA hingga PGAS, Cuan Reksadana Manulife dan Schroder Ngegas - Bareksa.com",0.0,5450.0,167239400,0
2025-05-21,BMRI.JK,"Rekomendasi Saham BBRI, BBNI, BMRI, BBCA Jelang Keputusan BI Rate - Bloomberg Technoz",0.0,5450.0,167239400,0
2025-05-19,BMRI.JK,"Punya Saham BBRI, BMRI, PTBA, hingga MDKA, Cuan Reksadana Campuran Demina & Trimegah Melesat - Bareksa.com",0.0,5525.0,191440600,0
2025-05-19,BMRI.JK,"Saham SMGA Menguat 25,87 Dalam 3 Hari: Aksi Akuisisi Perkuat Rantai Pasok, Hilirisasi Jadi Fokus Utama! - Sinar Harapan - Sinar Harapan",0.6,5525.0,191440600,0
2025-05-19,BMRI.JK,BRI vs BNI vs Bank Mandiri: Siapa Paling Royal Bagi Dividen Tahun Ini? - CNBC Indonesia,0.6,5525.0,191440600,0
2025-05-19,BMRI.JK,"Pertumbuhan Kredit Melambat, Bank Mandiri Soroti Pelemahan Kredit UMKM - Warta Ekonomi",0.6,5525.0,191440600,0
2025-05-15,BMRI.JK,"Punya Saham BMRI, BBNI, BBRI, dan JPFA, Cuan Reksadana Saham Sucorinvest Melambung - Bareksa.com",0.0,5325.0,300147300,1
2025-05-15,BMRI.JK,"Saham bank kembali jadi penopang IHSG, tarik dana investor asing - IDNFinancials",0.0,5325.0,300147300,1
2025-05-14,BMRI.JK,"Mengejutkan! Investor Asing Net Buy Saham Rp 2,83 Triliun dalam Sehari, BBRI Akhirnya Memimpin - InvestorTrust",0.0,5050.0,342468200,1
2025-05-09,BMRI.JK,RUPST Perusahaan Plat Merah yang Sudah Memutuskan Pembagian Dividen - Tempo.co,0.6,4770.0,164014200,1
2025-05-07,BMRI.JK,Bank DKI Kantongi Restu IPO dari Pemegang Saham - Ajaib,0.0,4950.0,100674600,0
2025-05-05,BMRI.JK,Bank Mandiri Jadi Champion of the Year dan Raih 12 Penghargaan di Ajang Employee Experience Awards 2025 - Liputan6.com,0.0,4980.0,154073100,0
2025-04-30,BMRI.JK,"Kinerja BMRI Kuartal I 2025 Sesuai Ekspektasi, Ini Rekomendasi Sahamnya! - Bareksa.com",0.0,4890.0,278360600,1
2025-04-30,BMRI.JK,Cara Cek Rekomendasi Analis & Target Harga Saham di Ajaib Sebelum Beli Saham! - Ajaib,0.0,4890.0,278360600,1
2025-04-29,BMRI.JK,Analisis Lengkap Fundamental Saham BUMN Danantara 2025 - KabarBursa.com,0.0,4940.0,108857600,0
2025-04-25,BMRI.JK,"UBS Overweight Saham RI - Goldman Sach Update Rating Big Bank, Sinyal Mulai Bangkit? - Mikir Duit",0.0,4900.0,134208400,1
2025-04-25,BMRI.JK,FILM Informasikan Rencana Right Issue 989.778.796 Saham Baru senilai Rp100 per Saham - pasardana.id,0.0,4900.0,134208400,1
2025-04-24,BMRI.JK,Bos BCA Buka Suara Terkait Pelemahan Harga Saham Perbankan - kontan.co.id,0.0,4890.0,282970000,1
2025-04-23,BMRI.JK,"Segini Besaran Dividen BBRI 2025, Cair Hari Ini - Liputan6.com",0.6,4900.0,273395600,0
2025-04-21,BMRI.JK,BPJS Ketenagakerjaan Serok Saat Asing Obral Saham Big Cap - BPJS Ketenagakerjaan,0.0,4610.0,83034600,1
2025-04-21,BMRI.JK,Cuan Dividen Pasca Lebaran: Ini Daftar Emiten & Jadwalnya - Ajaib,0.6,4610.0,83034600,1
2025-04-17,BMRI.JK,"Harga Emas Hampir Rp2 Juta, Investasi 10 Tahun Lebih Cuan Dari Saham? - CNBC Indonesia",0.0,4600.0,165381400,1
2025-04-16,BMRI.JK,"Daftar Bunga Kredit Bank Mandiri, BCA, BNI, BRI, BTN April 2025 - Bloomberg Technoz",0.0,4630.0,201660000,0
2025-04-15,BMRI.JK,"Profil dan Rekam Jejak Riduan, Wakil Direktur Utama Bank Mandiri (BMRI) yang Pernah Urus BPJS Kesehatan - The Econopost",0.0,4710.0,230981700,0
2025-04-14,BMRI.JK,Penyebab Saham Bank Mandiri (BMRI) Turun Tajam 7% di Sesi I - Bloomberg Technoz,-0.6,4750.0,423716000,0
2025-04-14,BMRI.JK,Nasib Saham Bank Mandiri (BMRI) - investor.id,0.0,4750.0,423716000,0
2025-04-14,BMRI.JK,"BMRI Anjlok Terdalam, Jadi Pemberat Sektor Perbankan - KabarBursa.com",-0.6,4750.0,423716000,0
2025-04-14,BMRI.JK,"BMRI Terus Jadi Sasaran Jual Asing, Buy or Bye? - KabarBursa.com",-0.6,4750.0,423716000,0
2025-04-14,BMRI.JK,"Goldman’s Latest Stock Outlook and Target Prices for BBRI, BBCA, BMRI, BBNI - Bisnis Indonesia Premium",0.0,4750.0,423716000,0
2025-04-14,BMRI.JK,Besaran Dividen BMRI 2025 Per Lembar dan Jadwal Pembagian - Tirto.id,0.6,4750.0,423716000,0
2025-04-14,BMRI.JK,Saham Allo Bank (BBHI) Anjlok Nyaris 48% dalam Setahun - Bloomberg Technoz,-0.6,4750.0,423716000,0
2025-04-11,BMRI.JK,"Segini Harga Wajar Saham BMRI, Dividennya juga Rp 466/Saham - investor.id",0.6,5100.0,384917500,0
2025-04-11,BMRI.JK,"Buy On Weakness: Modal Rp500 Ribu, Cuan Hampir Rp1 Juta Hitungan Hari - CNBC Indonesia",0.0,5100.0,384917500,0
2025-04-11,BMRI.JK,"Dimulai Hari Ini (11/4), Pembayaran Dividen Saham Blue Chip Bank Ini Masuk Cum Date - kontan.co.id",0.6,5100.0,384917500,0
2025-04-11,BMRI.JK,"'Dua Badai' Terjang Saham BBNI, Investor Belum Mau Buy? - Bloomberg Technoz",0.0,5100.0,384917500,0
2025-04-11,BMRI.JK,"Daftar Bunga Kredit Bank Mandiri, BCA, BNI, BRI, BTN April 2025 - Finansial - Bloomberg Technoz",0.0,5100.0,384917500,0
2025-04-11,BMRI.JK,"4 Bank BUMN Bagi Dividen, Cek Waktu Beli & Pembayaran - CNBC Indonesia",0.6,5100.0,384917500,0
2025-04-11,BMRI.JK,Allo Bank Tebar Deviden Rp233 M - CNN Indonesia,0.0,5100.0,384917500,0
2025-04-10,BMRI.JK,Kamu Punya Saham BBRI dan BMRI di Harga Atas? Terapkan Strategi Ini! - Bareksa.com,0.0,5025.0,559966600,1
2025-04-10,BMRI.JK,"Saham BMRI, BBRI, BBNI, Sampai BBCA Sudah Murah, Saatnya Masuk? - Bloomberg Technoz",0.0,5025.0,559966600,1
2025-04-10,BMRI.JK,"Dimulai Hari Ini (11/4), Pembayaran Dividen Saham Blue Chip Bank Ini Masuk Cum Date - TradingView",0.6,5025.0,559966600,1
2025-04-10,BMRI.JK,"Saham Bank Pelat Merah Menguat Jelang Cum Date, Cek Rekomendasi Analis - TradingView",0.6,5025.0,559966600,1
2025-04-10,BMRI.JK,"Jadwal Bagi-bagi Dividen BMRI Rp43 T, Cum Date 11 April - Bloomberg Technoz",0.6,5025.0,559966600,1
2025-04-10,BMRI.JK,"Simak! Jadwal Pembagian Dividen “Gemuk” BRI, Bank Mandiri, BNI, dan BTN - Infobanknews",0.6,5025.0,559966600,1
2025-04-10,BMRI.JK,"4 Bank BUMN Bagi Dividen, Cek Waktu Beli & Pembayaran - Bloomberg Technoz",0.6,5025.0,559966600,1
2025-04-10,BMRI.JK,"4 Bank BUMN Bagi Dividen, Cek Waktu Beli & Pembayaran - Market - Bloomberg Technoz",0.6,5025.0,559966600,1
2025-04-09,BMRI.JK,"Harga Saham Rontok, 4 Saham Blue Chip Ini Akan Bayar Dividen Jumbo Rp 109,9 T - TradingView",0.6,4710.0,316821100,1
2025-04-09,BMRI.JK,"JPMorgan Serok Saham Bank Blue Chip, dari BCA hingga Mandiri saat IHSG Jatuh - Bisnis Indonesia Premium",0.0,4710.0,316821100,1
2025-04-09,BMRI.JK,"Danantara Bakal Dapat Guyuran Dividen Bank BUMN Rp 59,11 Triliun pada Akhir April - kontan.co.id",0.6,4710.0,316821100,1
2025-04-09,BMRI.JK,"IHSG jatuh, Dividen 12 Emiten Ini Jadi Jumbo: Ada Mandiri - CNBC Indonesia",0.6,4710.0,316821100,1
2025-04-09,BMRI.JK,"Saham Mercy Harga Bajaj Diburu Investor, Harga Mulai Beterbangan - CNBC Indonesia",0.0,4710.0,316821100,1
2025-04-08,BMRI.JK,Bursa Efek Jakarta & Indonesia | Pasar Keuangan Indonesia - IDNFinancials,0.0,4670.0,738455000,1
2025-04-08,BMRI.JK,"IHSG Jeblok, Peluang Saham Big Bank Jelang Cum-date Dividen Jumbo - Mikir Duit",0.6,4670.0,738455000,1
2025-04-08,BMRI.JK,"Saham Bank Jumbo (BBCA, BMRI, BBNI, BBRI) Merosot usai Trading Halt Dibuka - Bisnis.com",-0.6,4670.0,738455000,1
2025-04-08,BMRI.JK,"IHSG Berpeluang Menguat Terbatas, Berikut 4 Saham Rekomendasi Analis - Infobanknews",0.6,4670.0,738455000,1
2025-04-08,BMRI.JK,"Saham BBCA, BMRI hingga TLKM Ambrol Berjamaah, IHSG Auto Kena Trading Halt - Bisnis.com",0.0,4670.0,738455000,1
2025-04-08,BMRI.JK,"Jadwal Cum Dividen Triliunan Pekan Ini, Ada BMRI, BBRI hingga EXCL - Bisnis.com",0.6,4670.0,738455000,1
2025-04-08,BMRI.JK,Harga Saham Himbara Rontok di Tengah Penugasan Danantara hingga Koperasi Desa Merah Putih - Tempo.co,0.0,4670.0,738455000,1
2025-04-08,BMRI.JK,"Kurs USD Hari Ini 8 April 2025 di BCA, BRI, Bank Mandiri, dan BNI - Liputan6.com",0.0,4670.0,738455000,1
2025-03-27,BMRI.JK,"Bank Mandiri Bagikan Dividen setelah Lebaran, Catat Jadwalnya - Tempo.co",0.6,5200.0,301025300,0
2025-03-27,BMRI.JK,"Bank Mandiri (BMRI) Kasih Dividen Rp 43,5 Triliun, Catat Tanggalnya - CNBC Indonesia",0.6,5200.0,301025300,0
2025-03-27,BMRI.JK,"Jadwal Dividen Bank Mandiri (BMRI) Keluar, Per Sahamnya Segini - investor.id",0.6,5200.0,301025300,0
2025-03-27,BMRI.JK,Catat! Ini Jadwal Lengkap Pembagian Dividen Bank Mandiri (BMRI) - Bisnis.com,0.6,5200.0,301025300,0
2025-03-27,BMRI.JK,"Perbandingan Yield Dividen Bank BUMN (BBRI, BMRI, BBNI, dan BBTN) - Bisnis.com",0.6,5200.0,301025300,0
2025-03-27,BMRI.JK,Danantara Bisa Dapat Modal Rp59 T dari Dividen Empat Bank BUMN - Bloomberg Technoz,0.6,5200.0,301025300,0
2025-03-26,BMRI.JK,"Saham Bank BUMN Terbang Tinggi, BBNI 8,9%, BMRI 8,6%, BBRI 5,3% - CNBC Indonesia",0.0,5150.0,582172700,1
2025-03-26,BMRI.JK,"Ini Dividen Jumbo yang Diraih Danantara dari BMRI, BBRI dan BBNI - Bareksa.com",0.6,5150.0,582172700,1
2025-03-26,BMRI.JK,"Reksadana Schroder dan Manulife Cuan 5% Sehari, Punya Saham BBRI, BBCA, BMRI, hingga BBNI - Bareksa.com",0.0,5150.0,582172700,1
2025-03-26,BMRI.JK,"Tak Hanya BBRI & BMRI, Lo Kheng Hong juga Serok Saham Ini - investor.id",0.0,5150.0,582172700,1
2025-03-26,BMRI.JK,Dividen Bank Mandiri Tawarkan Yield Lebih dari 9% - KONTAN,0.6,5150.0,582172700,1
2025-03-26,BMRI.JK,Saham BMRI Reli 2 Hari Beruntun! Aksi Buyback dan Dividen Jumbo Jadi Angin Segar - Sinar Harapan - Sinar Harapan,0.6,5150.0,582172700,1
2025-03-26,BMRI.JK,Dirut Bank Mandiri: Besaran dividen tunjukkan dukungan pemegang saham - ANTARA News Lampung,0.6,5150.0,582172700,1
2025-03-25,BMRI.JK,Saham Bank Mandiri (BMRI) Melesat Usai Putuskan Bagi Dividen Jumbo - CNBC Indonesia,0.6,4740.0,313034100,1
2025-03-25,BMRI.JK,"Bank Mandiri Bagikan Dividen Rp43,5 Triliun dan Payout Ratio 78%, Ini Rekomendasi Saham BMRI - Bareksa.com",0.6,4740.0,313034100,1
2025-03-25,BMRI.JK,"Sentimen Positif Jelang Lebaran, Ini Ide Trading Saham BBRI, BMRI, BBNI dan BBCA - Bareksa.com",0.6,4740.0,313034100,1
2025-03-25,BMRI.JK,"Bank Mandiri (BMRI) Bagikan Dividen Rp43 T, Setara Rp466/Saham - Bloomberg Technoz",0.6,4740.0,313034100,1
2025-03-25,BMRI.JK,Lo Kheng Hong Punya Saham Bank Mandiri (BMRI) - investor.id,0.0,4740.0,313034100,1
2025-03-25,BMRI.JK,Antrean Pemegang Saham Bank Mandiri Mengular Jelang RUPS Tahunan - Bloomberg Technoz,0.0,4740.0,313034100,1
2025-03-25,BMRI.JK,"Kuswiyoto Jadi Komut Gantikan Chatib Basri, Darmawan Junaidi Tetap Dirut Bank Mandiri - InvestorTrust",0.0,4740.0,313034100,1
2025-03-25,BMRI.JK,"Usai BBRI, Giliran BMRI Masuk Daftar Portofolio Lo Kheng Hong - Bloomberg Technoz",0.0,4740.0,313034100,1
2025-03-25,BMRI.JK,"RUPST Bank Mandiri Digelar Hari Ini, Simak Bocoran Besaran Dividennya - Infobanknews",0.6,4740.0,313034100,1
2025-03-25,BMRI.JK,"Bank Mandiri Akan Bagikan Dividen Rp 43,51 Triliun atau Rp 466,18 per Saham - Tempo.co",0.6,4740.0,313034100,1
2025-03-25,BMRI.JK,"Tok! Bank Mandiri Akan Bagikan Dividen Rp43,5 T atau Rp466 per Saham - CNBC Indonesia",0.6,4740.0,313034100,1
2025-03-25,BMRI.JK,"RUPST 2025 Setujui Perombakan Direktur Bank Mandiri (BMRI), Ini Susunan Terbarunya! - kontan.co.id",0.0,4740.0,313034100,1
2025-03-25,BMRI.JK,"Alexandra Terpental, Riduan Dampingi Darmawan Junaidi sebagai Dirut dan Wadirut BMRI - kontan.co.id",0.0,4740.0,313034100,1
2025-03-25,BMRI.JK,"Bank Mandiri (BMRI) Putuskan Bagi Dividen Rp43,5 Triliun atau Rp466,18 per Saham - Bisnis.com",0.6,4740.0,313034100,1
2025-03-25,BMRI.JK,Daftar Lengkap Jajaran Direksi Bank Mandiri (BMRI) Usai RUPS - Bloomberg Technoz,0.0,4740.0,313034100,1
2025-03-25,BMRI.JK,"Bank Mandiri Kantongi Izin Buyback Saham Maksimal Rp1,17 Triliun - Bloomberg Technoz",0.6,4740.0,313034100,1
2025-03-25,BMRI.JK,"Hasil RUPS Bank Mandiri: Pembagian Dividen, Perombakan Direksi dan Komisaris - Kompas.com",0.6,4740.0,313034100,1
2025-03-24,BMRI.JK,Holding operasional Danantara terima 52% saham BMRI - IDNFinancials,0.0,4460.0,319017400,1
2025-03-24,BMRI.JK,BMRI Informasikan Adanya Pengalihan Kepemilikan Saham Seri B Perseroan Milik Negara Republik Indonesia kepada PT Biro Klasifikasi Indonesia - pasardana.id,0.0,4460.0,319017400,1
2025-03-24,BMRI.JK,Danantara operational holding receives 52% of BMRI shares - IDNFinancials,0.0,4460.0,319017400,1
2025-03-24,BMRI.JK,Dua Direktur Bank Mandiri (BMRI) Masuk dalam Kepengurusan Danantara - kontan.co.id,0.0,4460.0,319017400,1
2025-03-24,BMRI.JK,Dapen Bank Mandiri Sebut Penempatan Investasi di Saham Masih Stabil per Februari 2025 - kontan.co.id,0.0,4460.0,319017400,1
2025-03-21,BMRI.JK,BMRI Rencanakan Buyback Sebesar Rp1.17 Triliun - pasardana.id,0.6,4410.0,374396400,1
2025-03-20,BMRI.JK,"Saham Bank Mandiri (BMRI) Laris, Bisa Berapa Dividen per Sahamnya? - investor.id",0.6,4620.0,138209700,0
2025-03-20,BMRI.JK,Proyeksi Dividen Saham Bank BUMN Jelang RUPS Pekan Depan - Mikir Duit,0.6,4620.0,138209700,0
2025-03-20,BMRI.JK,"BMRI Rilis Global Bond Senilai Rp13 T, Oversubscribed 3 Kali - Bloomberg Technoz",0.0,4620.0,138209700,0
2025-03-19,BMRI.JK,"OJK Rilis Buyback Tanpa RUPS, Ini 11 Saham yang Mau Buyback - Mikir Duit",0.6,4680.0,273084900,0
2025-03-17,BMRI.JK,Simak! Historis Dividen Bank Mandiri (BMRI) selama 5 Tahun Terakhir - Bisnis.com,0.6,4680.0,135692800,0
2025-03-14,BMRI.JK,Saham Bank Besar RI Bagi Dividen: Saatnya Borong - Bloomberg Technoz,0.6,4740.0,154331400,0
2025-03-13,BMRI.JK,"Manuver Emiten Bank: BBRI, BBNI, BMRI, BNGA dan NISP Buyback Saham - Bisnis.com",0.6,4740.0,176286000,0
2025-03-12,BMRI.JK,"Pegang ICBP, AMMN, BBCA, & BMRI, Cuan Reksadana Saham Sinarmas dan Ciptadana Melesat - Bareksa.com",0.0,4880.0,129973900,0
2025-03-11,BMRI.JK,PEFINDO Tetapkan Peringkat idAAA dengan Prospek Stabil untuk Bank Mandiri Taspen - pasardana.id,0.6,4740.0,150738100,1
2025-03-10,BMRI.JK,"Goldman Sachs Pangkas Rating Saham RI! Saatnya Borong BBRI, BMRI, BBCA & BBNI? - Bareksa.com",0.0,4710.0,231152200,1
2025-03-10,BMRI.JK,"Saham Bank Besar RI Undervalued, BBRI Jadi Pilihan Utama - Bloomberg Technoz",0.6,4710.0,231152200,1
2025-03-07,BMRI.JK,Laba bersih BBNI melesat kalahkan 3 big banks lain awal tahun ini - IDNFinancials,0.6,4840.0,117916600,0
2025-03-04,BMRI.JK,"Hati-Hati, Level Bottom Saham Bank Sulit Diprediksi - KONTAN",0.0,4840.0,144346500,1
2025-03-03,BMRI.JK,"JP Morgan Ubah Pandangan untuk Saham BMRI, Lebih Bullish - Bloomberg Technoz",0.0,4900.0,257118300,0
2025-02-27,BMRI.JK,"IHSG Anjlok, Saatnya Cuan dari Saham BBRI, BBCA, dan BMRI Seperti 2018? - Bareksa.com",-0.6,4660.0,334919800,0
2025-02-26,BMRI.JK,"Dividen 3 Saham Blue Chip Ini Diprediksi Rp 97 T, Mana yang Prospek Investasi Bagus? - TradingView",0.6,4920.0,161836900,0
2025-02-26,BMRI.JK,Bank Mandiri (BMRI) Mulai Unjuk Gigi - investor.id,0.0,4920.0,161836900,0
2025-02-25,BMRI.JK,Bank Mandiri (BMRI) Raup Laba Segini di Januari - investor.id,0.6,4870.0,224607800,1
2025-02-24,BMRI.JK,Menilik Dampak Kehadiran Danantara ke Kinerja Pasar Saham - TradingView,0.0,5025.0,127578500,0
2025-02-24,BMRI.JK,"Danantara Resmi Terbentuk, OJK Tetap Awasi Ketat BBRI, BMRI dan BBNI - Bareksa.com",0.0,5025.0,127578500,0
2025-02-24,BMRI.JK,Gerak Saham BUMN yang Masuk ke Danantara - Bloomberg Technoz,0.0,5025.0,127578500,0
2025-02-20,BMRI.JK,"Jelang Peluncuran Danantara, Saham Bank BUMN Termasuk BBRI Terkoreksi, Kenapa? - Bareksa.com",-0.6,5150.0,98363500,0
2025-02-20,BMRI.JK,"Buy Saham BBCA, BBRI, BBNI, BMRI, dan BRIS, Berikut Penjelasan Sejumlah Analis - kontan.co.id",0.0,5150.0,98363500,0
2025-02-17,BMRI.JK,"Bank Mandiri (BMRI) Siapkan Dana Rp 1,17 Triliun untuk Buyback Saham - Ajaib",0.6,5425.0,223837300,1
2025-02-17,BMRI.JK,"Wadirut Bank Mandiri Alexandra Askandar Borong Saham BMRI, Segini Nilainya - Infobanknews",0.0,5425.0,223837300,1
2025-02-17,BMRI.JK,"Melesat 3% Sehari, Reksadana Saham Syailendra Pegang BBCA, BBRI, BMRI dan TLKM - Bareksa.com",0.0,5425.0,223837300,1
2025-02-14,BMRI.JK,"Dividen Bank BUMN: BBRI, BMRI, dan BBNI Kompak Bagi Dividen Jumbo! - Ajaib",0.6,5125.0,239709300,1
2025-02-12,BMRI.JK,"Bakal Tebar Dividen Jumbo, Intip Bocoran Dividen BBRI, BMRI, dan BBNI - TradingView",0.6,4940.0,225073300,1
2025-02-11,BMRI.JK,Strategi Investasi Terbaik di Saham BMRI dan Big Bank Lainnya Saat Koreksi - Mikir Duit,0.0,4880.0,316743200,1
2025-02-11,BMRI.JK,"Saham Bank Mandiri Turun sampai di Bawah Rp 5.000, Apa Penyebabnya? - Kompas.com",-0.6,4880.0,316743200,1
2025-02-11,BMRI.JK,Begini Tanggapan Bank Mandiri soal Harga Saham Turun di Bawah Rp5.000 - Infobanknews,-0.6,4880.0,316743200,1
2025-02-07,BMRI.JK,"Ramalan BMRI di Akhir 2025, Ruang Kenaikan Lebar - investor.id",0.6,5150.0,407896100,0
2025-02-07,BMRI.JK,"Tren Koreksi Berlanjut, Kekayaan Direksi Bank Mandiri dari Saham Turun Rp 46,06 M - kontan.co.id",-0.6,5150.0,407896100,0
2025-02-06,BMRI.JK,"BMRI, BBRI, BBNI, TLKM, ANTM, PTBA hingga PGEO Masuk Danantara, Cek Prospek & Potensi Cuan - Bareksa.com",0.6,5100.0,642118700,1
2025-02-06,BMRI.JK,Yuk Berhitung Potensi Dividen Bank Big Cap - TradingView,0.6,5100.0,642118700,1
2025-02-06,BMRI.JK,Mau Cari Cuan dari Dividen Big Banks? Begini Rekomendasi Para Analis - TradingView,0.6,5100.0,642118700,1
2025-02-05,BMRI.JK,"BMRI Raup Laba Jumbo di 2024, Berapa Dividen & Target Harga Saham 2025? - Bareksa.com",0.6,5525.0,185656000,0
2025-02-05,BMRI.JK,Begini Gerak Saham Bank Mandiri Usai Rilis Kinerja Keuangan 2024 - Infobanknews,0.0,5525.0,185656000,0
2025-02-05,BMRI.JK,Begini Upaya Bank Mandiri (BMRI) Perkuat CASA di 2025 - InvestorTrust,0.0,5525.0,185656000,0
2025-02-05,BMRI.JK,"WOW! Laba Bank Mandiri 2024 Tembus Rp55,8 Triliun, Saatnya Borong Saham BMRI? - Bareksa.com",0.6,5525.0,185656000,0
2025-02-05,BMRI.JK,"BPI Danantara Terbentuk, Analis Ini Sarankan Cermati Saham BBRI, BMRI, dan TLKM - TradingView",0.0,5525.0,185656000,0
2025-02-05,BMRI.JK,Kisi-kisi Pembagian Dividen BMRI Usai Cetak Laba Rp55 T - Market - Bloomberg Technoz,0.6,5525.0,185656000,0
2025-02-05,BMRI.JK,"Ini Bocoran Dividen Bank Mandiri (BMRI), BNI (BBNI) & BCA (BBCA) - CNBC Indonesia",0.6,5525.0,185656000,0
2025-02-03,BMRI.JK,Saham Bank Mandiri (BMRI) Terpantau Melemah Di Perdagangan Sesi Pertama Senin (3/2) - kontan.co.id,-0.6,5800.0,182181700,0
2025-01-22,BMRI.JK,"Saham-saham Pilihan Asing di Awal Tahun 2025, Ada BBRI, BMRI, BREN hingga TLKM - Bareksa.com",0.0,6150.0,117929800,1
2025-01-20,BMRI.JK,"Ada BBRI, BMRI, BBNI dan PTRO dalam Portofolio, Cuan Reksadana Saham Trimegah Melesat - Bareksa.com",0.0,6000.0,84338400,1
2025-01-13,BMRI.JK,"Harga BBRI, BMRI, BBCA dan BBNI Semakin Murah, Saatnya Serok Saham Big Banks? - Bareksa.com",0.0,5525.0,99953900,0
2025-01-13,BMRI.JK,Proyeksi Laba & Target Harga Saham Big Bank pada 2025 Menurut Analis - CNBC Indonesia,0.6,5525.0,99953900,0
2025-01-08,BMRI.JK,"Target Harga dan Rekomendasi Saham BBCA, BMRI, BBRI, dan BBNI - Bloomberg Technoz",0.0,5750.0,118246100,0
2024-12-30,BMRI.JK,"Rotasi Top 10 Big Cap pada 2024: BREN di Puncak, ASII dan BBNI Terdepak - TradingView",0.0,5700.0,96782100,1
2024-12-30,BMRI.JK,"IHSG Sesi Siang Merosot 12,86 Poin, Saham BMRI Paling Banyak Dibeli investor - Warta Ekonomi",-0.6,5700.0,96782100,1
2024-12-24,BMRI.JK,"Tingkatkan Literasi Keuangan, Bank Mandiri Kenalkan Produk Perbankan ke 93.000 Pelajar di Indonesia - Liputan6.com",0.0,5750.0,41240900,1
2024-12-23,BMRI.JK,"Bedah Saham BMRI, Bagaimana Rekomendasinya di 2024? - Ajaib",0.0,5825.0,82910100,0
2024-12-23,BMRI.JK,Panduan Jual dan Beli Saham di Livin’ by Mandiri - The Econopost,-0.6,5825.0,82910100,0
2024-12-18,BMRI.JK,Bank Mandiri Perkuat Kolaborasi dengan K3MART untuk Perluas Ekosistem Pembayaran - Liputan6.com,0.0,5825.0,153164600,0
2024-12-13,BMRI.JK,"Meneropong Prospek Saham Emiten Bank di 2025, Seperti Apa Rekomendasinya - kontan.co.id",0.6,6025.0,135581400,1
2024-12-13,BMRI.JK,Bank Mandiri Rilis Livin' by Mandiri di Timor-Leste untuk Perkuat Bisnis Internasional - Liputan6.com,0.0,6025.0,135581400,1
2024-12-06,BMRI.JK,"Bank Mandiri (BMRI) Borong 2,4 Miliar Saham MUF, Ini Alasannya - CNBC Indonesia",0.0,6225.0,75989700,1
2024-12-05,BMRI.JK,"Antisipasi Lonjakan Saat Nataru, BMRI Siapkan Uang Tunai Rp26 T - Bloomberg Technoz",0.0,6150.0,69528700,1
2024-12-05,BMRI.JK,"Bank Mandiri Resmi Jadi Pemegang Saham Mayoritas MUF, Kepemilikan 99% - The Asian Post",0.0,6150.0,69528700,1
2024-12-05,BMRI.JK,"Bank Mandiri Kini Kuasai 99,99 Persen Saham Mandiri Utama Finance - Kompas.com",0.0,6150.0,69528700,1
2024-12-05,BMRI.JK,"Dana Pensiun Bank Mandiri Catat Pertumbuhan Aset 4,43% Hingga November 2024 - kontan.co.id",0.6,6150.0,69528700,1
2024-12-05,BMRI.JK,"Bank Mandiri Kini Genggam 99,99% Saham MUF - Liputan6.com",0.0,6150.0,69528700,1
2024-12-04,BMRI.JK,"Bank Mandiri Kuasai 99,9% Saham Mandiri Utama Finance (MUF) - kontan.co.id",0.0,6375.0,75260000,0
2024-12-04,BMRI.JK,"Mandiri Utama Finance Umumkan Perubahan Struktur Kepemilikan Saham, Bank Mandiri Kini Genggam 99,99% - InvestorTrust",0.0,6375.0,75260000,0
2024-12-04,BMRI.JK,"Bank Mandiri Kini Kuasai 99,99 Persen Saham MUF - TopBusiness.id",0.0,6375.0,75260000,0
2024-12-03,BMRI.JK,"IHSG Terbang: Investor Asing Net Buy Rp2 T, Borong BBCA-BMRI - Market - Bloomberg Technoz",0.0,6275.0,99509800,1
2024-12-03,BMRI.JK,Sejarah Bicara 5 Saham Ini Suka Pesta Pora di Desember: BBRI-TLKM - CNBC Indonesia,0.0,6275.0,99509800,1
2024-12-03,BMRI.JK,"Fokus Pada Pembiayaan Kendaraan, Bank Mandiri Tambah Kepemilikan di Mandiri Utama Finance - Iconomics",0.0,6275.0,99509800,1
2024-12-02,BMRI.JK,"Perkuat Bisnis Perusahaan Anak, BMRI Lakukan Penyertaan Modal di Mandiri Utama Finance - pasardana.id",0.0,6000.0,114555300,1
2024-12-02,BMRI.JK,Empat Saham Bank Besar RI Melemah Saat Inflasi November Lesu - Market - Bloomberg Technoz,-0.6,6000.0,114555300,1
2024-11-29,BMRI.JK,"Terbebani Saham BMRI dan ADRO, IHSG Melemah 1,19% - Bloomberg Technoz",-0.6,6150.0,157628700,0
2024-11-29,BMRI.JK,"Auto Fast Auto Easy! Bank Mandiri Luncurkan Livin' Auto, Permudah Pengajuan Kredit Kendaraan Bermotor - InvestorTrust",0.0,6150.0,157628700,0
2024-11-26,BMRI.JK,Siasat BMRI Hadapi Pembatasan Kredit Sektor Batu Bara - Bloomberg Technoz,0.0,6400.0,107194300,1
2024-11-26,BMRI.JK,Sejarah Bicara IHSG Cemerlang di Desember: Tahun Ini Dibantu Prabowo? - CNBC Indonesia,0.6,6400.0,107194300,1
2024-11-25,BMRI.JK,"IHSG Sudah Bottom dan Berpotensi Rebound? Saham BBRI, BBCA, BMRI dan BBNI Siap Terbang - Bareksa.com",0.0,6575.0,183449100,0
2024-11-25,BMRI.JK,"BMRI Membuka Pekan dengan Naik Lebih dari 4% ke 6.575, Biasnya Masih Bearish - fxstreet-id.com",0.6,6575.0,183449100,0
2024-11-25,BMRI.JK,"Target Harga dan Rekomendasi Saham BBNI, BMRI, BBCA dan BBRI - Bloomberg Technoz",0.0,6575.0,183449100,0
2024-11-20,BMRI.JK,Mencermati Rekomendasi Saham Emiten Perbankan yang Harganya Masih Murah - kontan.co.id,0.0,6225.0,68707200,0
2024-11-18,BMRI.JK,"Harga Saham Blue Chip Ini Terus Melorot, Cek yang Layak Beli & Punya Prospek Cerah - TradingView",0.6,6325.0,77471700,0
2024-11-14,BMRI.JK,"Analis Prediksi Efek Trump ke Outflow Investor Asing Cuma Sementara, Ini Indikasinya - Infobanknews",0.0,6375.0,69750600,0
2024-11-12,BMRI.JK,"Masih Jadi yang Terbesar, Aset Bank Mandiri Capai Rp 2.324 T - CNBC Indonesia",0.0,6375.0,117281700,1
2024-11-07,BMRI.JK,"Trump Menang Tekan Saham Bank, Putusan The Fed Bisa Kerek BBRI, BBCA, BMRI dan BBNI? - Bareksa.com",0.0,6425.0,154758500,0
2024-11-05,BMRI.JK,"Sejumlah Emiten Dapat Dapat Kucuran Dana Perbankan, Simak Rekomendasi Sahamnya - TradingView",0.0,6925.0,88661200,0
2024-11-05,BMRI.JK,"Jhonlin Agro (JARR) Raih Fasilitas Kredit Investasi Rp 1,4 Triliun dari Bank Mandiri - kontan.co.id",0.0,6925.0,88661200,0
2024-11-04,BMRI.JK,"Dukung Perekonomian Lewat Digitalisasi, Bank Mandiri Sabet Gelar The Strongest Bank in Indonesia 2024 - Medcom.id",0.0,6750.0,80208800,1
2024-11-01,BMRI.JK,"3 Saham Big Bank Tumbang, Siapa yang Sudah Diskon Besar? - Mikir Duit",0.0,6650.0,101423100,1
2024-10-31,BMRI.JK,"BBRI, BMRI, BBNI, BBCA, Ini Dia Perbandingan Kinerja Bank Big 4 - Bloomberg Technoz",0.0,6700.0,126730700,0
2024-10-30,BMRI.JK,"Tertinggi, Kredit Bank Mandiri (BMRI) Melambung 20,8% - investor.id",0.0,6750.0,122132700,0
2024-10-29,BMRI.JK,Ada Pengumuman Penting dari BRI (BBRI) & Bank Mandiri (BMRI) Besok - CNBC Indonesia,0.0,6825.0,91268300,0
2024-10-28,BMRI.JK,"Stock Pick : IHSG Turun Lagi, Rekomendasi Saham Hari Ini MIDI, MAPA dan BMRI - Bareksa.com",-0.6,6825.0,114500800,0
2024-10-28,BMRI.JK,"Emiten CPO Haji Isam JARR Raih Fasilitas Kredit Rp1,4 Triliun dari Bank Mandiri - Bisnis.com",0.0,6825.0,114500800,0
2024-10-25,BMRI.JK,"Bank Mandiri Gandeng KWT BS Mekar Sari, Ubah Sampah Organik Jadi Sumber Daya Bernilai - Liputan6.com",0.0,7050.0,34637500,0
2024-10-24,BMRI.JK,"Prabowo akan Putihkan Utang UMKM, Ini Efeknya ke BBRI, BBNI, BMRI dan BBTN - Bareksa.com",0.0,6975.0,65877100,1
2024-10-21,BMRI.JK,"BMRI vs BBRI: Duel Saham Dua Raksasa Perbankan, Siapa Pemenangnya? - Pikiran Rakyat Padang - Pikiran Rakyat",0.0,7200.0,43056000,0
2024-10-18,BMRI.JK,Bank Mandiri (BMRI) Integrasikan Mobile Banking dan Layanan Investasi Saham di Livin' by Mandiri - SWA.co.id,0.0,7175.0,57379200,1
2024-10-18,BMRI.JK,Bank Mandiri tambah layanan investasi aplikasi Livin' by Mandiri - ANTARA News Gorontalo,0.0,7175.0,57379200,1
2024-10-18,BMRI.JK,"10 Saham yang Bagus Untuk Jangka Panjang, Pantau Terus Aplikasinya! - InvestasiKu",0.0,7175.0,57379200,1
2024-10-17,BMRI.JK,Bank Mandiri Luncurkan Fitur Investasi Saham di Aplikasi Livin' by Mandiri - TradingView,0.0,7225.0,90219900,0
2024-10-17,BMRI.JK,Kini Nasabah Bank Mandiri Bisa Jual-Beli Saham di Aplikasi Livin' - Kompas.com,-0.6,7225.0,90219900,0
2024-10-16,BMRI.JK,"MD Entertainment Kantongi Pinjaman Rp 794,75 Miliar untuk Akuisisi NETV - Liputan6.com",0.0,7000.0,133022500,1
2024-10-16,BMRI.JK,"Bank Mandiri Hadirkan Livin'poin untuk Nasabah, Wujud Nyata The Next Level Banking Experience! - Liputan6.com",0.0,7000.0,133022500,1
2024-10-14,BMRI.JK,"IHSG Hijau Efek Sri Mulyani akan Jabat Menkeu Lagi? BBRI, BRMS, BMRI hingga BBCA Jadi Saham Trending - Bareksa.com",0.0,6925.0,55885300,1
2024-10-10,BMRI.JK,"Growin’ Terintegrasi dengan Livin’, Nasabah Bank Mandiri Bisa Berinvestasi Saham Kapan Saja - InvestorTrust",0.0,6950.0,44291900,0
2024-10-10,BMRI.JK,"Perluas Akses Investasi, Kini Growin’ by Mandiri Sekuritas Hadir di Livin’ by Mandiri - Infobanknews",0.0,6950.0,44291900,0
2024-10-09,BMRI.JK,"Bos Bank Mandiri (BMRI) Beli 30 Ribu Saham, Untuk Apa? - SWA.co.id",0.0,6950.0,76515700,0
2024-10-09,BMRI.JK,Bank Mandiri Hadirkan 'Wajah Baru' Livin' by Mandiri - Tempo.co,0.0,6950.0,76515700,0
2024-10-08,BMRI.JK,"Bareksa Insight: Oktober Bulan Cuan? Simak Rekomendasi Saham BBRI, BMRI, BBCA, MYOR hingga SMRA - Bareksa.com",0.0,7075.0,132141500,0
2024-10-08,BMRI.JK,"Saham Bank BUMN Mendadak Terbang, BBRI ke Level Rp 5.025, Investor Asing Balik Masuk? - InvestorTrust",0.0,7075.0,132141500,0
2024-10-03,BMRI.JK,Sejarah dan Profil Singkat Bank Mandiri - Medcom.id,0.0,7050.0,86264900,0
2024-10-02,BMRI.JK,"Bos Bank Mandiri Tambah 150 Ribu Saham di BMRI, Kucurkan Dana Rp1,06 Miliar - SWA.co.id",0.0,6975.0,91076400,1
2024-10-02,BMRI.JK,"Hari Jadi Bank Mandiri ke-26, Kilas Balik Peleburan 4 Bank Pelat Merah - Tempo.co",0.0,6975.0,91076400,1
2024-10-01,BMRI.JK,"Saham Big Bank Koreksi, Kesempatan Cicil Beli Mulai Lagi? - CNBC Indonesia",0.0,7050.0,82690100,0
2024-09-30,BMRI.JK,"Saham BBRI, BBCA dan BMRI Kompak Turun, Begini Strategi Investasinya - Bareksa.com",-0.6,6925.0,166203500,1
2024-09-26,BMRI.JK,"Bobot Emiten Big Cap BREN, BBCA, BBRI, BMRI, TLKM, ASII ke IHSG Turun - kontan.co.id",-0.6,7175.0,173044000,0
2024-09-26,BMRI.JK,Tiga Saham Bank Ini Punya Bobot Terbesar pada IHSG - Pusat Data Kontan,0.0,7175.0,173044000,0
2024-09-23,BMRI.JK,"11 Bank Tebar Dividen, Bakal Lebih Gede di 2025 Karena BI Cut Rate? - CNBC Indonesia",0.6,7450.0,79675600,0
2024-09-23,BMRI.JK,"4 Bank Raksasa RI Punya Aset Rp 1.000 Triliun Lebih, Mandiri Juara! - CNBC Indonesia",0.0,7450.0,79675600,0
2024-09-19,BMRI.JK,Upaya Bank Mandiri Cegah Satu Juta Percobaan Pembobolan per Hari - Bloomberg Technoz,0.0,7400.0,124377800,0
2024-09-18,BMRI.JK,CUAN dan Anak Usaha Raih Fasilitas Kredit dari Bank Mandiri Sebesar Rp 700 Miliar - pasardana.id,0.0,7400.0,47279200,0
2024-09-12,BMRI.JK,"Kinerja Positif, Mirae Asset Sekuritas Rekomendasikan 2 Saham Bank Jumbo Ini - Infobanknews",0.6,7300.0,68254300,0
2024-09-11,BMRI.JK,Live Now! Dirut Bank Mandiri Beberkan Strategi Ekspansi Kredit - CNBC Indonesia,0.6,7375.0,91822300,0
2024-09-10,BMRI.JK,"Suku Bunga Segera Turun, Seberapa Menarik Saham Bank Mandiri? - CNBC Indonesia",-0.6,7250.0,73515700,1
2024-09-06,BMRI.JK,Bank Mandiri Buka Jam Berapa? Panduan Lengkap Jam Operasional dan Layanan di Akhir Pekan - Liputan6.com,0.0,7250.0,63619300,0
2024-09-05,BMRI.JK,Empat Saham Perbankan ini Masih Menarik hingga 2025 - KabarBursa.com,0.0,7175.0,59432000,1
2024-09-05,BMRI.JK,Ini Strategi Bank Mandiri Tingkatkan Sumber Daya Manusia - Liputan6.com,0.0,7175.0,59432000,1
2024-09-03,BMRI.JK,"IHSG Ditutup Melemah, Saham BMRI dan BRIS Dilego Asing - Sinar Harapan - Sinar Harapan",-0.6,7075.0,75100800,1
2024-09-03,BMRI.JK,"Simak Nih! Bocoran Dividen Bank Mandiri, BNI hingga BCA Tahun Buku 2024 - Infobanknews",0.6,7075.0,75100800,1
2024-09-03,BMRI.JK,Daftar 10 Aplikasi Saham Terbaik di Indonesia - Rekomendasi Aplikasi - Gramedia,0.0,7075.0,75100800,1
2024-08-30,BMRI.JK,"Ini Bocoran Dividen BBRI, BMRI, BBCA, dan BBNI Tahun Depan - CNBC Indonesia",0.6,7125.0,153760500,1
2024-08-28,BMRI.JK,"Rugikan Negara Rp55 Miliar, Polda Sulsel Bongkar Kasus Kredit Fiktif di Bank Pelat Merah - Liputan6.com",-0.6,7225.0,114606200,0
2024-08-27,BMRI.JK,Bank Mandiri (BMRI) Bocorkan Kisi-kisi Dividen Tahun Buku 2024 - Bloomberg Technoz,0.6,7025.0,91686700,1
2024-08-27,BMRI.JK,Bank Mandiri (BMRI) Ungkap Besaran Dividen untuk Tahun Depan - kumparan.com - Kumparan.com,0.6,7025.0,91686700,1
2024-08-22,BMRI.JK,BNI buka suara terkait rencana pelepasan saham BSI - ANTARA News,0.0,7050.0,157323000,0
2024-08-21,BMRI.JK,"Sudah Naik 20,25%, Saham Bank Mandiri (BMRI) Mendekati Rekor Tertinggi - CNBC Indonesia",0.6,7250.0,88487800,0
2024-08-21,BMRI.JK,"Dukung Perekonomian Nasional, Penyaluran Kredit Bank Mandiri ke Segmen UMKM Capai Rp127 Triliun di Kuartal II 2024 - Medcom.id",0.0,7250.0,88487800,0
2024-08-20,BMRI.JK,"Indeks BUMN20 Baru Ngebut Belakangan, Intip Saham-Saham Pelat Merah Pilihan - TradingView",0.0,7200.0,102615900,1
2024-08-20,BMRI.JK,"Mengenal Internet Mandiri Bisnis, Ketahui Cara Daftar dan Transaksinya - Liputan6.com",0.0,7200.0,102615900,1
2024-08-19,BMRI.JK,"Target dan Rekomendasi Saham BBRI, BBCA, BMRI, dan BBNI - Bloomberg Technoz",0.0,7150.0,50246100,1
2024-08-16,BMRI.JK,"Sambut HUT ke-79 RI, Bank Mandiri Gandeng Ilustrator Lokal Garap Desain Branding - Liputan6.com",0.0,7075.0,64266400,1
2024-08-14,BMRI.JK,"19 BUMN Masuk Daftar Fortune Indonesia 100, BMRI Hingga TLKM Masuk 10 Besar! - Sinar Harapan - Sinar Harapan",0.0,7075.0,97695100,0
2024-08-13,BMRI.JK,"Implementasi Prinsip ESG, Bank Mandiri Tanamkan Budaya Berkelanjutan di Lingkungan Kerja - Infobanknews",0.0,7000.0,68666000,1
2024-08-06,BMRI.JK,"Realisasi Laba Sesuai Estimasi, Begini Target Saham Bank Syariah (BRIS) - InvestorTrust",0.6,6625.0,95785000,1
2024-08-06,BMRI.JK,"Hari Ini, Mandiri Sekuritas Rekomendasi Saham ANTM, PTPP, dan UNIQ - InvestorTrust",0.0,6625.0,95785000,1
2024-08-05,BMRI.JK,"Pasar Tunggu Rilis Data Ekonomi, BMRI, BBNI, BRIS, BBRI Bisa Diamankan - Emitennews.com",0.0,6575.0,184384000,1
2024-08-01,BMRI.JK,"Kinerja Bank Mandiri di Kuartal II 2024 Ciamik, Begini Prospek Saham BMRI - Bareksa.com",0.6,6750.0,163086200,1
2024-08-01,BMRI.JK,Saham Bank Mandiri Melonjak Nyaris 4% Usai Rilis Kinerja Q2 2024 - CNBC Indonesia,0.0,6750.0,163086200,1
2024-08-01,BMRI.JK,"Setelah Jual Inhealth Rp 1,71 Triliun, Ini Strategi Bank Mandiri - CNBC Indonesia",-0.6,6750.0,163086200,1
2024-08-01,BMRI.JK,"Mandiri Inhealth Dicaplok IFG Life, Porsi Kepemilikan Bank Mandiri Tinggal 20 Persen - Kompas.com",0.0,6750.0,163086200,1
2024-07-26,BMRI.JK,Bank Mandiri Hadirkan Mandiri Lippo Malls Card dan Solusi Valuta Asing di Event Mandiri Travel Deals - Liputan6.com,0.0,6550.0,76519500,0
2024-07-26,BMRI.JK,"Biaya Admin Mandiri Kartu Debit dan Kredit, Hemat Biaya Tanpa Kurangi Layanan - Liputan6.com",0.0,6550.0,76519500,0
2024-07-24,BMRI.JK,"Dukung Ekosistem Kendaraan Listrik, Bank Mandiri Tambah Jumlah SPKLU di Plaza Mandiri - Liputan6.com",0.0,6475.0,63940900,1
2024-07-19,BMRI.JK,"Inilah Daftar Bank Terbaik di Indonesia 2024 versi Euromoney, Siapa Teratas? - Liputan6.com",0.0,6525.0,63165500,1
2024-07-16,BMRI.JK,Bagaimana Cara Beli Saham Bank Mandiri (BMRI)? - Ajaib,0.0,6350.0,64687900,1
2024-07-16,BMRI.JK,Bank Mandiri Diserbu Investor Raksasa Amerika - Irlandia: Siapa Saja? - CNBC Indonesia,0.0,6350.0,64687900,1
2024-07-10,BMRI.JK,"Lonjakan Transaksi Tak Wajar, Bank Mandiri Telusuri Rekening Nasabah Terlibat Judi Online - Liputan6.com",0.0,6375.0,59685300,1
2024-07-09,BMRI.JK,"Saham BBRI, BBNI dan BMRI Melesat Diborong Investor, Ini Penyebab dan Antrian Harganya - Bareksa.com",0.0,6375.0,84177600,0
2024-07-09,BMRI.JK,"Crazy Rich Hermanto Tanoko Serok Saham BBRI, BMRI, BBNI Usai Lego BDMN - CNBC Indonesia",0.0,6375.0,84177600,0
2024-07-09,BMRI.JK,3 Langkah Bank Mandiri Identifikasi Rekening yang Dipakai Judi Online - Liputan6.com,0.0,6375.0,84177600,0
2024-07-04,BMRI.JK,"IHSG Berpotensi Naik di Juli-Agustus, Seberapa Cerah Prospek Saham BBRI, BMRI, BBNI dan BBCA? - Bareksa.com",0.6,6250.0,90147800,1
2024-07-04,BMRI.JK,"7 Jenis Kartu Debit Mandiri, Ketahui Perbedaan Layanan dan Limitnya - Liputan6.com",0.0,6250.0,90147800,1
2024-07-03,BMRI.JK,"Berkat Inovasi, Kopra by Mandiri Jadi Market Leader di Bisnis Solusi Korporasi - Liputan6.com",0.0,6225.0,70017100,1
2024-07-03,BMRI.JK,"Minimal Saldo Mandiri Cukup Rendah dan Bervariasi, Mulai dari 5 Ribu Rupiah - Liputan6.com",0.0,6225.0,70017100,1
2024-07-02,BMRI.JK,Bank Mandiri Ungkap Alasan Lepas 600.000 Saham Mandiri Inhealth ke IFG - CNBC Indonesia,0.0,6200.0,159356600,1
2024-07-01,BMRI.JK,"Mulai Diborong Asing, 5 Saham Bank Himbara Bangkit - CNBC Indonesia",0.0,6250.0,100408200,0
2024-07-01,BMRI.JK,"Profil Dirut Bank Mandiri Darmawan Junaidi: dari Credit Recovery, Jagoan Treasury Hingga jadi Bos BMRI - The Econopost",0.0,6250.0,100408200,0
2024-06-28,BMRI.JK,"🏦 BMRI 5M24: Laba Bersih 5M24 +6,4% YoY, Beban Provisi Turun - Stockbit Snips",-0.6,6150.0,191371600,1
2024-06-28,BMRI.JK,"Saham Bank Raksasa Tancap Gas: BRI, BNI, Mandiri & BCA Siapa Juara? - CNBC Indonesia",0.0,6150.0,191371600,1
2024-06-28,BMRI.JK,"Semester I-2024, Kinerja IHSG Juara 2 dari Bawah di ASEAN - Bloomberg Technoz",0.0,6150.0,191371600,1
2024-06-28,BMRI.JK,"Livin' by Mandiri akan Punya Program Baru pada Awal Kuartal III 2024, Apa Itu? - Liputan6.com",0.0,6150.0,191371600,1
2024-06-27,BMRI.JK,"Bank Mandiri Divestasi Saham Mandiri Inhealth ke IFG Life Senilai Rp 1,71 T - kumparan.com - Kumparan.com",0.0,6000.0,117602400,1
2024-06-27,BMRI.JK,"Akuisisi 80% Saham Mandiri Inhealth, IFG Life Fokus ke Digital - Marketing.co.id",0.0,6000.0,117602400,1
2024-06-27,BMRI.JK,"Profil Eko Virgianto, Direktur Kepatuhan Bank Banten (IDX: BEKS) dari Bank Mandiri - The Econopost",0.0,6000.0,117602400,1
2024-06-26,BMRI.JK,"Tren Koreksi Saham Penghuni LQ45-MSCI, dari BMRI hingga GOTO - CNBC Indonesia",0.0,5850.0,92895700,1
2024-06-26,BMRI.JK,IFG Life Resmi Akuisisi 80 Persen Saham Mandiri Inhealth - Infobanknews,0.0,5850.0,92895700,1
2024-06-26,BMRI.JK,IFG Life Tuntaskan Akuisisi 80% Saham Mandiri Inhealth - InvestorTrust,0.0,5850.0,92895700,1
2024-06-26,BMRI.JK,IFG Life Akuisisi 80% Saham Mandiri Inhealth - Liputan6.com,0.0,5850.0,92895700,1
2024-06-21,BMRI.JK,"Petaka Anjloknya Saham Big Bank Pada 2015, Mirip Kayak 2024? - Mikir Duit",-0.6,6125.0,184240600,0
2024-06-20,BMRI.JK,"BSI Cairkan Dividen Tunai Rp855,56 Miliar 20 Juni 2024 - Bank Syariah Indonesia",0.6,5950.0,82660000,1
2024-06-14,BMRI.JK,"Rupiah Jebol, Saham BBRI Rekor Terendah Sejak 2022 - Bloomberg Technoz",0.6,5750.0,203241500,0
2024-06-14,BMRI.JK,"BSI (BRIS) Cairkan Dividen Rp855,56 Miliar pada 20 Juni, BMRI, BBNI dan BBRI Dapat Segini - Bareksa.com",0.6,5750.0,203241500,0
2024-06-10,BMRI.JK,Deretan Saham Bank Big Caps yang Memiliki Valuasi Terdiskon - CNBC Indonesia,0.0,6275.0,80154400,0
2024-06-04,BMRI.JK,"IHSG Diprediksi Menguat, Intip 4 Rekomendasi Saham Berikut - Infobanknews",0.6,6150.0,137800600,0
2024-06-04,BMRI.JK,Membaca Sinyal Bottoming dari Rebound Saham 'Big Banks' - KabarBursa.com,0.0,6150.0,137800600,0
2024-06-03,BMRI.JK,"Saham Bank Jumbo BRI BCA Mandiri Rebound, Lanjut Naik Nggak Nih? - CNBC Indonesia",0.6,6100.0,92525600,1
2024-06-03,BMRI.JK,"5 Saham Bank Raksasa Bangkit, Bantu IHSG Balik ke 7.000 - CNBC Indonesia",0.0,6100.0,92525600,1
2024-06-03,BMRI.JK,Bank Mandiri Bentuk Kredit Sindikasi dengan Limit US$ 845 Juta pada Kuartal I-2024 - kontan.co.id,0.0,6100.0,92525600,1
2024-05-30,BMRI.JK,"Valuasi Saham Perbankan Big Caps Setelah Harganya Ambruk, Makin Murah? - CNBC Indonesia",-0.6,5875.0,236632600,1
2024-05-29,BMRI.JK,Harga Wajar Saham BMRI Update Kuartal 1 2024 - PintarSaham,0.0,5800.0,169386300,1
2024-05-20,BMRI.JK,"Mau Pensiun dari Duit Dividen Bank, Berapa Modalnya? - CNBC Indonesia",0.6,6325.0,168796000,0
2024-05-17,BMRI.JK,"20 Daftar Swift Code BRI, Bank Mandiri, BCA dan Bank Lain di RI - Liputan6.com",0.0,6575.0,133153900,0
2024-05-15,BMRI.JK,Cek Fakta: Hoaks Program Undian Uang Rp 1 Miliar dari Bank Mandiri - Liputan6.com,0.0,6375.0,80923000,0
2024-05-08,BMRI.JK,Ini Alasan Investasi Reksa Dana Saham Tidak Direkomendasikan - Tempo.co,0.0,6275.0,117065300,0
2024-05-07,BMRI.JK,"Saham BBRI Oversold , Tahan Atau Beli? - Bloomberg Technoz",0.0,6275.0,130410300,0
2024-05-07,BMRI.JK,Ketidakpastian Global dan Perlambatan Kinerja Bikin Saham Bank Himbara Amblas - Kompas.id,-0.6,6275.0,130410300,0
2024-05-03,BMRI.JK,Kalo Bank Mandiri dan BRI sahamnya dimiliki asing sama saja menjual negara Indonesia ke asing DALAM JEBAKAN HUTANG (DEBT TRAPT) - Energy World Indonesia,-0.6,6150.0,269305400,1
2024-05-02,BMRI.JK,"IHSG Sesi I Terguncang, BMRI dan BBNI jadi Saham Bank Jumbo Terboncos - TrenAsia",0.0,6325.0,501849300,0
2024-05-02,BMRI.JK,"Mengenal Mandiri Internet Bisnis, Begini Cara Registrasinya - Liputan6.com",0.0,6325.0,501849300,0
2024-04-30,BMRI.JK,"Menutup Kuartal I-2024, Laba Bersih Bank Mandiri Tumbuh 1,13% - kontan.co.id",0.6,6900.0,189991300,0
2024-04-30,BMRI.JK,Paparan Kinerja Bank Mandiri Triwulan I 2024 - RM.ID,0.0,6900.0,189991300,0
2024-04-30,BMRI.JK,Bank Mandiri soal ADIB Investor Baru BSI: Kami akan Tetap Jadi Mayoritas - kumparan.com - Kumparan.com,0.0,6900.0,189991300,0
2024-04-26,BMRI.JK,Weekly Watchlist: Saham-Saham Sektor Perbankan Sepekan (22-26 April 2024) - Ajaib,0.0,6750.0,125875000,1
2024-04-26,BMRI.JK,30+ Saham Blue Chip 2024 LQ45 Terbaik di Indonesia - Bizhare,0.0,6750.0,125875000,1
2024-04-25,BMRI.JK,"Kinerja Awal 2024 Cemerlang, Bank Mandiri Taspen Resmi Naik Kelas - Liputan6.com",0.6,6950.0,111803500,0
2024-04-19,BMRI.JK,"Abu Dhabi Islamic Bank Mau Caplok 15 Persen Saham BSI, Bos BNI Bilang Begini - Infobanknews",0.0,6725.0,47943300,0
2024-04-18,BMRI.JK,"IHSG Rebound, Saham Bank Mandiri (BMRI) Lompat 2,6% dan Nilai Transaksinya Segini - Bareksa.com",0.0,6800.0,106893900,0
2024-04-18,BMRI.JK,Abu Dhabi Islamic Bank Kasih Sinyal Kuat Mau Beli 15% Saham BSI (BRIS) - CNBC Indonesia,0.0,6800.0,106893900,0
2024-04-05,BMRI.JK,"10 Perusahaan Paling Berharga di ASEAN, Bank BCA - BRI Jadi Juara! - CNBC Indonesia",0.0,6825.0,46111500,0
2024-04-03,BMRI.JK,"Outflow Dana Asing Saham Bank Jumbo Capai Rp1,7 Triliun, IHSG Makin ‘Boncos’ - Infobanknews",0.0,6775.0,115372600,1
2024-04-03,BMRI.JK,"Saham Big Bank Koreksi, Mana yang Sudah Murah? - Mikir Duit",0.0,6775.0,115372600,1
2024-04-03,BMRI.JK,Gak Usah Bingung! Ini Penyebab Saham Perbankan Raksasa RI Rontok - CNBC Indonesia,0.0,6775.0,115372600,1
2024-04-03,BMRI.JK,Grup Chandra Asri Kantongi Pinjaman Rp 4 Triliun dari Bank Mandiri - Liputan6.com,0.0,6775.0,115372600,1
2024-04-02,BMRI.JK,Cek Fakta: Tidak Benar Pendaftaran Undian Berhadiah Bank Mandiri - Liputan6.com,0.0,6900.0,135764900,0
2024-04-01,BMRI.JK,Banking — Unboxing 👀 📊 💵 — Stockbit Snips | Berita Saham - Stockbit Snips,0.0,6900.0,158358600,0
2024-04-01,BMRI.JK,"IHSG Diproyeksi Melemah di Awal April, Cek Rekomendasi Saham Berikut - Infobanknews",-0.6,6900.0,158358600,0
2024-04-01,BMRI.JK,"Investor Asing Mudik, Saham Bank Besar Ini Tertekan - Bareksa.com",0.0,6900.0,158358600,0
2024-03-27,BMRI.JK,"Mau Dapat Dividen Rp5 Juta/Bulan dari Big Bank, Harus Modal Berapa? - CNBC Indonesia",0.6,7175.0,46295700,1
2024-03-20,BMRI.JK,"Cuan Reksadana Saham HPAM dan Avrist Melesat, Koleksi BBRI, BMRI, hingga ACES - Bareksa.com",0.0,7050.0,83416700,0
2024-03-19,BMRI.JK,"Hari Ini Cum Date Dividen, Saham BMRI Melesat ke Rp 7.325 - CNBC Indonesia",0.6,7275.0,100836600,0
2024-03-19,BMRI.JK,"Dividen Besar Bank Jumbo BBRI, BMRI, BBCA dan BBNI - Bisnis.com",0.6,7275.0,100836600,0
2024-03-18,BMRI.JK,"Usai Pesta Dividen Emiten Bank, Saham Berikut Ini Berpotensi Bagi Yield Tinggi - TradingView",0.6,7175.0,105778200,1
2024-03-18,BMRI.JK,"Perlu Diamati, ini Saham dengan Yield Deviden Tinggi - KabarBursa.com",0.0,7175.0,105778200,1
2024-03-18,BMRI.JK,Ingin Dapat Dividen Bank Mandiri? Catat Batas Terakhir Koleksi Saham BMRI - Kompas.com,0.6,7175.0,105778200,1
2024-03-18,BMRI.JK,Sikap BlackRock hingga Goldman Sachs untuk Saham 4 Bank Besar RI - Bloomberg Technoz,0.0,7175.0,105778200,1
2024-03-15,BMRI.JK,"Gokil! Saham Bank Mandiri Belum Rehat Cetak Rekor, Tembus Rp 7.500 - CNBC Indonesia",0.6,7400.0,250581100,0
2024-03-15,BMRI.JK,"BCA, BRI, Mandiri, dan BNI Bagi THR Dividen saat Ramadan, Siapa Terbesar? - Bisnis.com",0.6,7400.0,250581100,0
2024-03-14,BMRI.JK,FAC Sekuritas - FAC Sekuritas,0.0,7400.0,161193000,0
2024-03-14,BMRI.JK,"Saham Bank Mandiri (BMRI) Pecah Rekor ke Rp7.400, Market Cap Tembus Rp690 Triliun - Bisnis.com",0.6,7400.0,161193000,0
2024-03-13,BMRI.JK,"Ini Jadwal Pembayaran Dividen Bank Mandiri (BMRI) Total Rp 33,06 Triliun - kontan.co.id",0.6,7275.0,126022700,1
2024-03-13,BMRI.JK,"Cum Date Dividen Bank Mandiri (BMRI) Pekan Depan, Simak Jadwal THR Masuk Rekening - Bisnis.com",0.6,7275.0,126022700,1
2024-03-13,BMRI.JK,"Catat Jadwal Cum Date BBNI, BBTN dan BMRI Selama Ramadan 2024 - Bisnis.com",0.0,7275.0,126022700,1
2024-03-08,BMRI.JK,"Bank Mandiri Gelar RUPS, Ini Hasilnya - Aspek.id",0.0,7125.0,109032400,1
2024-03-08,BMRI.JK,"Profil Zainudin Amali, Politikus Golkar dan Waketum PSSI yang Ditunjuk jadi Wakil Komisaris Utama Bank Mandiri - Tempo.co",0.0,7125.0,109032400,1
2024-03-08,BMRI.JK,Memotret Posisi Direksi dan Komisaris Baru Bank Anggota Himbara - TradingView,0.0,7125.0,109032400,1
2024-03-08,BMRI.JK,"Erick Thohir Rombak Direksi dan Komisaris Bank Mandiri, Eks Menpora Zainudin Amali jadi Wakil Komut - Tempo.co",0.0,7125.0,109032400,1
2024-03-08,BMRI.JK,"Erick Thohir Angkat Eks Menpora Zainudin Amali sebagai Wakil Komisaris Utama Bank Mandiri, Ini Profilnya - Tempo.co",0.0,7125.0,109032400,1
2024-03-07,BMRI.JK,"Bank Mandiri (BMRI) Bahas Laba, Berikut Riwayat Dividennya - Indo Premier Sekuritas",0.6,7100.0,94950400,1
2024-03-07,BMRI.JK,Intip 4 Fokus Bank Mandiri (BMRI) - Bareksa.com,0.0,7100.0,94950400,1
2024-03-07,BMRI.JK,"Bank Mandiri Tebar Dividen 60% dari Perolehan Laba 2023: Rp 353,95 per Saham - kumparan.com - Kumparan.com",0.6,7100.0,94950400,1
2024-03-07,BMRI.JK,"Saham Bank Besar BBCA, BBRI, BMRI Dibuka Loncat, Siap Ikut Borong atau Jual? - Bareksa.com",-0.6,7100.0,94950400,1
2024-03-07,BMRI.JK,"Bank Mandiri (BMRI) Bagikan Dividen, Negara Terima Rp17 T - Bloomberg Technoz",0.6,7100.0,94950400,1
2024-03-07,BMRI.JK,"Naik Jabatan, Mantan Menpora Zainudin Amali Jadi Wakil Komisaris Utama Bank Mandiri - kontan.co.id",0.6,7100.0,94950400,1
2024-03-07,BMRI.JK,"RUPST Bank Mandiri Rombak Pengurus, Ini Susunan Komisaris dan Direksi Terbarunya - Infobanknews",0.0,7100.0,94950400,1
2024-03-07,BMRI.JK,Hasil RUPS Bank Mandiri: Danis & Totok Naik Jabatan Jadi Direktur - CNBC Indonesia,0.6,7100.0,94950400,1
2024-03-07,BMRI.JK,"Bank Mandiri Tebar Dividen Rp33,03 Triliun, 60 Persen dari Laba Bersih 2023 - VOI.ID",0.6,7100.0,94950400,1
2024-03-07,BMRI.JK,Hasil RUPS: Direksi-Komisaris Bank Mandiri Dirombak Besar-besaran - economy.okezone.com,0.0,7100.0,94950400,1
2024-03-07,BMRI.JK,Direksi dan Komisaris Bank Mandiri Terbaru 2024 - infonews.id,0.0,7100.0,94950400,1
2024-03-05,BMRI.JK,"Siap-siap Tebar Dividen Jumbo Big Banks, Segini Jumlahnya! - CNBC Indonesia",0.6,7025.0,92557200,1
2024-02-29,BMRI.JK,Ini Kata Bos Bank Mandiri (BMRI) Soal Potensi Akuisisi Bank Digital - CNBC Indonesia,0.0,7000.0,150713600,1
2024-02-23,BMRI.JK,"Melirik Saham-Saham Defensif yang Jadi Incaran Investor, Cermati Saham Berikut - TradingView",0.0,7050.0,109404700,0
2024-02-21,BMRI.JK,Divestasi Saham BRIS Ditargetkan Rampung Sebelum Oktober - Bloomberg Technoz,0.0,7250.0,128063900,0
2024-02-16,BMRI.JK,"Reksadana Sucor dan Eastspring Melesat saat IHSG Reli, Pegang Saham SMRA, BMRI, dan ICBP - Bareksa.com",0.0,7200.0,142022100,0
2024-02-12,BMRI.JK,Saham Bank Mandiri (BMRI) Kembali Cetak Rekor Baru di Rp 7.200 - CNBC Indonesia,0.6,7100.0,162771300,0
2024-02-12,BMRI.JK,"Hari Ini, BRI Pecahkan Rekor Harga Saham Tertinggi - CNN Indonesia",0.6,7100.0,162771300,0
2024-02-06,BMRI.JK,"4 Saham Bank Himbara Menguat Berjamaah, Otw Rekor Lagi? - CNBC Indonesia",0.6,6850.0,90146000,1
2024-02-06,BMRI.JK,"Saham Bank Besar Dominasi Top 10 Movers IHSG Sejak Awal 2024, Ini Pilihan Analis - kontan.co.id",0.0,6850.0,90146000,1
2024-02-05,BMRI.JK,"Gara-Gara Ini, Harga Saham Bank Mandiri Tembus Rekor Tertinggi ke Level Rp6.900 - Infobanknews",0.6,6825.0,150535100,1
2024-02-02,BMRI.JK,Ini Dampak Digitalisasi bagi Bank Mandiri - SWA.co.id,0.0,6675.0,120116200,1
2024-02-01,BMRI.JK,"Profil Siddik Badruddin, Bos Baru Pertamina Punya 8,7 Juta Saham BMRI - CNBC Indonesia",0.0,6550.0,168145800,1
2024-02-01,BMRI.JK,Rekor Baru! Laba Bank Mandiri (BMRI) Tembus Rp55 Triliun! - Sinar Harapan - Sinar Harapan,0.6,6550.0,168145800,1
2024-02-01,BMRI.JK,"Profil Siddik Badruddin, Direktur Mandiri yang Masuk Jajaran Petinggi Pertamina - Bisnis.com",0.0,6550.0,168145800,1
2024-01-16,BMRI.JK,"Gerak Saham BBCA, BMRI, BBRI, & BBNI jelang Pengumuman BI Rate - Bisnis.com",0.0,6525.0,83516800,0
2024-01-12,BMRI.JK,"JCI Strengthens Again At The Beginning Of Today's Trade, BMRI And UNTR Shares Soar Up - VOI.ID",0.0,6575.0,114039700,0
2024-01-10,BMRI.JK,"Gandeng Mandiri Sekuritas, BSI Siap Gaet Satu Juta Investor Saham Syariah - Suara Investor",0.0,6425.0,50019800,1
2024-01-09,BMRI.JK,"Market Cap BCA, BRI, Mandiri, dan BNI saat Saham Bank Pecah Rekor, BBCA Teratas - Bisnis.com",0.6,6375.0,77953400,1
2024-01-05,BMRI.JK,Saham Bank Mandiri (BMRI) Cetak Rekor Lagi di Rp 6.425 - CNBC Indonesia,0.6,6425.0,114339400,0
2024-01-05,BMRI.JK,Cek! Adu Rekor Saham Bank Raksasa di Indonesia - CNBC Indonesia,0.6,6425.0,114339400,0
2024-01-04,BMRI.JK,Sejumlah Emiten Perbankan Ini Beri Sinyal Tebar Dividen dan Rekomendasi Analis - TradingView,0.6,6350.0,135344500,1
2024-01-04,BMRI.JK,"Investor Asing Net Buy Rp1,3 Triliun, Borong Saham BMRI-BBCA - Bisnis.com",0.0,6350.0,135344500,1
2024-01-04,BMRI.JK,"Saham Bank Jumbo (BMRI, BBCA, BBRI, BBNI) All Time High, Cek Rekomendasinya! - Bisnis.com",0.0,6350.0,135344500,1
2024-01-02,BMRI.JK,"Harga Saham Bank Jumbo (BBRI, BMRI, BBCA, BBNI) saat IHSG All Time High - Bisnis.com",0.0,6125.0,26235700,0
